Disease,Symptom_1,Symptom_2,Symptom_3,Symptom_4,Symptom_5,Symptom_6,Symptom_7,Symptom_8,Symptom_9,Symptom_10,Symptom_11,Symptom_12,Symptom_13,Symptom_14,Symptom_15,Symptom_16,Symptom_17
Infeção Fúngica,comichão,erupção_cutânea,erupções_cutâneas_nodulares,manchas_discrómicas,,,,,,,,,,,,,
Infeção Fúngica,erupção_cutânea,erupções_cutâneas_nodulares,manchas_discrómicas,,,,,,,,,,,,,,
Infeção Fúngica,comichão,erupções_cutâneas_nodulares,manchas_discrómicas,,,,,,,,,,,,,,
Infeção Fúngica,comichão,erupção_cutânea,manchas_discrómicas,,,,,,,,,,,,,,
Infeção Fúngica,comichão,erupção_cutânea,erupções_cutâneas_nodulares,,,,,,,,,,,,,,
Infeção Fúngica,erupção_cutânea,erupções_cutâneas_nodulares,manchas_discrómicas,,,,,,,,,,,,,,
Infeção Fúngica,comichão,erupções_cutâneas_nodulares,manchas_discrómicas,,,,,,,,,,,,,,
Infeção Fúngica,comichão,erupção_cutânea,manchas_discrómicas,,,,,,,,,,,,,,
Infeção Fúngica,comichão,erupção_cutânea,erupções_cutâneas_nodulares,,,,,,,,,,,,,,
Infeção Fúngica,comichão,erupção_cutânea,erupções_cutâneas_nodulares,manchas_discrómicas,,,,,,,,,,,,,
Alergia,espirros_contínuos,tremores,arrepios,lacrimejo,,,,,,,,,,,,,
Alergia,tremores,arrepios,lacrimejo,,,,,,,,,,,,,,
Alergia,espirros_contínuos,arrepios,lacrimejo,,,,,,,,,,,,,,
Alergia,espirros_contínuos,tremores,lacrimejo,,,,,,,,,,,,,,
Alergia,espirros_contínuos,tremores,arrepios,,,,,,,,,,,,,,
Alergia,tremores,arrepios,lacrimejo,,,,,,,,,,,,,,
Alergia,espirros_contínuos,arrepios,lacrimejo,,,,,,,,,,,,,,
Alergia,espirros_contínuos,tremores,lacrimejo,,,,,,,,,,,,,,
Alergia,espirros_contínuos,tremores,arrepios,,,,,,,,,,,,,,
Alergia,espirros_contínuos,tremores,arrepios,lacrimejo,,,,,,,,,,,,,
DRGE,dor_de_estômago,acidez,úlceras_na_língua,vómitos,tosse,dor_no_peito,,,,,,,,,,,
DRGE,dor_de_estômago,úlceras_na_língua,vómitos,tosse,dor_no_peito,,,,,,,,,,,,
DRGE,dor_de_estômago,acidez,vómitos,tosse,dor_no_peito,,,,,,,,,,,,
DRGE,dor_de_estômago,acidez,úlceras_na_língua,tosse,dor_no_peito,,,,,,,,,,,,
DRGE,dor_de_estômago,acidez,úlceras_na_língua,vómitos,dor_no_peito,,,,,,,,,,,,
DRGE,dor_de_estômago,acidez,úlceras_na_língua,vómitos,tosse,,,,,,,,,,,,
DRGE,acidez,úlceras_na_língua,vómitos,tosse,dor_no_peito,,,,,,,,,,,,
DRGE,dor_de_estômago,úlceras_na_língua,vómitos,tosse,dor_no_peito,,,,,,,,,,,,
DRGE,dor_de_estômago,acidez,vómitos,tosse,dor_no_peito,,,,,,,,,,,,
DRGE,dor_de_estômago,acidez,úlceras_na_língua,tosse,dor_no_peito,,,,,,,,,,,,
Colestase Crónica,comichão,vómitos,pele_amarelada,náuseas,perda_de_apetite,dor_abdominal,amarelecimento_dos_olhos,,,,,,,,,,
Colestase Crónica,vómitos,pele_amarelada,náuseas,perda_de_apetite,dor_abdominal,amarelecimento_dos_olhos,,,,,,,,,,,
Colestase Crónica,comichão,pele_amarelada,náuseas,perda_de_apetite,dor_abdominal,amarelecimento_dos_olhos,,,,,,,,,,,
Colestase Crónica,comichão,vómitos,náuseas,perda_de_apetite,dor_abdominal,amarelecimento_dos_olhos,,,,,,,,,,,
Colestase Crónica,comichão,vómitos,pele_amarelada,perda_de_apetite,dor_abdominal,amarelecimento_dos_olhos,,,,,,,,,,,
Colestase Crónica,comichão,vómitos,pele_amarelada,náuseas,dor_abdominal,amarelecimento_dos_olhos,,,,,,,,,,,
Colestase Crónica,comichão,vómitos,pele_amarelada,náuseas,perda_de_apetite,amarelecimento_dos_olhos,,,,,,,,,,,
Colestase Crónica,comichão,vómitos,pele_amarelada,náuseas,perda_de_apetite,dor_abdominal,,,,,,,,,,,
Colestase Crónica,comichão,vómitos,pele_amarelada,náuseas,perda_de_apetite,dor_abdominal,amarelecimento_dos_olhos,,,,,,,,,,
Colestase Crónica,comichão,vómitos,pele_amarelada,náuseas,perda_de_apetite,dor_abdominal,amarelecimento_dos_olhos,,,,,,,,,,
Reação a Medicamentos,comichão,erupção_cutânea,dor_de_estômago,micção_ardente,perdas_urinárias,,,,,,,,,,,,
Reação a Medicamentos,comichão,dor_de_estômago,micção_ardente,perdas_urinárias,,,,,,,,,,,,,
Reação a Medicamentos,comichão,erupção_cutânea,micção_ardente,perdas_urinárias,,,,,,,,,,,,,
Reação a Medicamentos,comichão,erupção_cutânea,dor_de_estômago,perdas_urinárias,,,,,,,,,,,,,
Reação a Medicamentos,comichão,erupção_cutânea,dor_de_estômago,micção_ardente,,,,,,,,,,,,,
Reação a Medicamentos,erupção_cutânea,dor_de_estômago,micção_ardente,perdas_urinárias,,,,,,,,,,,,,
Reação a Medicamentos,comichão,dor_de_estômago,micção_ardente,perdas_urinárias,,,,,,,,,,,,,
Reação a Medicamentos,comichão,erupção_cutânea,micção_ardente,perdas_urinárias,,,,,,,,,,,,,
Reação a Medicamentos,comichão,erupção_cutânea,dor_de_estômago,perdas_urinárias,,,,,,,,,,,,,
Reação a Medicamentos,comichão,erupção_cutânea,dor_de_estômago,micção_ardente,,,,,,,,,,,,,
Úlcera Péptica,vómitos,perda_de_apetite,dor_abdominal,passagem_de_gases,comichão_interna,,,,,,,,,,,,
Úlcera Péptica,vómitos,indigestão,dor_abdominal,passagem_de_gases,comichão_interna,,,,,,,,,,,,
Úlcera Péptica,indigestão,perda_de_apetite,dor_abdominal,passagem_de_gases,comichão_interna,,,,,,,,,,,,
Úlcera Péptica,vómitos,perda_de_apetite,dor_abdominal,passagem_de_gases,comichão_interna,,,,,,,,,,,,
Úlcera Péptica,vómitos,indigestão,dor_abdominal,passagem_de_gases,comichão_interna,,,,,,,,,,,,
Úlcera Péptica,vómitos,indigestão,perda_de_apetite,passagem_de_gases,comichão_interna,,,,,,,,,,,,
Úlcera Péptica,vómitos,indigestão,perda_de_apetite,dor_abdominal,comichão_interna,,,,,,,,,,,,
Úlcera Péptica,vómitos,indigestão,perda_de_apetite,dor_abdominal,passagem_de_gases,,,,,,,,,,,,
Úlcera Péptica,vómitos,indigestão,perda_de_apetite,dor_abdominal,passagem_de_gases,comichão_interna,,,,,,,,,,,
Úlcera Péptica,vómitos,indigestão,perda_de_apetite,dor_abdominal,passagem_de_gases,comichão_interna,,,,,,,,,,,
SIDA,atrofia_muscular,manchas_na_garganta,febre_alta,contactos_extraconjugais,,,,,,,,,,,,,
SIDA,manchas_na_garganta,febre_alta,contactos_extraconjugais,,,,,,,,,,,,,,
SIDA,atrofia_muscular,febre_alta,contactos_extraconjugais,,,,,,,,,,,,,,
SIDA,atrofia_muscular,manchas_na_garganta,contactos_extraconjugais,,,,,,,,,,,,,,
SIDA,atrofia_muscular,manchas_na_garganta,febre_alta,,,,,,,,,,,,,,
SIDA,atrofia_muscular,manchas_na_garganta,febre_alta,contactos_extraconjugais,,,,,,,,,,,,,
SIDA,atrofia_muscular,manchas_na_garganta,febre_alta,contactos_extraconjugais,,,,,,,,,,,,,
SIDA,manchas_na_garganta,febre_alta,contactos_extraconjugais,,,,,,,,,,,,,,
SIDA,atrofia_muscular,febre_alta,contactos_extraconjugais,,,,,,,,,,,,,,
SIDA,atrofia_muscular,manchas_na_garganta,febre_alta,,,,,,,,,,,,,,
Diabetes,fadiga,perda_de_peso,agitação,letargia,nível_de_açúcar_irregular,visão_turva_e_distorcida,obesidade,fome_excessiva,apetite_aumentado,poliúria,,,,,,,
Diabetes,fadiga,perda_de_peso,agitação,letargia,nível_de_açúcar_irregular,visão_turva_e_distorcida,obesidade,fome_excessiva,apetite_aumentado,poliúria,,,,,,,
Diabetes,perda_de_peso,agitação,letargia,nível_de_açúcar_irregular,visão_turva_e_distorcida,obesidade,fome_excessiva,apetite_aumentado,poliúria,,,,,,,,
Diabetes,fadiga,agitação,letargia,nível_de_açúcar_irregular,visão_turva_e_distorcida,obesidade,fome_excessiva,apetite_aumentado,poliúria,,,,,,,,
Diabetes,fadiga,perda_de_peso,letargia,nível_de_açúcar_irregular,visão_turva_e_distorcida,obesidade,fome_excessiva,apetite_aumentado,poliúria,,,,,,,,
Diabetes,fadiga,perda_de_peso,agitação,nível_de_açúcar_irregular,visão_turva_e_distorcida,obesidade,fome_excessiva,apetite_aumentado,poliúria,,,,,,,,
Diabetes,fadiga,perda_de_peso,agitação,letargia,visão_turva_e_distorcida,obesidade,fome_excessiva,apetite_aumentado,poliúria,,,,,,,,
Diabetes,fadiga,perda_de_peso,agitação,letargia,nível_de_açúcar_irregular,obesidade,fome_excessiva,apetite_aumentado,poliúria,,,,,,,,
Diabetes,fadiga,perda_de_peso,agitação,letargia,nível_de_açúcar_irregular,visão_turva_e_distorcida,fome_excessiva,apetite_aumentado,poliúria,,,,,,,,
Diabetes,fadiga,perda_de_peso,agitação,letargia,nível_de_açúcar_irregular,visão_turva_e_distorcida,obesidade,apetite_aumentado,poliúria,,,,,,,,
Gastroenterite,vómitos,olhos_encovados,desidratação,diarreia,,,,,,,,,,,,,
Gastroenterite,vómitos,olhos_encovados,desidratação,diarreia,,,,,,,,,,,,,
Gastroenterite,olhos_encovados,desidratação,diarreia,,,,,,,,,,,,,,
Gastroenterite,vómitos,desidratação,diarreia,,,,,,,,,,,,,,
Gastroenterite,vómitos,olhos_encovados,diarreia,,,,,,,,,,,,,,
Gastroenterite,vómitos,olhos_encovados,desidratação,,,,,,,,,,,,,,
Gastroenterite,vómitos,olhos_encovados,desidratação,diarreia,,,,,,,,,,,,,
Gastroenterite,olhos_encovados,desidratação,diarreia,,,,,,,,,,,,,,
Gastroenterite,vómitos,desidratação,diarreia,,,,,,,,,,,,,,
Gastroenterite,vómitos,olhos_encovados,diarreia,,,,,,,,,,,,,,
Asma Brônquica,fadiga,tosse,febre_alta,falta_de_ar,historial_familiar,expetoração_mucoide,,,,,,,,,,,
Asma Brônquica,tosse,febre_alta,falta_de_ar,historial_familiar,expetoração_mucoide,,,,,,,,,,,,
Asma Brônquica,fadiga,febre_alta,falta_de_ar,historial_familiar,expetoração_mucoide,,,,,,,,,,,,
Asma Brônquica,fadiga,tosse,falta_de_ar,historial_familiar,expetoração_mucoide,,,,,,,,,,,,
Asma Brônquica,fadiga,tosse,febre_alta,historial_familiar,expetoração_mucoide,,,,,,,,,,,,
Asma Brônquica,fadiga,tosse,febre_alta,falta_de_ar,expetoração_mucoide,,,,,,,,,,,,
Asma Brônquica,fadiga,tosse,febre_alta,falta_de_ar,historial_familiar,,,,,,,,,,,,
Asma Brônquica,fadiga,tosse,febre_alta,falta_de_ar,historial_familiar,expetoração_mucoide,,,,,,,,,,,
Asma Brônquica,tosse,febre_alta,falta_de_ar,historial_familiar,expetoração_mucoide,,,,,,,,,,,,
Asma Brônquica,fadiga,febre_alta,falta_de_ar,historial_familiar,expetoração_mucoide,,,,,,,,,,,,
Hipertensão,dor_de_cabeça,dor_no_peito,tonturas,perda_de_equilíbrio,falta_de_concentração,,,,,,,,,,,,
Hipertensão,dor_no_peito,tonturas,perda_de_equilíbrio,falta_de_concentração,,,,,,,,,,,,,
Hipertensão,dor_de_cabeça,tonturas,perda_de_equilíbrio,falta_de_concentração,,,,,,,,,,,,,
Hipertensão,dor_de_cabeça,dor_no_peito,perda_de_equilíbrio,falta_de_concentração,,,,,,,,,,,,,
Hipertensão,dor_de_cabeça,dor_no_peito,tonturas,falta_de_concentração,,,,,,,,,,,,,
Hipertensão,dor_de_cabeça,dor_no_peito,tonturas,perda_de_equilíbrio,,,,,,,,,,,,,
Hipertensão,dor_de_cabeça,dor_no_peito,tonturas,perda_de_equilíbrio,falta_de_concentração,,,,,,,,,,,,
Hipertensão,dor_no_peito,tonturas,perda_de_equilíbrio,falta_de_concentração,,,,,,,,,,,,,
Hipertensão,dor_de_cabeça,tonturas,perda_de_equilíbrio,falta_de_concentração,,,,,,,,,,,,,
Hipertensão,dor_de_cabeça,dor_no_peito,perda_de_equilíbrio,falta_de_concentração,,,,,,,,,,,,,
Enxaqueca,acidez,indigestão,dor_de_cabeça,visão_turva_e_distorcida,fome_excessiva,rigidez_cervical,depressão,irritabilidade,perturbações_visuais,,,,,,,,
Enxaqueca,indigestão,dor_de_cabeça,visão_turva_e_distorcida,fome_excessiva,rigidez_cervical,depressão,irritabilidade,perturbações_visuais,,,,,,,,,
Enxaqueca,acidez,dor_de_cabeça,visão_turva_e_distorcida,fome_excessiva,rigidez_cervical,depressão,irritabilidade,perturbações_visuais,,,,,,,,,
Enxaqueca,acidez,indigestão,visão_turva_e_distorcida,fome_excessiva,rigidez_cervical,depressão,irritabilidade,perturbações_visuais,,,,,,,,,
Enxaqueca,acidez,indigestão,dor_de_cabeça,fome_excessiva,rigidez_cervical,depressão,irritabilidade,perturbações_visuais,,,,,,,,,
Enxaqueca,acidez,indigestão,dor_de_cabeça,visão_turva_e_distorcida,rigidez_cervical,depressão,irritabilidade,perturbações_visuais,,,,,,,,,
Enxaqueca,acidez,indigestão,dor_de_cabeça,visão_turva_e_distorcida,fome_excessiva,depressão,irritabilidade,perturbações_visuais,,,,,,,,,
Enxaqueca,acidez,indigestão,dor_de_cabeça,visão_turva_e_distorcida,fome_excessiva,rigidez_cervical,irritabilidade,perturbações_visuais,,,,,,,,,
Enxaqueca,acidez,indigestão,dor_de_cabeça,visão_turva_e_distorcida,fome_excessiva,rigidez_cervical,depressão,perturbações_visuais,,,,,,,,,
Enxaqueca,acidez,indigestão,dor_de_cabeça,visão_turva_e_distorcida,fome_excessiva,rigidez_cervical,depressão,irritabilidade,,,,,,,,,
Espondilose Cervical,dor_nas_costas,fraqueza_nos_membros,dor_no_pescoço,tonturas,perda_de_equilíbrio,,,,,,,,,,,,
Espondilose Cervical,dor_nas_costas,fraqueza_nos_membros,dor_no_pescoço,tonturas,perda_de_equilíbrio,,,,,,,,,,,,
Espondilose Cervical,fraqueza_nos_membros,dor_no_pescoço,tonturas,perda_de_equilíbrio,,,,,,,,,,,,,
Espondilose Cervical,dor_nas_costas,dor_no_pescoço,tonturas,perda_de_equilíbrio,,,,,,,,,,,,,
Espondilose Cervical,dor_nas_costas,fraqueza_nos_membros,tonturas,perda_de_equilíbrio,,,,,,,,,,,,,
Espondilose Cervical,dor_nas_costas,fraqueza_nos_membros,dor_no_pescoço,perda_de_equilíbrio,,,,,,,,,,,,,
Espondilose Cervical,dor_nas_costas,fraqueza_nos_membros,dor_no_pescoço,tonturas,,,,,,,,,,,,,
Espondilose Cervical,dor_nas_costas,fraqueza_nos_membros,dor_no_pescoço,tonturas,perda_de_equilíbrio,,,,,,,,,,,,
Espondilose Cervical,fraqueza_nos_membros,dor_no_pescoço,tonturas,perda_de_equilíbrio,,,,,,,,,,,,,
Espondilose Cervical,dor_nas_costas,dor_no_pescoço,tonturas,perda_de_equilíbrio,,,,,,,,,,,,,
Paralisia (Hemorragia Cerebral),vómitos,dor_de_cabeça,fraqueza_num_lado_do_corpo,alteração_do_sensório,,,,,,,,,,,,,
Paralisia (Hemorragia Cerebral),vómitos,dor_de_cabeça,fraqueza_num_lado_do_corpo,alteração_do_sensório,,,,,,,,,,,,,
Paralisia (Hemorragia Cerebral),dor_de_cabeça,fraqueza_num_lado_do_corpo,alteração_do_sensório,,,,,,,,,,,,,,
Paralisia (Hemorragia Cerebral),vómitos,fraqueza_num_lado_do_corpo,alteração_do_sensório,,,,,,,,,,,,,,
Paralisia (Hemorragia Cerebral),vómitos,dor_de_cabeça,alteração_do_sensório,,,,,,,,,,,,,,
Paralisia (Hemorragia Cerebral),vómitos,dor_de_cabeça,fraqueza_num_lado_do_corpo,,,,,,,,,,,,,,
Paralisia (Hemorragia Cerebral),vómitos,dor_de_cabeça,fraqueza_num_lado_do_corpo,alteração_do_sensório,,,,,,,,,,,,,
Paralisia (Hemorragia Cerebral),dor_de_cabeça,fraqueza_num_lado_do_corpo,alteração_do_sensório,,,,,,,,,,,,,,
Paralisia (Hemorragia Cerebral),vómitos,fraqueza_num_lado_do_corpo,alteração_do_sensório,,,,,,,,,,,,,,
Paralisia (Hemorragia Cerebral),vómitos,dor_de_cabeça,alteração_do_sensório,,,,,,,,,,,,,,
Icterícia,comichão,vómitos,fadiga,perda_de_peso,febre_alta,pele_amarelada,urina_escura,dor_abdominal,,,,,,,,,
Icterícia,comichão,vómitos,fadiga,perda_de_peso,febre_alta,pele_amarelada,urina_escura,dor_abdominal,,,,,,,,,
Icterícia,vómitos,fadiga,perda_de_peso,febre_alta,pele_amarelada,urina_escura,dor_abdominal,,,,,,,,,,
Icterícia,comichão,fadiga,perda_de_peso,febre_alta,pele_amarelada,urina_escura,dor_abdominal,,,,,,,,,,
Icterícia,comichão,vómitos,perda_de_peso,febre_alta,pele_amarelada,urina_escura,dor_abdominal,,,,,,,,,,
Icterícia,comichão,vómitos,fadiga,febre_alta,pele_amarelada,urina_escura,dor_abdominal,,,,,,,,,,
Icterícia,comichão,vómitos,fadiga,perda_de_peso,pele_amarelada,urina_escura,dor_abdominal,,,,,,,,,,
Icterícia,comichão,vómitos,fadiga,perda_de_peso,febre_alta,urina_escura,dor_abdominal,,,,,,,,,,
Icterícia,comichão,vómitos,fadiga,perda_de_peso,febre_alta,pele_amarelada,dor_abdominal,,,,,,,,,,
Icterícia,comichão,vómitos,fadiga,perda_de_peso,febre_alta,pele_amarelada,urina_escura,,,,,,,,,,
Malária,arrepios,vómitos,febre_alta,sudorese,dor_de_cabeça,náuseas,dor_muscular,,,,,,,,,,
Malária,arrepios,vómitos,febre_alta,sudorese,dor_de_cabeça,náuseas,diarreia,dor_muscular,,,,,,,,,
Malária,arrepios,vómitos,febre_alta,sudorese,dor_de_cabeça,náuseas,diarreia,dor_muscular,,,,,,,,,
Malária,vómitos,febre_alta,sudorese,dor_de_cabeça,náuseas,diarreia,dor_muscular,,,,,,,,,,
Malária,arrepios,febre_alta,sudorese,dor_de_cabeça,náuseas,diarreia,dor_muscular,,,,,,,,,,
Malária,arrepios,vómitos,sudorese,dor_de_cabeça,náuseas,diarreia,dor_muscular,,,,,,,,,,
Malária,arrepios,vómitos,febre_alta,dor_de_cabeça,náuseas,diarreia,dor_muscular,,,,,,,,,,
Malária,arrepios,vómitos,febre_alta,sudorese,náuseas,diarreia,dor_muscular,,,,,,,,,,
Malária,arrepios,vómitos,febre_alta,sudorese,dor_de_cabeça,diarreia,dor_muscular,,,,,,,,,,
Malária,arrepios,vómitos,febre_alta,sudorese,dor_de_cabeça,náuseas,dor_muscular,,,,,,,,,,
Varicela,comichão,erupção_cutânea,fadiga,letargia,febre_alta,dor_de_cabeça,perda_de_apetite,febre_ligeira,gânglios_linfáticos_inchados,mal_estar,manchas_vermelhas_pelo_corpo,,,,,,
Varicela,erupção_cutânea,fadiga,letargia,febre_alta,dor_de_cabeça,perda_de_apetite,febre_ligeira,gânglios_linfáticos_inchados,mal_estar,manchas_vermelhas_pelo_corpo,,,,,,,
Varicela,comichão,fadiga,letargia,febre_alta,dor_de_cabeça,perda_de_apetite,febre_ligeira,gânglios_linfáticos_inchados,mal_estar,manchas_vermelhas_pelo_corpo,,,,,,,
Varicela,comichão,erupção_cutânea,letargia,febre_alta,dor_de_cabeça,perda_de_apetite,febre_ligeira,gânglios_linfáticos_inchados,mal_estar,manchas_vermelhas_pelo_corpo,,,,,,,
Varicela,comichão,erupção_cutânea,fadiga,febre_alta,dor_de_cabeça,perda_de_apetite,febre_ligeira,gânglios_linfáticos_inchados,mal_estar,manchas_vermelhas_pelo_corpo,,,,,,,
Varicela,comichão,erupção_cutânea,fadiga,letargia,dor_de_cabeça,perda_de_apetite,febre_ligeira,gânglios_linfáticos_inchados,mal_estar,manchas_vermelhas_pelo_corpo,,,,,,,
Varicela,comichão,erupção_cutânea,fadiga,letargia,febre_alta,perda_de_apetite,febre_ligeira,gânglios_linfáticos_inchados,mal_estar,manchas_vermelhas_pelo_corpo,,,,,,,
Varicela,comichão,erupção_cutânea,fadiga,letargia,febre_alta,dor_de_cabeça,febre_ligeira,gânglios_linfáticos_inchados,mal_estar,manchas_vermelhas_pelo_corpo,,,,,,,
Varicela,comichão,erupção_cutânea,fadiga,letargia,febre_alta,dor_de_cabeça,perda_de_apetite,gânglios_linfáticos_inchados,mal_estar,manchas_vermelhas_pelo_corpo,,,,,,,
Varicela,comichão,erupção_cutânea,fadiga,letargia,febre_alta,dor_de_cabeça,perda_de_apetite,febre_ligeira,mal_estar,manchas_vermelhas_pelo_corpo,,,,,,,
Dengue,erupção_cutânea,arrepios,dor_nas_articulações,vómitos,fadiga,febre_alta,dor_de_cabeça,náuseas,perda_de_apetite,dor_atrás_dos_olhos,dor_nas_costas,dor_muscular,manchas_vermelhas_pelo_corpo,,,,
Dengue,erupção_cutânea,arrepios,dor_nas_articulações,vómitos,fadiga,febre_alta,dor_de_cabeça,náuseas,perda_de_apetite,dor_atrás_dos_olhos,dor_nas_costas,mal_estar,manchas_vermelhas_pelo_corpo,,,,
Dengue,erupção_cutânea,arrepios,dor_nas_articulações,vómitos,fadiga,febre_alta,dor_de_cabeça,náuseas,perda_de_apetite,dor_atrás_dos_olhos,dor_nas_costas,mal_estar,dor_muscular,,,,
Dengue,erupção_cutânea,arrepios,dor_nas_articulações,vómitos,fadiga,febre_alta,dor_de_cabeça,náuseas,perda_de_apetite,dor_atrás_dos_olhos,dor_nas_costas,mal_estar,dor_muscular,manchas_vermelhas_pelo_corpo,,,
Dengue,arrepios,dor_nas_articulações,vómitos,fadiga,febre_alta,dor_de_cabeça,náuseas,perda_de_apetite,dor_atrás_dos_olhos,dor_nas_costas,mal_estar,dor_muscular,manchas_vermelhas_pelo_corpo,,,,
Dengue,erupção_cutânea,dor_nas_articulações,vómitos,fadiga,febre_alta,dor_de_cabeça,náuseas,perda_de_apetite,dor_atrás_dos_olhos,dor_nas_costas,mal_estar,dor_muscular,manchas_vermelhas_pelo_corpo,,,,
Dengue,erupção_cutânea,arrepios,vómitos,fadiga,febre_alta,dor_de_cabeça,náuseas,perda_de_apetite,dor_atrás_dos_olhos,dor_nas_costas,mal_estar,dor_muscular,manchas_vermelhas_pelo_corpo,,,,
Dengue,erupção_cutânea,arrepios,dor_nas_articulações,fadiga,febre_alta,dor_de_cabeça,náuseas,perda_de_apetite,dor_atrás_dos_olhos,dor_nas_costas,mal_estar,dor_muscular,manchas_vermelhas_pelo_corpo,,,,
Dengue,erupção_cutânea,arrepios,dor_nas_articulações,vómitos,febre_alta,dor_de_cabeça,náuseas,perda_de_apetite,dor_atrás_dos_olhos,dor_nas_costas,mal_estar,dor_muscular,manchas_vermelhas_pelo_corpo,,,,
Dengue,erupção_cutânea,arrepios,dor_nas_articulações,vómitos,fadiga,dor_de_cabeça,náuseas,perda_de_apetite,dor_atrás_dos_olhos,dor_nas_costas,mal_estar,dor_muscular,manchas_vermelhas_pelo_corpo,,,,
Febre Tifóide,arrepios,vómitos,fadiga,febre_alta,náuseas,obstipação,dor_abdominal,diarreia,aspeto_tóxico_(tifo),dor_na_barriga,,,,,,,
Febre Tifóide,arrepios,vómitos,fadiga,febre_alta,dor_de_cabeça,obstipação,dor_abdominal,diarreia,aspeto_tóxico_(tifo),dor_na_barriga,,,,,,,
Febre Tifóide,arrepios,vómitos,fadiga,febre_alta,dor_de_cabeça,náuseas,dor_abdominal,diarreia,aspeto_tóxico_(tifo),dor_na_barriga,,,,,,,
Febre Tifóide,arrepios,vómitos,fadiga,febre_alta,dor_de_cabeça,náuseas,obstipação,diarreia,aspeto_tóxico_(tifo),dor_na_barriga,,,,,,,
Febre Tifóide,arrepios,vómitos,fadiga,febre_alta,dor_de_cabeça,náuseas,obstipação,dor_abdominal,aspeto_tóxico_(tifo),dor_na_barriga,,,,,,,
Febre Tifóide,arrepios,vómitos,fadiga,febre_alta,dor_de_cabeça,náuseas,obstipação,dor_abdominal,diarreia,dor_na_barriga,,,,,,,
Febre Tifóide,arrepios,vómitos,fadiga,febre_alta,dor_de_cabeça,náuseas,obstipação,dor_abdominal,diarreia,aspeto_tóxico_(tifo),,,,,,,
Febre Tifóide,arrepios,vómitos,fadiga,febre_alta,dor_de_cabeça,náuseas,obstipação,dor_abdominal,diarreia,aspeto_tóxico_(tifo),dor_na_barriga,,,,,,
Febre Tifóide,arrepios,vómitos,fadiga,febre_alta,dor_de_cabeça,náuseas,obstipação,dor_abdominal,diarreia,aspeto_tóxico_(tifo),dor_na_barriga,,,,,,
Febre Tifóide,arrepios,fadiga,febre_alta,dor_de_cabeça,náuseas,obstipação,dor_abdominal,diarreia,aspeto_tóxico_(tifo),dor_na_barriga,,,,,,,
Hepatite A,dor_nas_articulações,vómitos,pele_amarelada,urina_escura,náuseas,perda_de_apetite,dor_abdominal,diarreia,febre_ligeira,amarelecimento_dos_olhos,dor_muscular,,,,,,
Hepatite A,dor_nas_articulações,vómitos,pele_amarelada,urina_escura,náuseas,perda_de_apetite,dor_abdominal,diarreia,febre_ligeira,amarelecimento_dos_olhos,dor_muscular,,,,,,
Hepatite A,vómitos,pele_amarelada,urina_escura,náuseas,perda_de_apetite,dor_abdominal,diarreia,febre_ligeira,amarelecimento_dos_olhos,dor_muscular,,,,,,,
Hepatite A,dor_nas_articulações,pele_amarelada,urina_escura,náuseas,perda_de_apetite,dor_abdominal,diarreia,febre_ligeira,amarelecimento_dos_olhos,dor_muscular,,,,,,,
Hepatite A,dor_nas_articulações,vómitos,urina_escura,náuseas,perda_de_apetite,dor_abdominal,diarreia,febre_ligeira,amarelecimento_dos_olhos,dor_muscular,,,,,,,
Hepatite A,dor_nas_articulações,vómitos,pele_amarelada,náuseas,perda_de_apetite,dor_abdominal,diarreia,febre_ligeira,amarelecimento_dos_olhos,dor_muscular,,,,,,,
Hepatite A,dor_nas_articulações,vómitos,pele_amarelada,urina_escura,perda_de_apetite,dor_abdominal,diarreia,febre_ligeira,amarelecimento_dos_olhos,dor_muscular,,,,,,,
Hepatite A,dor_nas_articulações,vómitos,pele_amarelada,urina_escura,náuseas,dor_abdominal,diarreia,febre_ligeira,amarelecimento_dos_olhos,dor_muscular,,,,,,,
Hepatite A,dor_nas_articulações,vómitos,pele_amarelada,urina_escura,náuseas,perda_de_apetite,diarreia,febre_ligeira,amarelecimento_dos_olhos,dor_muscular,,,,,,,
Hepatite A,dor_nas_articulações,vómitos,pele_amarelada,urina_escura,náuseas,perda_de_apetite,dor_abdominal,febre_ligeira,amarelecimento_dos_olhos,dor_muscular,,,,,,,
Hepatite B,comichão,fadiga,letargia,pele_amarelada,urina_escura,perda_de_apetite,dor_abdominal,urina_amarela,amarelecimento_dos_olhos,mal_estar,receção_de_transfusão_de_sangue,receção_de_injeções_não_esterilizadas,,,,,
Hepatite B,comichão,fadiga,letargia,pele_amarelada,urina_escura,perda_de_apetite,dor_abdominal,urina_amarela,amarelecimento_dos_olhos,mal_estar,receção_de_transfusão_de_sangue,receção_de_injeções_não_esterilizadas,,,,,
Hepatite B,fadiga,letargia,pele_amarelada,urina_escura,perda_de_apetite,dor_abdominal,urina_amarela,amarelecimento_dos_olhos,mal_estar,receção_de_transfusão_de_sangue,receção_de_injeções_não_esterilizadas,,,,,,
Hepatite B,comichão,letargia,pele_amarelada,urina_escura,perda_de_apetite,dor_abdominal,urina_amarela,amarelecimento_dos_olhos,mal_estar,receção_de_transfusão_de_sangue,receção_de_injeções_não_esterilizadas,,,,,,
Hepatite B,comichão,fadiga,pele_amarelada,urina_escura,perda_de_apetite,dor_abdominal,urina_amarela,amarelecimento_dos_olhos,mal_estar,receção_de_transfusão_de_sangue,receção_de_injeções_não_esterilizadas,,,,,,
Hepatite B,comichão,fadiga,letargia,urina_escura,perda_de_apetite,dor_abdominal,urina_amarela,amarelecimento_dos_olhos,mal_estar,receção_de_transfusão_de_sangue,receção_de_injeções_não_esterilizadas,,,,,,
Hepatite B,comichão,fadiga,letargia,pele_amarelada,perda_de_apetite,dor_abdominal,urina_amarela,amarelecimento_dos_olhos,mal_estar,receção_de_transfusão_de_sangue,receção_de_injeções_não_esterilizadas,,,,,,
Hepatite B,comichão,fadiga,letargia,pele_amarelada,urina_escura,dor_abdominal,urina_amarela,amarelecimento_dos_olhos,mal_estar,receção_de_transfusão_de_sangue,receção_de_injeções_não_esterilizadas,,,,,,
Hepatite B,comichão,fadiga,letargia,pele_amarelada,urina_escura,perda_de_apetite,urina_amarela,amarelecimento_dos_olhos,mal_estar,receção_de_transfusão_de_sangue,receção_de_injeções_não_esterilizadas,,,,,,
Hepatite B,comichão,fadiga,letargia,pele_amarelada,urina_escura,perda_de_apetite,dor_abdominal,amarelecimento_dos_olhos,mal_estar,receção_de_transfusão_de_sangue,receção_de_injeções_não_esterilizadas,,,,,,
Hepatite C,fadiga,pele_amarelada,náuseas,perda_de_apetite,historial_familiar,,,,,,,,,,,,
Hepatite C,fadiga,pele_amarelada,náuseas,perda_de_apetite,amarelecimento_dos_olhos,historial_familiar,,,,,,,,,,,
Hepatite C,pele_amarelada,náuseas,perda_de_apetite,amarelecimento_dos_olhos,historial_familiar,,,,,,,,,,,,
Hepatite C,fadiga,náuseas,perda_de_apetite,amarelecimento_dos_olhos,historial_familiar,,,,,,,,,,,,
Hepatite C,fadiga,pele_amarelada,perda_de_apetite,amarelecimento_dos_olhos,historial_familiar,,,,,,,,,,,,
Hepatite C,fadiga,pele_amarelada,náuseas,amarelecimento_dos_olhos,historial_familiar,,,,,,,,,,,,
Hepatite C,fadiga,pele_amarelada,náuseas,perda_de_apetite,historial_familiar,,,,,,,,,,,,
Hepatite C,fadiga,pele_amarelada,náuseas,perda_de_apetite,amarelecimento_dos_olhos,,,,,,,,,,,,
Hepatite C,fadiga,pele_amarelada,náuseas,perda_de_apetite,amarelecimento_dos_olhos,historial_familiar,,,,,,,,,,,
Hepatite C,fadiga,pele_amarelada,náuseas,perda_de_apetite,amarelecimento_dos_olhos,historial_familiar,,,,,,,,,,,
Hepatite D,dor_nas_articulações,vómitos,fadiga,pele_amarelada,urina_escura,náuseas,perda_de_apetite,dor_abdominal,amarelecimento_dos_olhos,,,,,,,,
Hepatite D,vómitos,fadiga,pele_amarelada,urina_escura,náuseas,perda_de_apetite,dor_abdominal,amarelecimento_dos_olhos,,,,,,,,,
Hepatite D,dor_nas_articulações,fadiga,pele_amarelada,urina_escura,náuseas,perda_de_apetite,dor_abdominal,amarelecimento_dos_olhos,,,,,,,,,
Hepatite D,dor_nas_articulações,vómitos,pele_amarelada,urina_escura,náuseas,perda_de_apetite,dor_abdominal,amarelecimento_dos_olhos,,,,,,,,,
Hepatite D,dor_nas_articulações,vómitos,fadiga,urina_escura,náuseas,perda_de_apetite,dor_abdominal,amarelecimento_dos_olhos,,,,,,,,,
Hepatite D,dor_nas_articulações,vómitos,fadiga,pele_amarelada,náuseas,perda_de_apetite,dor_abdominal,amarelecimento_dos_olhos,,,,,,,,,
Hepatite D,dor_nas_articulações,vómitos,fadiga,pele_amarelada,urina_escura,perda_de_apetite,dor_abdominal,amarelecimento_dos_olhos,,,,,,,,,
Hepatite D,dor_nas_articulações,vómitos,fadiga,pele_amarelada,urina_escura,náuseas,dor_abdominal,amarelecimento_dos_olhos,,,,,,,,,
Hepatite D,dor_nas_articulações,vómitos,fadiga,pele_amarelada,urina_escura,náuseas,perda_de_apetite,amarelecimento_dos_olhos,,,,,,,,,
Hepatite D,dor_nas_articulações,vómitos,fadiga,pele_amarelada,urina_escura,náuseas,perda_de_apetite,dor_abdominal,,,,,,,,,
Hepatite E,dor_nas_articulações,vómitos,fadiga,febre_alta,pele_amarelada,urina_escura,náuseas,perda_de_apetite,dor_abdominal,amarelecimento_dos_olhos,coma,hemorragia_gástrica,,,,,
Hepatite E,dor_nas_articulações,vómitos,fadiga,febre_alta,pele_amarelada,urina_escura,náuseas,perda_de_apetite,dor_abdominal,amarelecimento_dos_olhos,insuficiência_hepática_aguda,coma,hemorragia_gástrica,,,,
Hepatite E,dor_nas_articulações,vómitos,fadiga,febre_alta,pele_amarelada,urina_escura,náuseas,perda_de_apetite,dor_abdominal,amarelecimento_dos_olhos,insuficiência_hepática_aguda,coma,hemorragia_gástrica,,,,
Hepatite E,vómitos,fadiga,febre_alta,pele_amarelada,urina_escura,náuseas,perda_de_apetite,dor_abdominal,amarelecimento_dos_olhos,insuficiência_hepática_aguda,coma,hemorragia_gástrica,,,,,
Hepatite E,dor_nas_articulações,fadiga,febre_alta,pele_amarelada,urina_escura,náuseas,perda_de_apetite,dor_abdominal,amarelecimento_dos_olhos,insuficiência_hepática_aguda,coma,hemorragia_gástrica,,,,,
Hepatite E,dor_nas_articulações,vómitos,febre_alta,pele_amarelada,urina_escura,náuseas,perda_de_apetite,dor_abdominal,amarelecimento_dos_olhos,insuficiência_hepática_aguda,coma,hemorragia_gástrica,,,,,
Hepatite E,dor_nas_articulações,vómitos,fadiga,pele_amarelada,urina_escura,náuseas,perda_de_apetite,dor_abdominal,amarelecimento_dos_olhos,insuficiência_hepática_aguda,coma,hemorragia_gástrica,,,,,
Hepatite E,dor_nas_articulações,vómitos,fadiga,febre_alta,urina_escura,náuseas,perda_de_apetite,dor_abdominal,amarelecimento_dos_olhos,insuficiência_hepática_aguda,coma,hemorragia_gástrica,,,,,
Hepatite E,dor_nas_articulações,vómitos,fadiga,febre_alta,pele_amarelada,náuseas,perda_de_apetite,dor_abdominal,amarelecimento_dos_olhos,insuficiência_hepática_aguda,coma,hemorragia_gástrica,,,,,
Hepatite E,dor_nas_articulações,vómitos,fadiga,febre_alta,pele_amarelada,urina_escura,perda_de_apetite,dor_abdominal,amarelecimento_dos_olhos,insuficiência_hepática_aguda,coma,hemorragia_gástrica,,,,,
Hepatite Alcoólica,vómitos,pele_amarelada,dor_abdominal,inchaço_do_estômago,distensão_abdominal,historial_de_consumo_de_álcool,sobrecarga_de_fluidos,,,,,,,,,,
Hepatite Alcoólica,vómitos,pele_amarelada,dor_abdominal,inchaço_do_estômago,distensão_abdominal,historial_de_consumo_de_álcool,sobrecarga_de_fluidos,,,,,,,,,,
Hepatite Alcoólica,pele_amarelada,dor_abdominal,inchaço_do_estômago,distensão_abdominal,historial_de_consumo_de_álcool,sobrecarga_de_fluidos,,,,,,,,,,,
Hepatite Alcoólica,vómitos,dor_abdominal,inchaço_do_estômago,distensão_abdominal,historial_de_consumo_de_álcool,sobrecarga_de_fluidos,,,,,,,,,,,
Hepatite Alcoólica,vómitos,pele_amarelada,inchaço_do_estômago,distensão_abdominal,historial_de_consumo_de_álcool,sobrecarga_de_fluidos,,,,,,,,,,,
Hepatite Alcoólica,vómitos,pele_amarelada,dor_abdominal,distensão_abdominal,historial_de_consumo_de_álcool,sobrecarga_de_fluidos,,,,,,,,,,,
Hepatite Alcoólica,vómitos,pele_amarelada,dor_abdominal,inchaço_do_estômago,historial_de_consumo_de_álcool,sobrecarga_de_fluidos,,,,,,,,,,,
Hepatite Alcoólica,vómitos,pele_amarelada,dor_abdominal,inchaço_do_estômago,distensão_abdominal,sobrecarga_de_fluidos,,,,,,,,,,,
Hepatite Alcoólica,vómitos,pele_amarelada,dor_abdominal,inchaço_do_estômago,distensão_abdominal,historial_de_consumo_de_álcool,,,,,,,,,,,
Hepatite Alcoólica,vómitos,pele_amarelada,dor_abdominal,inchaço_do_estômago,distensão_abdominal,historial_de_consumo_de_álcool,sobrecarga_de_fluidos,,,,,,,,,,
Tuberculose,arrepios,vómitos,fadiga,perda_de_peso,tosse,febre_alta,falta_de_ar,sudorese,perda_de_apetite,febre_ligeira,amarelecimento_dos_olhos,gânglios_linfáticos_inchados,mal_estar,fleuma,dor_no_peito,sangue_na_expetoração,
Tuberculose,arrepios,vómitos,fadiga,perda_de_peso,tosse,febre_alta,falta_de_ar,sudorese,perda_de_apetite,febre_ligeira,amarelecimento_dos_olhos,gânglios_linfáticos_inchados,mal_estar,fleuma,dor_no_peito,sangue_na_expetoração,
Tuberculose,vómitos,fadiga,perda_de_peso,tosse,febre_alta,falta_de_ar,sudorese,perda_de_apetite,febre_ligeira,amarelecimento_dos_olhos,gânglios_linfáticos_inchados,mal_estar,fleuma,dor_no_peito,sangue_na_expetoração,,
Tuberculose,arrepios,fadiga,perda_de_peso,tosse,febre_alta,falta_de_ar,sudorese,perda_de_apetite,febre_ligeira,amarelecimento_dos_olhos,gânglios_linfáticos_inchados,mal_estar,fleuma,dor_no_peito,sangue_na_expetoração,,
Tuberculose,arrepios,vómitos,perda_de_peso,tosse,febre_alta,falta_de_ar,sudorese,perda_de_apetite,febre_ligeira,amarelecimento_dos_olhos,gânglios_linfáticos_inchados,mal_estar,fleuma,dor_no_peito,sangue_na_expetoração,,
Tuberculose,arrepios,vómitos,fadiga,tosse,febre_alta,falta_de_ar,sudorese,perda_de_apetite,febre_ligeira,amarelecimento_dos_olhos,gânglios_linfáticos_inchados,mal_estar,fleuma,dor_no_peito,sangue_na_expetoração,,
Tuberculose,arrepios,vómitos,fadiga,perda_de_peso,febre_alta,falta_de_ar,sudorese,perda_de_apetite,febre_ligeira,amarelecimento_dos_olhos,gânglios_linfáticos_inchados,mal_estar,fleuma,dor_no_peito,sangue_na_expetoração,,
Tuberculose,arrepios,vómitos,fadiga,perda_de_peso,tosse,falta_de_ar,sudorese,perda_de_apetite,febre_ligeira,amarelecimento_dos_olhos,gânglios_linfáticos_inchados,mal_estar,fleuma,dor_no_peito,sangue_na_expetoração,,
Tuberculose,arrepios,vómitos,fadiga,perda_de_peso,tosse,febre_alta,sudorese,perda_de_apetite,febre_ligeira,amarelecimento_dos_olhos,gânglios_linfáticos_inchados,mal_estar,fleuma,dor_no_peito,sangue_na_expetoração,,
Tuberculose,arrepios,vómitos,fadiga,perda_de_peso,tosse,febre_alta,falta_de_ar,perda_de_apetite,febre_ligeira,amarelecimento_dos_olhos,gânglios_linfáticos_inchados,mal_estar,fleuma,dor_no_peito,sangue_na_expetoração,,
Constipação Comum,espirros_contínuos,arrepios,fadiga,tosse,febre_alta,dor_de_cabeça,gânglios_linfáticos_inchados,mal_estar,fleuma,irritação_da_garganta,vermelhidão_dos_olhos,pressão_sinusal,nariz_a_pingar,congestão,dor_no_peito,perda_de_olfato,dor_muscular
Constipação Comum,espirros_contínuos,arrepios,fadiga,tosse,febre_alta,dor_de_cabeça,gânglios_linfáticos_inchados,mal_estar,fleuma,irritação_da_garganta,vermelhidão_dos_olhos,pressão_sinusal,nariz_a_pingar,congestão,dor_no_peito,perda_de_olfato,dor_muscular
Constipação Comum,arrepios,fadiga,tosse,febre_alta,dor_de_cabeça,gânglios_linfáticos_inchados,mal_estar,fleuma,irritação_da_garganta,vermelhidão_dos_olhos,pressão_sinusal,nariz_a_pingar,congestão,dor_no_peito,perda_de_olfato,dor_muscular,
Constipação Comum,espirros_contínuos,fadiga,tosse,febre_alta,dor_de_cabeça,gânglios_linfáticos_inchados,mal_estar,fleuma,irritação_da_garganta,vermelhidão_dos_olhos,pressão_sinusal,nariz_a_pingar,congestão,dor_no_peito,perda_de_olfato,dor_muscular,
Constipação Comum,espirros_contínuos,arrepios,tosse,febre_alta,dor_de_cabeça,gânglios_linfáticos_inchados,mal_estar,fleuma,irritação_da_garganta,vermelhidão_dos_olhos,pressão_sinusal,nariz_a_pingar,congestão,dor_no_peito,perda_de_olfato,dor_muscular,
Constipação Comum,espirros_contínuos,arrepios,fadiga,febre_alta,dor_de_cabeça,gânglios_linfáticos_inchados,mal_estar,fleuma,irritação_da_garganta,vermelhidão_dos_olhos,pressão_sinusal,nariz_a_pingar,congestão,dor_no_peito,perda_de_olfato,dor_muscular,
Constipação Comum,espirros_contínuos,arrepios,fadiga,tosse,dor_de_cabeça,gânglios_linfáticos_inchados,mal_estar,fleuma,irritação_da_garganta,vermelhidão_dos_olhos,pressão_sinusal,nariz_a_pingar,congestão,dor_no_peito,perda_de_olfato,dor_muscular,
Constipação Comum,espirros_contínuos,arrepios,fadiga,tosse,febre_alta,gânglios_linfáticos_inchados,mal_estar,fleuma,irritação_da_garganta,vermelhidão_dos_olhos,pressão_sinusal,nariz_a_pingar,congestão,dor_no_peito,perda_de_olfato,dor_muscular,
Constipação Comum,espirros_contínuos,arrepios,fadiga,tosse,febre_alta,dor_de_cabeça,mal_estar,fleuma,irritação_da_garganta,vermelhidão_dos_olhos,pressão_sinusal,nariz_a_pingar,congestão,dor_no_peito,perda_de_olfato,dor_muscular,
Constipação Comum,espirros_contínuos,arrepios,fadiga,tosse,febre_alta,dor_de_cabeça,gânglios_linfáticos_inchados,fleuma,irritação_da_garganta,vermelhidão_dos_olhos,pressão_sinusal,nariz_a_pingar,congestão,dor_no_peito,perda_de_olfato,dor_muscular,
Pneumonia,arrepios,fadiga,tosse,febre_alta,falta_de_ar,sudorese,mal_estar,dor_no_peito,frequência_cardíaca_elevada,expetoração_ferruginosa,,,,,,,
Pneumonia,arrepios,fadiga,tosse,febre_alta,falta_de_ar,sudorese,mal_estar,fleuma,dor_no_peito,frequência_cardíaca_elevada,expetoração_ferruginosa,,,,,,
Pneumonia,arrepios,fadiga,tosse,febre_alta,falta_de_ar,sudorese,mal_estar,fleuma,dor_no_peito,frequência_cardíaca_elevada,expetoração_ferruginosa,,,,,,
Pneumonia,fadiga,tosse,febre_alta,falta_de_ar,sudorese,mal_estar,fleuma,dor_no_peito,frequência_cardíaca_elevada,expetoração_ferruginosa,,,,,,,
Pneumonia,arrepios,tosse,febre_alta,falta_de_ar,sudorese,mal_estar,fleuma,dor_no_peito,frequência_cardíaca_elevada,expetoração_ferruginosa,,,,,,,
Pneumonia,arrepios,fadiga,febre_alta,falta_de_ar,sudorese,mal_estar,fleuma,dor_no_peito,frequência_cardíaca_elevada,expetoração_ferruginosa,,,,,,,
Pneumonia,arrepios,fadiga,tosse,falta_de_ar,sudorese,mal_estar,fleuma,dor_no_peito,frequência_cardíaca_elevada,expetoração_ferruginosa,,,,,,,
Pneumonia,arrepios,fadiga,tosse,febre_alta,sudorese,mal_estar,fleuma,dor_no_peito,frequência_cardíaca_elevada,expetoração_ferruginosa,,,,,,,
Pneumonia,arrepios,fadiga,tosse,febre_alta,falta_de_ar,mal_estar,fleuma,dor_no_peito,frequência_cardíaca_elevada,expetoração_ferruginosa,,,,,,,
Pneumonia,arrepios,fadiga,tosse,febre_alta,falta_de_ar,sudorese,fleuma,dor_no_peito,frequência_cardíaca_elevada,expetoração_ferruginosa,,,,,,,
Hemorroidas Dimórficas,obstipação,dor_durante_a_defecação,dor_na_região_anal,fezes_com_sangue,irritação_no_ânus,,,,,,,,,,,,
Hemorroidas Dimórficas,obstipação,dor_durante_a_defecação,dor_na_região_anal,fezes_com_sangue,irritação_no_ânus,,,,,,,,,,,,
Hemorroidas Dimórficas,obstipação,dor_durante_a_defecação,dor_na_região_anal,fezes_com_sangue,irritação_no_ânus,,,,,,,,,,,,
Hemorroidas Dimórficas,dor_durante_a_defecação,dor_na_região_anal,fezes_com_sangue,irritação_no_ânus,,,,,,,,,,,,,
Hemorroidas Dimórficas,obstipação,dor_na_região_anal,fezes_com_sangue,irritação_no_ânus,,,,,,,,,,,,,
Hemorroidas Dimórficas,obstipação,dor_durante_a_defecação,fezes_com_sangue,irritação_no_ânus,,,,,,,,,,,,,
Hemorroidas Dimórficas,obstipação,dor_durante_a_defecação,dor_na_região_anal,irritação_no_ânus,,,,,,,,,,,,,
Hemorroidas Dimórficas,obstipação,dor_durante_a_defecação,dor_na_região_anal,fezes_com_sangue,,,,,,,,,,,,,
Hemorroidas Dimórficas,obstipação,dor_durante_a_defecação,dor_na_região_anal,fezes_com_sangue,irritação_no_ânus,,,,,,,,,,,,
Hemorroidas Dimórficas,obstipação,dor_durante_a_defecação,dor_na_região_anal,fezes_com_sangue,irritação_no_ânus,,,,,,,,,,,,
Ataque Cardíaco,vómitos,falta_de_ar,sudorese,dor_no_peito,,,,,,,,,,,,,
Ataque Cardíaco,vómitos,falta_de_ar,sudorese,dor_no_peito,,,,,,,,,,,,,
Ataque Cardíaco,falta_de_ar,sudorese,dor_no_peito,,,,,,,,,,,,,,
Ataque Cardíaco,vómitos,sudorese,dor_no_peito,,,,,,,,,,,,,,
Ataque Cardíaco,vómitos,falta_de_ar,dor_no_peito,,,,,,,,,,,,,,
Ataque Cardíaco,vómitos,falta_de_ar,sudorese,,,,,,,,,,,,,,
Ataque Cardíaco,vómitos,falta_de_ar,sudorese,dor_no_peito,,,,,,,,,,,,,
Ataque Cardíaco,falta_de_ar,sudorese,dor_no_peito,,,,,,,,,,,,,,
Ataque Cardíaco,vómitos,sudorese,dor_no_peito,,,,,,,,,,,,,,
Ataque Cardíaco,vómitos,falta_de_ar,dor_no_peito,,,,,,,,,,,,,,
Varizes,fadiga,cãibras,equimoses,obesidade,pernas_inchadas,vasos_sanguíneos_dilatados,veias_proeminentes_na_barriga_da_perna,,,,,,,,,,
Varizes,fadiga,cãibras,equimoses,obesidade,pernas_inchadas,vasos_sanguíneos_dilatados,veias_proeminentes_na_barriga_da_perna,,,,,,,,,,
Varizes,cãibras,equimoses,obesidade,pernas_inchadas,vasos_sanguíneos_dilatados,veias_proeminentes_na_barriga_da_perna,,,,,,,,,,,
Varizes,fadiga,equimoses,obesidade,pernas_inchadas,vasos_sanguíneos_dilatados,veias_proeminentes_na_barriga_da_perna,,,,,,,,,,,
Varizes,fadiga,cãibras,obesidade,pernas_inchadas,vasos_sanguíneos_dilatados,veias_proeminentes_na_barriga_da_perna,,,,,,,,,,,
Varizes,fadiga,cãibras,equimoses,pernas_inchadas,vasos_sanguíneos_dilatados,veias_proeminentes_na_barriga_da_perna,,,,,,,,,,,
Varizes,fadiga,cãibras,equimoses,obesidade,vasos_sanguíneos_dilatados,veias_proeminentes_na_barriga_da_perna,,,,,,,,,,,
Varizes,fadiga,cãibras,equimoses,obesidade,pernas_inchadas,veias_proeminentes_na_barriga_da_perna,,,,,,,,,,,
Varizes,fadiga,cãibras,equimoses,obesidade,pernas_inchadas,vasos_sanguíneos_dilatados,,,,,,,,,,,
Varizes,fadiga,cãibras,equimoses,obesidade,pernas_inchadas,veias_proeminentes_na_barriga_da_perna,,,,,,,,,,,
Hipotiroidismo,fadiga,aumento_de_peso,mãos_e_pés_frios,alterações_de_humor,letargia,tonturas,rosto_e_olhos_inchados,tiróide_aumentada,unhas_frágeis,extremidades_inchadas,depressão,irritabilidade,menstruação_anormal,,,,
Hipotiroidismo,fadiga,aumento_de_peso,mãos_e_pés_frios,alterações_de_humor,letargia,tonturas,rosto_e_olhos_inchados,tiróide_aumentada,unhas_frágeis,extremidades_inchadas,depressão,irritabilidade,menstruação_anormal,,,,
Hipotiroidismo,aumento_de_peso,mãos_e_pés_frios,alterações_de_humor,letargia,tonturas,rosto_e_olhos_inchados,tiróide_aumentada,unhas_frágeis,extremidades_inchadas,depressão,irritabilidade,menstruação_anormal,,,,,
Hipotiroidismo,aumento_de_peso,mãos_e_pés_frios,alterações_de_humor,letargia,tonturas,rosto_e_olhos_inchados,tiróide_aumentada,unhas_frágeis,extremidades_inchadas,depressão,irritabilidade,menstruação_anormal,,,,,
Hipotiroidismo,fadiga,mãos_e_pés_frios,alterações_de_humor,letargia,tonturas,rosto_e_olhos_inchados,tiróide_aumentada,unhas_frágeis,extremidades_inchadas,depressão,irritabilidade,menstruação_anormal,,,,,
Hipotiroidismo,fadiga,aumento_de_peso,alterações_de_humor,letargia,tonturas,rosto_e_olhos_inchados,tiróide_aumentada,unhas_frágeis,extremidades_inchadas,depressão,irritabilidade,menstruação_anormal,,,,,
Hipotiroidismo,fadiga,aumento_de_peso,mãos_e_pés_frios,letargia,tonturas,rosto_e_olhos_inchados,tiróide_aumentada,unhas_frágeis,extremidades_inchadas,depressão,irritabilidade,menstruação_anormal,,,,,
Hipotiroidismo,fadiga,aumento_de_peso,mãos_e_pés_frios,alterações_de_humor,tonturas,rosto_e_olhos_inchados,tiróide_aumentada,unhas_frágeis,extremidades_inchadas,depressão,irritabilidade,menstruação_anormal,,,,,
Hipotiroidismo,fadiga,aumento_de_peso,mãos_e_pés_frios,alterações_de_humor,letargia,rosto_e_olhos_inchados,tiróide_aumentada,unhas_frágeis,extremidades_inchadas,depressão,irritabilidade,menstruação_anormal,,,,,
Hipotiroidismo,fadiga,aumento_de_peso,mãos_e_pés_frios,alterações_de_humor,letargia,tonturas,tiróide_aumentada,unhas_frágeis,extremidades_inchadas,depressão,irritabilidade,menstruação_anormal,,,,,
Hipertiroidismo,fadiga,alterações_de_humor,perda_de_peso,agitação,sudorese,diarreia,frequência_cardíaca_elevada,fome_excessiva,fraqueza_muscular,irritabilidade,menstruação_anormal,,,,,,
Hipertiroidismo,fadiga,alterações_de_humor,perda_de_peso,agitação,sudorese,diarreia,frequência_cardíaca_elevada,fome_excessiva,fraqueza_muscular,irritabilidade,menstruação_anormal,,,,,,
Hipertiroidismo,alterações_de_humor,perda_de_peso,agitação,sudorese,diarreia,frequência_cardíaca_elevada,fome_excessiva,fraqueza_muscular,irritabilidade,menstruação_anormal,,,,,,,
Hipertiroidismo,fadiga,perda_de_peso,agitação,sudorese,diarreia,frequência_cardíaca_elevada,fome_excessiva,fraqueza_muscular,irritabilidade,menstruação_anormal,,,,,,,
Hipertiroidismo,fadiga,alterações_de_humor,agitação,sudorese,diarreia,frequência_cardíaca_elevada,fome_excessiva,fraqueza_muscular,irritabilidade,menstruação_anormal,,,,,,,
Hipertiroidismo,fadiga,alterações_de_humor,perda_de_peso,sudorese,diarreia,frequência_cardíaca_elevada,fome_excessiva,fraqueza_muscular,irritabilidade,menstruação_anormal,,,,,,,
Hipertiroidismo,fadiga,alterações_de_humor,perda_de_peso,agitação,diarreia,frequência_cardíaca_elevada,fome_excessiva,fraqueza_muscular,irritabilidade,menstruação_anormal,,,,,,,
Hipertiroidismo,fadiga,alterações_de_humor,perda_de_peso,agitação,sudorese,frequência_cardíaca_elevada,fome_excessiva,fraqueza_muscular,irritabilidade,menstruação_anormal,,,,,,,
Hipertiroidismo,fadiga,alterações_de_humor,perda_de_peso,agitação,sudorese,diarreia,fome_excessiva,fraqueza_muscular,irritabilidade,menstruação_anormal,,,,,,,
Hipertiroidismo,fadiga,alterações_de_humor,perda_de_peso,agitação,sudorese,diarreia,frequência_cardíaca_elevada,fraqueza_muscular,irritabilidade,menstruação_anormal,,,,,,,
Hipoglicemia,vómitos,fadiga,ansiedade,sudorese,dor_de_cabeça,náuseas,visão_turva_e_distorcida,fome_excessiva,discurso_arrastado,irritabilidade,palpitações,,,,,,
Hipoglicemia,vómitos,fadiga,ansiedade,sudorese,dor_de_cabeça,náuseas,visão_turva_e_distorcida,fome_excessiva,lábios_secos_e_com_formigueiro,discurso_arrastado,irritabilidade,palpitações,,,,,
Hipoglicemia,vómitos,fadiga,ansiedade,sudorese,dor_de_cabeça,náuseas,visão_turva_e_distorcida,fome_excessiva,lábios_secos_e_com_formigueiro,discurso_arrastado,irritabilidade,palpitações,,,,,
Hipoglicemia,fadiga,ansiedade,sudorese,dor_de_cabeça,náuseas,visão_turva_e_distorcida,fome_excessiva,lábios_secos_e_com_formigueiro,discurso_arrastado,irritabilidade,palpitações,,,,,,
Hipoglicemia,vómitos,ansiedade,sudorese,dor_de_cabeça,náuseas,visão_turva_e_distorcida,fome_excessiva,lábios_secos_e_com_formigueiro,discurso_arrastado,irritabilidade,palpitações,,,,,,
Hipoglicemia,vómitos,fadiga,sudorese,dor_de_cabeça,náuseas,visão_turva_e_distorcida,fome_excessiva,lábios_secos_e_com_formigueiro,discurso_arrastado,irritabilidade,palpitações,,,,,,
Hipoglicemia,vómitos,fadiga,ansiedade,dor_de_cabeça,náuseas,visão_turva_e_distorcida,fome_excessiva,lábios_secos_e_com_formigueiro,discurso_arrastado,irritabilidade,palpitações,,,,,,
Hipoglicemia,vómitos,fadiga,ansiedade,sudorese,náuseas,visão_turva_e_distorcida,fome_excessiva,lábios_secos_e_com_formigueiro,discurso_arrastado,irritabilidade,palpitações,,,,,,
Hipoglicemia,vómitos,fadiga,ansiedade,sudorese,dor_de_cabeça,visão_turva_e_distorcida,fome_excessiva,lábios_secos_e_com_formigueiro,discurso_arrastado,irritabilidade,palpitações,,,,,,
Hipoglicemia,vómitos,fadiga,ansiedade,sudorese,dor_de_cabeça,náuseas,fome_excessiva,lábios_secos_e_com_formigueiro,discurso_arrastado,irritabilidade,palpitações,,,,,,
Osteoartrite,dor_nas_articulações,dor_no_pescoço,dor_no_joelho,dor_na_articulação_da_anca,inchaço_das_articulações,dor_ao_caminhar,,,,,,,,,,,
Osteoartrite,dor_nas_articulações,dor_no_pescoço,dor_no_joelho,dor_na_articulação_da_anca,inchaço_das_articulações,dor_ao_caminhar,,,,,,,,,,,
Osteoartrite,dor_no_pescoço,dor_no_joelho,dor_na_articulação_da_anca,inchaço_das_articulações,dor_ao_caminhar,,,,,,,,,,,,
Osteoartrite,dor_nas_articulações,dor_no_joelho,dor_na_articulação_da_anca,inchaço_das_articulações,dor_ao_caminhar,,,,,,,,,,,,
Osteoartrite,dor_nas_articulações,dor_no_pescoço,dor_na_articulação_da_anca,inchaço_das_articulações,dor_ao_caminhar,,,,,,,,,,,,
Osteoartrite,dor_nas_articulações,dor_no_pescoço,dor_no_joelho,inchaço_das_articulações,dor_ao_caminhar,,,,,,,,,,,,
Osteoartrite,dor_nas_articulações,dor_no_pescoço,dor_no_joelho,dor_na_articulação_da_anca,dor_ao_caminhar,,,,,,,,,,,,
Osteoartrite,dor_nas_articulações,dor_no_pescoço,dor_no_joelho,dor_na_articulação_da_anca,inchaço_das_articulações,,,,,,,,,,,,
Osteoartrite,dor_nas_articulações,dor_no_pescoço,dor_no_joelho,dor_na_articulação_da_anca,inchaço_das_articulações,dor_ao_caminhar,,,,,,,,,,,
Osteoartrite,dor_nas_articulações,dor_no_pescoço,dor_no_joelho,dor_na_articulação_da_anca,inchaço_das_articulações,dor_ao_caminhar,,,,,,,,,,,
Artrite,fraqueza_muscular,rigidez_cervical,inchaço_das_articulações,rigidez_de_movimentos,dor_ao_caminhar,,,,,,,,,,,,
Artrite,fraqueza_muscular,rigidez_cervical,inchaço_das_articulações,rigidez_de_movimentos,dor_ao_caminhar,,,,,,,,,,,,
Artrite,rigidez_cervical,inchaço_das_articulações,rigidez_de_movimentos,dor_ao_caminhar,,,,,,,,,,,,,
Artrite,fraqueza_muscular,inchaço_das_articulações,rigidez_de_movimentos,dor_ao_caminhar,,,,,,,,,,,,,
Artrite,fraqueza_muscular,rigidez_cervical,rigidez_de_movimentos,dor_ao_caminhar,,,,,,,,,,,,,
Artrite,fraqueza_muscular,rigidez_cervical,inchaço_das_articulações,dor_ao_caminhar,,,,,,,,,,,,,
Artrite,fraqueza_muscular,rigidez_cervical,inchaço_das_articulações,rigidez_de_movimentos,dor_ao_caminhar,,,,,,,,,,,,
Artrite,fraqueza_muscular,rigidez_cervical,inchaço_das_articulações,rigidez_de_movimentos,,,,,,,,,,,,,
Artrite,fraqueza_muscular,rigidez_cervical,inchaço_das_articulações,rigidez_de_movimentos,dor_ao_caminhar,,,,,,,,,,,,
Artrite,fraqueza_muscular,rigidez_cervical,inchaço_das_articulações,rigidez_de_movimentos,dor_ao_caminhar,,,,,,,,,,,,
Vertigem Posicional Paroxística Benigna,vómitos,dor_de_cabeça,náuseas,movimentos_de_rotação,perda_de_equilíbrio,instabilidade,,,,,,,,,,,
Vertigem Posicional Paroxística Benigna,vómitos,dor_de_cabeça,náuseas,movimentos_de_rotação,perda_de_equilíbrio,instabilidade,,,,,,,,,,,
Vertigem Posicional Paroxística Benigna,dor_de_cabeça,náuseas,movimentos_de_rotação,perda_de_equilíbrio,instabilidade,,,,,,,,,,,,
Vertigem Posicional Paroxística Benigna,vómitos,náuseas,movimentos_de_rotação,perda_de_equilíbrio,instabilidade,,,,,,,,,,,,
Vertigem Posicional Paroxística Benigna,vómitos,dor_de_cabeça,movimentos_de_rotação,perda_de_equilíbrio,instabilidade,,,,,,,,,,,,
Vertigem Posicional Paroxística Benigna,vómitos,dor_de_cabeça,náuseas,perda_de_equilíbrio,instabilidade,,,,,,,,,,,,
Vertigem Posicional Paroxística Benigna,vómitos,dor_de_cabeça,náuseas,movimentos_de_rotação,instabilidade,,,,,,,,,,,,
Vertigem Posicional Paroxística Benigna,vómitos,dor_de_cabeça,náuseas,movimentos_de_rotação,perda_de_equilíbrio,,,,,,,,,,,,
Vertigem Posicional Paroxística Benigna,vómitos,dor_de_cabeça,náuseas,movimentos_de_rotação,perda_de_equilíbrio,instabilidade,,,,,,,,,,,
Vertigem Posicional Paroxística Benigna,vómitos,dor_de_cabeça,náuseas,perda_de_equilíbrio,instabilidade,,,,,,,,,,,,
Acne,erupção_cutânea,borbulhas_com_pus,pontos_negros,descamação,,,,,,,,,,,,,
Acne,erupção_cutânea,borbulhas_com_pus,pontos_negros,descamação,,,,,,,,,,,,,
Acne,borbulhas_com_pus,pontos_negros,descamação,,,,,,,,,,,,,,
Acne,erupção_cutânea,pontos_negros,descamação,,,,,,,,,,,,,,
Acne,erupção_cutânea,borbulhas_com_pus,descamação,,,,,,,,,,,,,,
Acne,erupção_cutânea,borbulhas_com_pus,pontos_negros,,,,,,,,,,,,,,
Acne,erupção_cutânea,borbulhas_com_pus,pontos_negros,descamação,,,,,,,,,,,,,
Acne,erupção_cutânea,borbulhas_com_pus,pontos_negros,,,,,,,,,,,,,,
Acne,erupção_cutânea,borbulhas_com_pus,descamação,,,,,,,,,,,,,,
Acne,erupção_cutânea,pontos_negros,descamação,,,,,,,,,,,,,,
Infeção do Trato Urinário,micção_ardente,desconforto_na_bexiga,odor_fétido_na_urina,sensação_contínua_de_urinar,,,,,,,,,,,,,
Infeção do Trato Urinário,micção_ardente,desconforto_na_bexiga,odor_fétido_na_urina,sensação_contínua_de_urinar,,,,,,,,,,,,,
Infeção do Trato Urinário,desconforto_na_bexiga,odor_fétido_na_urina,sensação_contínua_de_urinar,,,,,,,,,,,,,,
Infeção do Trato Urinário,micção_ardente,odor_fétido_na_urina,sensação_contínua_de_urinar,,,,,,,,,,,,,,
Infeção do Trato Urinário,micção_ardente,desconforto_na_bexiga,sensação_contínua_de_urinar,,,,,,,,,,,,,,
Infeção do Trato Urinário,micção_ardente,desconforto_na_bexiga,odor_fétido_na_urina,,,,,,,,,,,,,,
Infeção do Trato Urinário,micção_ardente,desconforto_na_bexiga,odor_fétido_na_urina,sensação_contínua_de_urinar,,,,,,,,,,,,,
Infeção do Trato Urinário,micção_ardente,desconforto_na_bexiga,sensação_contínua_de_urinar,,,,,,,,,,,,,,
Infeção do Trato Urinário,desconforto_na_bexiga,odor_fétido_na_urina,sensação_contínua_de_urinar,,,,,,,,,,,,,,
Infeção do Trato Urinário,micção_ardente,desconforto_na_bexiga,sensação_contínua_de_urinar,,,,,,,,,,,,,,
Psoríase,erupção_cutânea,dor_nas_articulações,descamação_da_pele,aspeto_prateado_na_pele,pequenas_depressões_nas_unhas,unhas_inflamadas,,,,,,,,,,,
Psoríase,erupção_cutânea,dor_nas_articulações,descamação_da_pele,aspeto_prateado_na_pele,pequenas_depressões_nas_unhas,unhas_inflamadas,,,,,,,,,,,
Psoríase,dor_nas_articulações,descamação_da_pele,aspeto_prateado_na_pele,pequenas_depressões_nas_unhas,unhas_inflamadas,,,,,,,,,,,,
Psoríase,erupção_cutânea,descamação_da_pele,aspeto_prateado_na_pele,pequenas_depressões_nas_unhas,unhas_inflamadas,,,,,,,,,,,,
Psoríase,erupção_cutânea,dor_nas_articulações,aspeto_prateado_na_pele,pequenas_depressões_nas_unhas,unhas_inflamadas,,,,,,,,,,,,
Psoríase,erupção_cutânea,dor_nas_articulações,descamação_da_pele,pequenas_depressões_nas_unhas,unhas_inflamadas,,,,,,,,,,,,
Psoríase,erupção_cutânea,dor_nas_articulações,descamação_da_pele,aspeto_prateado_na_pele,unhas_inflamadas,,,,,,,,,,,,
Psoríase,erupção_cutânea,dor_nas_articulações,descamação_da_pele,aspeto_prateado_na_pele,pequenas_depressões_nas_unhas,,,,,,,,,,,,
Psoríase,erupção_cutânea,dor_nas_articulações,descamação_da_pele,aspeto_prateado_na_pele,pequenas_depressões_nas_unhas,unhas_inflamadas,,,,,,,,,,,
Psoríase,erupção_cutânea,dor_nas_articulações,descamação_da_pele,aspeto_prateado_na_pele,pequenas_depressões_nas_unhas,unhas_inflamadas,,,,,,,,,,,
Impétigo,erupção_cutânea,febre_alta,bolha,ferida_vermelha_à_volta_do_nariz,crostas_amarelas_com_exsudado,,,,,,,,,,,,
Impétigo,erupção_cutânea,febre_alta,bolha,ferida_vermelha_à_volta_do_nariz,crostas_amarelas_com_exsudado,,,,,,,,,,,,
Impétigo,febre_alta,bolha,ferida_vermelha_à_volta_do_nariz,crostas_amarelas_com_exsudado,,,,,,,,,,,,,
Impétigo,erupção_cutânea,bolha,ferida_vermelha_à_volta_do_nariz,crostas_amarelas_com_exsudado,,,,,,,,,,,,,
Impétigo,erupção_cutânea,bolha,ferida_vermelha_à_volta_do_nariz,crostas_amarelas_com_exsudado,,,,,,,,,,,,,
Impétigo,erupção_cutânea,febre_alta,ferida_vermelha_à_volta_do_nariz,crostas_amarelas_com_exsudado,,,,,,,,,,,,,
Impétigo,erupção_cutânea,febre_alta,bolha,crostas_amarelas_com_exsudado,,,,,,,,,,,,,
Impétigo,erupção_cutânea,febre_alta,bolha,ferida_vermelha_à_volta_do_nariz,,,,,,,,,,,,,
Impétigo,erupção_cutânea,febre_alta,bolha,ferida_vermelha_à_volta_do_nariz,crostas_amarelas_com_exsudado,,,,,,,,,,,,
Impétigo,erupção_cutânea,bolha,ferida_vermelha_à_volta_do_nariz,crostas_amarelas_com_exsudado,,,,,,,,,,,,,
Infeção Fúngica,comichão,erupção_cutânea,erupções_cutâneas_nodulares,manchas_discrómicas,,,,,,,,,,,,,
Infeção Fúngica,erupção_cutânea,erupções_cutâneas_nodulares,manchas_discrómicas,,,,,,,,,,,,,,
Infeção Fúngica,comichão,erupções_cutâneas_nodulares,manchas_discrómicas,,,,,,,,,,,,,,
Infeção Fúngica,comichão,erupção_cutânea,manchas_discrómicas,,,,,,,,,,,,,,
Infeção Fúngica,comichão,erupção_cutânea,erupções_cutâneas_nodulares,,,,,,,,,,,,,,
Infeção Fúngica,erupção_cutânea,erupções_cutâneas_nodulares,manchas_discrómicas,,,,,,,,,,,,,,
Infeção Fúngica,comichão,erupções_cutâneas_nodulares,manchas_discrómicas,,,,,,,,,,,,,,
Infeção Fúngica,comichão,erupção_cutânea,manchas_discrómicas,,,,,,,,,,,,,,
Infeção Fúngica,comichão,erupção_cutânea,erupções_cutâneas_nodulares,,,,,,,,,,,,,,
Infeção Fúngica,comichão,erupção_cutânea,erupções_cutâneas_nodulares,manchas_discrómicas,,,,,,,,,,,,,
Alergia,espirros_contínuos,tremores,arrepios,lacrimejo,,,,,,,,,,,,,
Alergia,tremores,arrepios,lacrimejo,,,,,,,,,,,,,,
Alergia,espirros_contínuos,arrepios,lacrimejo,,,,,,,,,,,,,,
Alergia,espirros_contínuos,tremores,lacrimejo,,,,,,,,,,,,,,
Alergia,espirros_contínuos,tremores,arrepios,,,,,,,,,,,,,,
Alergia,tremores,arrepios,lacrimejo,,,,,,,,,,,,,,
Alergia,espirros_contínuos,arrepios,lacrimejo,,,,,,,,,,,,,,
Alergia,espirros_contínuos,tremores,lacrimejo,,,,,,,,,,,,,,
Alergia,espirros_contínuos,tremores,arrepios,,,,,,,,,,,,,,
Alergia,espirros_contínuos,tremores,arrepios,lacrimejo,,,,,,,,,,,,,
DRGE,dor_de_estômago,acidez,úlceras_na_língua,vómitos,tosse,dor_no_peito,,,,,,,,,,,
DRGE,dor_de_estômago,úlceras_na_língua,vómitos,tosse,dor_no_peito,,,,,,,,,,,,
DRGE,dor_de_estômago,acidez,vómitos,tosse,dor_no_peito,,,,,,,,,,,,
DRGE,dor_de_estômago,acidez,úlceras_na_língua,tosse,dor_no_peito,,,,,,,,,,,,
DRGE,dor_de_estômago,acidez,úlceras_na_língua,vómitos,dor_no_peito,,,,,,,,,,,,
DRGE,dor_de_estômago,acidez,úlceras_na_língua,vómitos,tosse,,,,,,,,,,,,
DRGE,acidez,úlceras_na_língua,vómitos,tosse,dor_no_peito,,,,,,,,,,,,
DRGE,dor_de_estômago,úlceras_na_língua,vómitos,tosse,dor_no_peito,,,,,,,,,,,,
DRGE,dor_de_estômago,acidez,vómitos,tosse,dor_no_peito,,,,,,,,,,,,
DRGE,dor_de_estômago,acidez,úlceras_na_língua,tosse,dor_no_peito,,,,,,,,,,,,
Colestase Crónica,comichão,vómitos,pele_amarelada,náuseas,perda_de_apetite,dor_abdominal,amarelecimento_dos_olhos,,,,,,,,,,
Colestase Crónica,vómitos,pele_amarelada,náuseas,perda_de_apetite,dor_abdominal,amarelecimento_dos_olhos,,,,,,,,,,,
Colestase Crónica,comichão,pele_amarelada,náuseas,perda_de_apetite,dor_abdominal,amarelecimento_dos_olhos,,,,,,,,,,,
Colestase Crónica,comichão,vómitos,náuseas,perda_de_apetite,dor_abdominal,amarelecimento_dos_olhos,,,,,,,,,,,
Colestase Crónica,comichão,vómitos,pele_amarelada,perda_de_apetite,dor_abdominal,amarelecimento_dos_olhos,,,,,,,,,,,
Colestase Crónica,comichão,vómitos,pele_amarelada,náuseas,dor_abdominal,amarelecimento_dos_olhos,,,,,,,,,,,
Colestase Crónica,comichão,vómitos,pele_amarelada,náuseas,perda_de_apetite,amarelecimento_dos_olhos,,,,,,,,,,,
Colestase Crónica,comichão,vómitos,pele_amarelada,náuseas,perda_de_apetite,dor_abdominal,,,,,,,,,,,
Colestase Crónica,comichão,vómitos,pele_amarelada,náuseas,perda_de_apetite,dor_abdominal,amarelecimento_dos_olhos,,,,,,,,,,
Colestase Crónica,comichão,vómitos,pele_amarelada,náuseas,perda_de_apetite,dor_abdominal,amarelecimento_dos_olhos,,,,,,,,,,
Reação a Medicamentos,comichão,erupção_cutânea,dor_de_estômago,micção_ardente,perdas_urinárias,,,,,,,,,,,,
Reação a Medicamentos,comichão,dor_de_estômago,micção_ardente,perdas_urinárias,,,,,,,,,,,,,
Reação a Medicamentos,comichão,erupção_cutânea,micção_ardente,perdas_urinárias,,,,,,,,,,,,,
Reação a Medicamentos,comichão,erupção_cutânea,dor_de_estômago,perdas_urinárias,,,,,,,,,,,,,
Reação a Medicamentos,comichão,erupção_cutânea,dor_de_estômago,micção_ardente,,,,,,,,,,,,,
Reação a Medicamentos,erupção_cutânea,dor_de_estômago,micção_ardente,perdas_urinárias,,,,,,,,,,,,,
Reação a Medicamentos,comichão,dor_de_estômago,micção_ardente,perdas_urinárias,,,,,,,,,,,,,
Reação a Medicamentos,comichão,erupção_cutânea,micção_ardente,perdas_urinárias,,,,,,,,,,,,,
Reação a Medicamentos,comichão,erupção_cutânea,dor_de_estômago,perdas_urinárias,,,,,,,,,,,,,
Reação a Medicamentos,comichão,erupção_cutânea,dor_de_estômago,micção_ardente,,,,,,,,,,,,,
Úlcera Péptica,vómitos,perda_de_apetite,dor_abdominal,passagem_de_gases,comichão_interna,,,,,,,,,,,,
Úlcera Péptica,vómitos,indigestão,dor_abdominal,passagem_de_gases,comichão_interna,,,,,,,,,,,,
Úlcera Péptica,indigestão,perda_de_apetite,dor_abdominal,passagem_de_gases,comichão_interna,,,,,,,,,,,,
Úlcera Péptica,vómitos,perda_de_apetite,dor_abdominal,passagem_de_gases,comichão_interna,,,,,,,,,,,,
Úlcera Péptica,vómitos,indigestão,dor_abdominal,passagem_de_gases,comichão_interna,,,,,,,,,,,,
Úlcera Péptica,vómitos,indigestão,perda_de_apetite,passagem_de_gases,comichão_interna,,,,,,,,,,,,
Úlcera Péptica,vómitos,indigestão,perda_de_apetite,dor_abdominal,comichão_interna,,,,,,,,,,,,
Úlcera Péptica,vómitos,indigestão,perda_de_apetite,dor_abdominal,passagem_de_gases,,,,,,,,,,,,
Úlcera Péptica,vómitos,indigestão,perda_de_apetite,dor_abdominal,passagem_de_gases,comichão_interna,,,,,,,,,,,
Úlcera Péptica,vómitos,indigestão,perda_de_apetite,dor_abdominal,passagem_de_gases,comichão_interna,,,,,,,,,,,
SIDA,atrofia_muscular,manchas_na_garganta,febre_alta,contactos_extraconjugais,,,,,,,,,,,,,
SIDA,manchas_na_garganta,febre_alta,contactos_extraconjugais,,,,,,,,,,,,,,
SIDA,atrofia_muscular,febre_alta,contactos_extraconjugais,,,,,,,,,,,,,,
SIDA,atrofia_muscular,manchas_na_garganta,contactos_extraconjugais,,,,,,,,,,,,,,
SIDA,atrofia_muscular,manchas_na_garganta,febre_alta,,,,,,,,,,,,,,
SIDA,atrofia_muscular,manchas_na_garganta,febre_alta,contactos_extraconjugais,,,,,,,,,,,,,
SIDA,atrofia_muscular,manchas_na_garganta,febre_alta,contactos_extraconjugais,,,,,,,,,,,,,
SIDA,manchas_na_garganta,febre_alta,contactos_extraconjugais,,,,,,,,,,,,,,
SIDA,atrofia_muscular,febre_alta,contactos_extraconjugais,,,,,,,,,,,,,,
SIDA,atrofia_muscular,manchas_na_garganta,febre_alta,,,,,,,,,,,,,,
Diabetes,fadiga,perda_de_peso,agitação,letargia,nível_de_açúcar_irregular,visão_turva_e_distorcida,obesidade,fome_excessiva,apetite_aumentado,poliúria,,,,,,,
Diabetes,fadiga,perda_de_peso,agitação,letargia,nível_de_açúcar_irregular,visão_turva_e_distorcida,obesidade,fome_excessiva,apetite_aumentado,poliúria,,,,,,,
Diabetes,perda_de_peso,agitação,letargia,nível_de_açúcar_irregular,visão_turva_e_distorcida,obesidade,fome_excessiva,apetite_aumentado,poliúria,,,,,,,,
Diabetes,fadiga,agitação,letargia,nível_de_açúcar_irregular,visão_turva_e_distorcida,obesidade,fome_excessiva,apetite_aumentado,poliúria,,,,,,,,
Diabetes,fadiga,perda_de_peso,letargia,nível_de_açúcar_irregular,visão_turva_e_distorcida,obesidade,fome_excessiva,apetite_aumentado,poliúria,,,,,,,,
Diabetes,fadiga,perda_de_peso,agitação,nível_de_açúcar_irregular,visão_turva_e_distorcida,obesidade,fome_excessiva,apetite_aumentado,poliúria,,,,,,,,
Diabetes,fadiga,perda_de_peso,agitação,letargia,visão_turva_e_distorcida,obesidade,fome_excessiva,apetite_aumentado,poliúria,,,,,,,,
Diabetes,fadiga,perda_de_peso,agitação,letargia,nível_de_açúcar_irregular,obesidade,fome_excessiva,apetite_aumentado,poliúria,,,,,,,,
Diabetes,fadiga,perda_de_peso,agitação,letargia,nível_de_açúcar_irregular,visão_turva_e_distorcida,fome_excessiva,apetite_aumentado,poliúria,,,,,,,,
Diabetes,fadiga,perda_de_peso,agitação,letargia,nível_de_açúcar_irregular,visão_turva_e_distorcida,obesidade,apetite_aumentado,poliúria,,,,,,,,
Gastroenterite,vómitos,olhos_encovados,desidratação,diarreia,,,,,,,,,,,,,
Gastroenterite,vómitos,olhos_encovados,desidratação,diarreia,,,,,,,,,,,,,
Gastroenterite,olhos_encovados,desidratação,diarreia,,,,,,,,,,,,,,
Gastroenterite,vómitos,desidratação,diarreia,,,,,,,,,,,,,,
Gastroenterite,vómitos,olhos_encovados,diarreia,,,,,,,,,,,,,,
Gastroenterite,vómitos,olhos_encovados,desidratação,,,,,,,,,,,,,,
Gastroenterite,vómitos,olhos_encovados,desidratação,diarreia,,,,,,,,,,,,,
Gastroenterite,olhos_encovados,desidratação,diarreia,,,,,,,,,,,,,,
Gastroenterite,vómitos,desidratação,diarreia,,,,,,,,,,,,,,
Gastroenterite,vómitos,olhos_encovados,diarreia,,,,,,,,,,,,,,
Asma Brônquica,fadiga,tosse,febre_alta,falta_de_ar,historial_familiar,expetoração_mucoide,,,,,,,,,,,
Asma Brônquica,tosse,febre_alta,falta_de_ar,historial_familiar,expetoração_mucoide,,,,,,,,,,,,
Asma Brônquica,fadiga,febre_alta,falta_de_ar,historial_familiar,expetoração_mucoide,,,,,,,,,,,,
Asma Brônquica,fadiga,tosse,falta_de_ar,historial_familiar,expetoração_mucoide,,,,,,,,,,,,
Asma Brônquica,fadiga,tosse,febre_alta,historial_familiar,expetoração_mucoide,,,,,,,,,,,,
Asma Brônquica,fadiga,tosse,febre_alta,falta_de_ar,expetoração_mucoide,,,,,,,,,,,,
Asma Brônquica,fadiga,tosse,febre_alta,falta_de_ar,historial_familiar,,,,,,,,,,,,
Asma Brônquica,fadiga,tosse,febre_alta,falta_de_ar,historial_familiar,expetoração_mucoide,,,,,,,,,,,
Asma Brônquica,tosse,febre_alta,falta_de_ar,historial_familiar,expetoração_mucoide,,,,,,,,,,,,
Asma Brônquica,fadiga,febre_alta,falta_de_ar,historial_familiar,expetoração_mucoide,,,,,,,,,,,,
Hipertensão,dor_de_cabeça,dor_no_peito,tonturas,perda_de_equilíbrio,falta_de_concentração,,,,,,,,,,,,
Hipertensão,dor_no_peito,tonturas,perda_de_equilíbrio,falta_de_concentração,,,,,,,,,,,,,
Hipertensão,dor_de_cabeça,tonturas,perda_de_equilíbrio,falta_de_concentração,,,,,,,,,,,,,
Hipertensão,dor_de_cabeça,dor_no_peito,perda_de_equilíbrio,falta_de_concentração,,,,,,,,,,,,,
Hipertensão,dor_de_cabeça,dor_no_peito,tonturas,falta_de_concentração,,,,,,,,,,,,,
Hipertensão,dor_de_cabeça,dor_no_peito,tonturas,perda_de_equilíbrio,,,,,,,,,,,,,
Hipertensão,dor_de_cabeça,dor_no_peito,tonturas,perda_de_equilíbrio,falta_de_concentração,,,,,,,,,,,,
Hipertensão,dor_no_peito,tonturas,perda_de_equilíbrio,falta_de_concentração,,,,,,,,,,,,,
Hipertensão,dor_de_cabeça,tonturas,perda_de_equilíbrio,falta_de_concentração,,,,,,,,,,,,,
Hipertensão,dor_de_cabeça,dor_no_peito,perda_de_equilíbrio,falta_de_concentração,,,,,,,,,,,,,
Enxaqueca,acidez,indigestão,dor_de_cabeça,visão_turva_e_distorcida,fome_excessiva,rigidez_cervical,depressão,irritabilidade,perturbações_visuais,,,,,,,,
Enxaqueca,indigestão,dor_de_cabeça,visão_turva_e_distorcida,fome_excessiva,rigidez_cervical,depressão,irritabilidade,perturbações_visuais,,,,,,,,,
Enxaqueca,acidez,dor_de_cabeça,visão_turva_e_distorcida,fome_excessiva,rigidez_cervical,depressão,irritabilidade,perturbações_visuais,,,,,,,,,
Enxaqueca,acidez,indigestão,visão_turva_e_distorcida,fome_excessiva,rigidez_cervical,depressão,irritabilidade,perturbações_visuais,,,,,,,,,
Enxaqueca,acidez,indigestão,dor_de_cabeça,fome_excessiva,rigidez_cervical,depressão,irritabilidade,perturbações_visuais,,,,,,,,,
Enxaqueca,acidez,indigestão,dor_de_cabeça,visão_turva_e_distorcida,rigidez_cervical,depressão,irritabilidade,perturbações_visuais,,,,,,,,,
Enxaqueca,acidez,indigestão,dor_de_cabeça,visão_turva_e_distorcida,fome_excessiva,depressão,irritabilidade,perturbações_visuais,,,,,,,,,
Enxaqueca,acidez,indigestão,dor_de_cabeça,visão_turva_e_distorcida,fome_excessiva,rigidez_cervical,irritabilidade,perturbações_visuais,,,,,,,,,
Enxaqueca,acidez,indigestão,dor_de_cabeça,visão_turva_e_distorcida,fome_excessiva,rigidez_cervical,depressão,perturbações_visuais,,,,,,,,,
Enxaqueca,acidez,indigestão,dor_de_cabeça,visão_turva_e_distorcida,fome_excessiva,rigidez_cervical,depressão,irritabilidade,,,,,,,,,
Espondilose Cervical,dor_nas_costas,fraqueza_nos_membros,dor_no_pescoço,tonturas,perda_de_equilíbrio,,,,,,,,,,,,
Espondilose Cervical,dor_nas_costas,fraqueza_nos_membros,dor_no_pescoço,tonturas,perda_de_equilíbrio,,,,,,,,,,,,
Espondilose Cervical,fraqueza_nos_membros,dor_no_pescoço,tonturas,perda_de_equilíbrio,,,,,,,,,,,,,
Espondilose Cervical,dor_nas_costas,dor_no_pescoço,tonturas,perda_de_equilíbrio,,,,,,,,,,,,,
Espondilose Cervical,dor_nas_costas,fraqueza_nos_membros,tonturas,perda_de_equilíbrio,,,,,,,,,,,,,
Espondilose Cervical,dor_nas_costas,fraqueza_nos_membros,dor_no_pescoço,perda_de_equilíbrio,,,,,,,,,,,,,
Espondilose Cervical,dor_nas_costas,fraqueza_nos_membros,dor_no_pescoço,tonturas,,,,,,,,,,,,,
Espondilose Cervical,dor_nas_costas,fraqueza_nos_membros,dor_no_pescoço,tonturas,perda_de_equilíbrio,,,,,,,,,,,,
Espondilose Cervical,fraqueza_nos_membros,dor_no_pescoço,tonturas,perda_de_equilíbrio,,,,,,,,,,,,,
Espondilose Cervical,dor_nas_costas,dor_no_pescoço,tonturas,perda_de_equilíbrio,,,,,,,,,,,,,
Paralisia (Hemorragia Cerebral),vómitos,dor_de_cabeça,fraqueza_num_lado_do_corpo,alteração_do_sensório,,,,,,,,,,,,,
Paralisia (Hemorragia Cerebral),vómitos,dor_de_cabeça,fraqueza_num_lado_do_corpo,alteração_do_sensório,,,,,,,,,,,,,
Paralisia (Hemorragia Cerebral),dor_de_cabeça,fraqueza_num_lado_do_corpo,alteração_do_sensório,,,,,,,,,,,,,,
Paralisia (Hemorragia Cerebral),vómitos,fraqueza_num_lado_do_corpo,alteração_do_sensório,,,,,,,,,,,,,,
Paralisia (Hemorragia Cerebral),vómitos,dor_de_cabeça,alteração_do_sensório,,,,,,,,,,,,,,
Paralisia (Hemorragia Cerebral),vómitos,dor_de_cabeça,fraqueza_num_lado_do_corpo,,,,,,,,,,,,,,
Paralisia (Hemorragia Cerebral),vómitos,dor_de_cabeça,fraqueza_num_lado_do_corpo,alteração_do_sensório,,,,,,,,,,,,,
Paralisia (Hemorragia Cerebral),dor_de_cabeça,fraqueza_num_lado_do_corpo,alteração_do_sensório,,,,,,,,,,,,,,
Paralisia (Hemorragia Cerebral),vómitos,fraqueza_num_lado_do_corpo,alteração_do_sensório,,,,,,,,,,,,,,
Paralisia (Hemorragia Cerebral),vómitos,dor_de_cabeça,alteração_do_sensório,,,,,,,,,,,,,,
Icterícia,comichão,vómitos,fadiga,perda_de_peso,febre_alta,pele_amarelada,urina_escura,dor_abdominal,,,,,,,,,
Icterícia,comichão,vómitos,fadiga,perda_de_peso,febre_alta,pele_amarelada,urina_escura,dor_abdominal,,,,,,,,,
Icterícia,vómitos,fadiga,perda_de_peso,febre_alta,pele_amarelada,urina_escura,dor_abdominal,,,,,,,,,,
Icterícia,comichão,fadiga,perda_de_peso,febre_alta,pele_amarelada,urina_escura,dor_abdominal,,,,,,,,,,
Icterícia,comichão,vómitos,perda_de_peso,febre_alta,pele_amarelada,urina_escura,dor_abdominal,,,,,,,,,,
Icterícia,comichão,vómitos,fadiga,febre_alta,pele_amarelada,urina_escura,dor_abdominal,,,,,,,,,,
Icterícia,comichão,vómitos,fadiga,perda_de_peso,pele_amarelada,urina_escura,dor_abdominal,,,,,,,,,,
Icterícia,comichão,vómitos,fadiga,perda_de_peso,febre_alta,urina_escura,dor_abdominal,,,,,,,,,,
Icterícia,comichão,vómitos,fadiga,perda_de_peso,febre_alta,pele_amarelada,dor_abdominal,,,,,,,,,,
Icterícia,comichão,vómitos,fadiga,perda_de_peso,febre_alta,pele_amarelada,urina_escura,,,,,,,,,,
Malária,arrepios,vómitos,febre_alta,sudorese,dor_de_cabeça,náuseas,dor_muscular,,,,,,,,,,
Malária,arrepios,vómitos,febre_alta,sudorese,dor_de_cabeça,náuseas,diarreia,dor_muscular,,,,,,,,,
Malária,arrepios,vómitos,febre_alta,sudorese,dor_de_cabeça,náuseas,diarreia,dor_muscular,,,,,,,,,
Malária,vómitos,febre_alta,sudorese,dor_de_cabeça,náuseas,diarreia,dor_muscular,,,,,,,,,,
Malária,arrepios,febre_alta,sudorese,dor_de_cabeça,náuseas,diarreia,dor_muscular,,,,,,,,,,
Malária,arrepios,vómitos,sudorese,dor_de_cabeça,náuseas,diarreia,dor_muscular,,,,,,,,,,
Malária,arrepios,vómitos,febre_alta,dor_de_cabeça,náuseas,diarreia,dor_muscular,,,,,,,,,,
Malária,arrepios,vómitos,febre_alta,sudorese,náuseas,diarreia,dor_muscular,,,,,,,,,,
Malária,arrepios,vómitos,febre_alta,sudorese,dor_de_cabeça,diarreia,dor_muscular,,,,,,,,,,
Malária,arrepios,vómitos,febre_alta,sudorese,dor_de_cabeça,náuseas,dor_muscular,,,,,,,,,,
Varicela,comichão,erupção_cutânea,fadiga,letargia,febre_alta,dor_de_cabeça,perda_de_apetite,febre_ligeira,gânglios_linfáticos_inchados,mal_estar,manchas_vermelhas_pelo_corpo,,,,,,
Varicela,erupção_cutânea,fadiga,letargia,febre_alta,dor_de_cabeça,perda_de_apetite,febre_ligeira,gânglios_linfáticos_inchados,mal_estar,manchas_vermelhas_pelo_corpo,,,,,,,
Varicela,comichão,fadiga,letargia,febre_alta,dor_de_cabeça,perda_de_apetite,febre_ligeira,gânglios_linfáticos_inchados,mal_estar,manchas_vermelhas_pelo_corpo,,,,,,,
Varicela,comichão,erupção_cutânea,letargia,febre_alta,dor_de_cabeça,perda_de_apetite,febre_ligeira,gânglios_linfáticos_inchados,mal_estar,manchas_vermelhas_pelo_corpo,,,,,,,
Varicela,comichão,erupção_cutânea,fadiga,febre_alta,dor_de_cabeça,perda_de_apetite,febre_ligeira,gânglios_linfáticos_inchados,mal_estar,manchas_vermelhas_pelo_corpo,,,,,,,
Varicela,comichão,erupção_cutânea,fadiga,letargia,dor_de_cabeça,perda_de_apetite,febre_ligeira,gânglios_linfáticos_inchados,mal_estar,manchas_vermelhas_pelo_corpo,,,,,,,
Varicela,comichão,erupção_cutânea,fadiga,letargia,febre_alta,perda_de_apetite,febre_ligeira,gânglios_linfáticos_inchados,mal_estar,manchas_vermelhas_pelo_corpo,,,,,,,
Varicela,comichão,erupção_cutânea,fadiga,letargia,febre_alta,dor_de_cabeça,febre_ligeira,gânglios_linfáticos_inchados,mal_estar,manchas_vermelhas_pelo_corpo,,,,,,,
Varicela,comichão,erupção_cutânea,fadiga,letargia,febre_alta,dor_de_cabeça,perda_de_apetite,gânglios_linfáticos_inchados,mal_estar,manchas_vermelhas_pelo_corpo,,,,,,,
Varicela,comichão,erupção_cutânea,fadiga,letargia,febre_alta,dor_de_cabeça,perda_de_apetite,febre_ligeira,mal_estar,manchas_vermelhas_pelo_corpo,,,,,,,
Dengue,erupção_cutânea,arrepios,dor_nas_articulações,vómitos,fadiga,febre_alta,dor_de_cabeça,náuseas,perda_de_apetite,dor_atrás_dos_olhos,dor_nas_costas,dor_muscular,manchas_vermelhas_pelo_corpo,,,,
Dengue,erupção_cutânea,arrepios,dor_nas_articulações,vómitos,fadiga,febre_alta,dor_de_cabeça,náuseas,perda_de_apetite,dor_atrás_dos_olhos,dor_nas_costas,mal_estar,manchas_vermelhas_pelo_corpo,,,,
Dengue,erupção_cutânea,arrepios,dor_nas_articulações,vómitos,fadiga,febre_alta,dor_de_cabeça,náuseas,perda_de_apetite,dor_atrás_dos_olhos,dor_nas_costas,mal_estar,dor_muscular,,,,
Dengue,erupção_cutânea,arrepios,dor_nas_articulações,vómitos,fadiga,febre_alta,dor_de_cabeça,náuseas,perda_de_apetite,dor_atrás_dos_olhos,dor_nas_costas,mal_estar,dor_muscular,manchas_vermelhas_pelo_corpo,,,
Dengue,arrepios,dor_nas_articulações,vómitos,fadiga,febre_alta,dor_de_cabeça,náuseas,perda_de_apetite,dor_atrás_dos_olhos,dor_nas_costas,mal_estar,dor_muscular,manchas_vermelhas_pelo_corpo,,,,
Dengue,erupção_cutânea,dor_nas_articulações,vómitos,fadiga,febre_alta,dor_de_cabeça,náuseas,perda_de_apetite,dor_atrás_dos_olhos,dor_nas_costas,mal_estar,dor_muscular,manchas_vermelhas_pelo_corpo,,,,
Dengue,erupção_cutânea,arrepios,vómitos,fadiga,febre_alta,dor_de_cabeça,náuseas,perda_de_apetite,dor_atrás_dos_olhos,dor_nas_costas,mal_estar,dor_muscular,manchas_vermelhas_pelo_corpo,,,,
Dengue,erupção_cutânea,arrepios,dor_nas_articulações,fadiga,febre_alta,dor_de_cabeça,náuseas,perda_de_apetite,dor_atrás_dos_olhos,dor_nas_costas,mal_estar,dor_muscular,manchas_vermelhas_pelo_corpo,,,,
Dengue,erupção_cutânea,arrepios,dor_nas_articulações,vómitos,febre_alta,dor_de_cabeça,náuseas,perda_de_apetite,dor_atrás_dos_olhos,dor_nas_costas,mal_estar,dor_muscular,manchas_vermelhas_pelo_corpo,,,,
Dengue,erupção_cutânea,arrepios,dor_nas_articulações,vómitos,fadiga,dor_de_cabeça,náuseas,perda_de_apetite,dor_atrás_dos_olhos,dor_nas_costas,mal_estar,dor_muscular,manchas_vermelhas_pelo_corpo,,,,
Febre Tifóide,arrepios,vómitos,fadiga,febre_alta,náuseas,obstipação,dor_abdominal,diarreia,aspeto_tóxico_(tifo),dor_na_barriga,,,,,,,
Febre Tifóide,arrepios,vómitos,fadiga,febre_alta,dor_de_cabeça,obstipação,dor_abdominal,diarreia,aspeto_tóxico_(tifo),dor_na_barriga,,,,,,,
Febre Tifóide,arrepios,vómitos,fadiga,febre_alta,dor_de_cabeça,náuseas,dor_abdominal,diarreia,aspeto_tóxico_(tifo),dor_na_barriga,,,,,,,
Febre Tifóide,arrepios,vómitos,fadiga,febre_alta,dor_de_cabeça,náuseas,obstipação,diarreia,aspeto_tóxico_(tifo),dor_na_barriga,,,,,,,
Febre Tifóide,arrepios,vómitos,fadiga,febre_alta,dor_de_cabeça,náuseas,obstipação,dor_abdominal,aspeto_tóxico_(tifo),dor_na_barriga,,,,,,,
Febre Tifóide,arrepios,vómitos,fadiga,febre_alta,dor_de_cabeça,náuseas,obstipação,dor_abdominal,diarreia,dor_na_barriga,,,,,,,
Febre Tifóide,arrepios,vómitos,fadiga,febre_alta,dor_de_cabeça,náuseas,obstipação,dor_abdominal,diarreia,aspeto_tóxico_(tifo),,,,,,,
Febre Tifóide,arrepios,vómitos,fadiga,febre_alta,dor_de_cabeça,náuseas,obstipação,dor_abdominal,diarreia,aspeto_tóxico_(tifo),dor_na_barriga,,,,,,
Febre Tifóide,arrepios,vómitos,fadiga,febre_alta,dor_de_cabeça,náuseas,obstipação,dor_abdominal,diarreia,aspeto_tóxico_(tifo),dor_na_barriga,,,,,,
Febre Tifóide,arrepios,fadiga,febre_alta,dor_de_cabeça,náuseas,obstipação,dor_abdominal,diarreia,aspeto_tóxico_(tifo),dor_na_barriga,,,,,,,
Hepatite A,dor_nas_articulações,vómitos,pele_amarelada,urina_escura,náuseas,perda_de_apetite,dor_abdominal,diarreia,febre_ligeira,amarelecimento_dos_olhos,dor_muscular,,,,,,
Hepatite A,dor_nas_articulações,vómitos,pele_amarelada,urina_escura,náuseas,perda_de_apetite,dor_abdominal,diarreia,febre_ligeira,amarelecimento_dos_olhos,dor_muscular,,,,,,
Hepatite A,vómitos,pele_amarelada,urina_escura,náuseas,perda_de_apetite,dor_abdominal,diarreia,febre_ligeira,amarelecimento_dos_olhos,dor_muscular,,,,,,,
Hepatite A,dor_nas_articulações,pele_amarelada,urina_escura,náuseas,perda_de_apetite,dor_abdominal,diarreia,febre_ligeira,amarelecimento_dos_olhos,dor_muscular,,,,,,,
Hepatite A,dor_nas_articulações,vómitos,urina_escura,náuseas,perda_de_apetite,dor_abdominal,diarreia,febre_ligeira,amarelecimento_dos_olhos,dor_muscular,,,,,,,
Hepatite A,dor_nas_articulações,vómitos,pele_amarelada,náuseas,perda_de_apetite,dor_abdominal,diarreia,febre_ligeira,amarelecimento_dos_olhos,dor_muscular,,,,,,,
Hepatite A,dor_nas_articulações,vómitos,pele_amarelada,urina_escura,perda_de_apetite,dor_abdominal,diarreia,febre_ligeira,amarelecimento_dos_olhos,dor_muscular,,,,,,,
Hepatite A,dor_nas_articulações,vómitos,pele_amarelada,urina_escura,náuseas,dor_abdominal,diarreia,febre_ligeira,amarelecimento_dos_olhos,dor_muscular,,,,,,,
Hepatite A,dor_nas_articulações,vómitos,pele_amarelada,urina_escura,náuseas,perda_de_apetite,diarreia,febre_ligeira,amarelecimento_dos_olhos,dor_muscular,,,,,,,
Hepatite A,dor_nas_articulações,vómitos,pele_amarelada,urina_escura,náuseas,perda_de_apetite,dor_abdominal,febre_ligeira,amarelecimento_dos_olhos,dor_muscular,,,,,,,
Hepatite B,comichão,fadiga,letargia,pele_amarelada,urina_escura,perda_de_apetite,dor_abdominal,urina_amarela,amarelecimento_dos_olhos,mal_estar,receção_de_transfusão_de_sangue,receção_de_injeções_não_esterilizadas,,,,,
Hepatite B,comichão,fadiga,letargia,pele_amarelada,urina_escura,perda_de_apetite,dor_abdominal,urina_amarela,amarelecimento_dos_olhos,mal_estar,receção_de_transfusão_de_sangue,receção_de_injeções_não_esterilizadas,,,,,
Hepatite B,fadiga,letargia,pele_amarelada,urina_escura,perda_de_apetite,dor_abdominal,urina_amarela,amarelecimento_dos_olhos,mal_estar,receção_de_transfusão_de_sangue,receção_de_injeções_não_esterilizadas,,,,,,
Hepatite B,comichão,letargia,pele_amarelada,urina_escura,perda_de_apetite,dor_abdominal,urina_amarela,amarelecimento_dos_olhos,mal_estar,receção_de_transfusão_de_sangue,receção_de_injeções_não_esterilizadas,,,,,,
Hepatite B,comichão,fadiga,pele_amarelada,urina_escura,perda_de_apetite,dor_abdominal,urina_amarela,amarelecimento_dos_olhos,mal_estar,receção_de_transfusão_de_sangue,receção_de_injeções_não_esterilizadas,,,,,,
Hepatite B,comichão,fadiga,letargia,urina_escura,perda_de_apetite,dor_abdominal,urina_amarela,amarelecimento_dos_olhos,mal_estar,receção_de_transfusão_de_sangue,receção_de_injeções_não_esterilizadas,,,,,,
Hepatite B,comichão,fadiga,letargia,pele_amarelada,perda_de_apetite,dor_abdominal,urina_amarela,amarelecimento_dos_olhos,mal_estar,receção_de_transfusão_de_sangue,receção_de_injeções_não_esterilizadas,,,,,,
Hepatite B,comichão,fadiga,letargia,pele_amarelada,urina_escura,dor_abdominal,urina_amarela,amarelecimento_dos_olhos,mal_estar,receção_de_transfusão_de_sangue,receção_de_injeções_não_esterilizadas,,,,,,
Hepatite B,comichão,fadiga,letargia,pele_amarelada,urina_escura,perda_de_apetite,urina_amarela,amarelecimento_dos_olhos,mal_estar,receção_de_transfusão_de_sangue,receção_de_injeções_não_esterilizadas,,,,,,
Hepatite B,comichão,fadiga,letargia,pele_amarelada,urina_escura,perda_de_apetite,dor_abdominal,amarelecimento_dos_olhos,mal_estar,receção_de_transfusão_de_sangue,receção_de_injeções_não_esterilizadas,,,,,,
Hepatite C,fadiga,pele_amarelada,náuseas,perda_de_apetite,historial_familiar,,,,,,,,,,,,
Hepatite C,fadiga,pele_amarelada,náuseas,perda_de_apetite,amarelecimento_dos_olhos,historial_familiar,,,,,,,,,,,
Hepatite C,pele_amarelada,náuseas,perda_de_apetite,amarelecimento_dos_olhos,historial_familiar,,,,,,,,,,,,
Hepatite C,fadiga,náuseas,perda_de_apetite,amarelecimento_dos_olhos,historial_familiar,,,,,,,,,,,,
Hepatite C,fadiga,pele_amarelada,perda_de_apetite,amarelecimento_dos_olhos,historial_familiar,,,,,,,,,,,,
Hepatite C,fadiga,pele_amarelada,náuseas,amarelecimento_dos_olhos,historial_familiar,,,,,,,,,,,,
Hepatite C,fadiga,pele_amarelada,náuseas,perda_de_apetite,historial_familiar,,,,,,,,,,,,
Hepatite C,fadiga,pele_amarelada,náuseas,perda_de_apetite,amarelecimento_dos_olhos,,,,,,,,,,,,
Hepatite C,fadiga,pele_amarelada,náuseas,perda_de_apetite,amarelecimento_dos_olhos,historial_familiar,,,,,,,,,,,
Hepatite C,fadiga,pele_amarelada,náuseas,perda_de_apetite,amarelecimento_dos_olhos,historial_familiar,,,,,,,,,,,
Hepatite D,dor_nas_articulações,vómitos,fadiga,pele_amarelada,urina_escura,náuseas,perda_de_apetite,dor_abdominal,amarelecimento_dos_olhos,,,,,,,,
Hepatite D,vómitos,fadiga,pele_amarelada,urina_escura,náuseas,perda_de_apetite,dor_abdominal,amarelecimento_dos_olhos,,,,,,,,,
Hepatite D,dor_nas_articulações,fadiga,pele_amarelada,urina_escura,náuseas,perda_de_apetite,dor_abdominal,amarelecimento_dos_olhos,,,,,,,,,
Hepatite D,dor_nas_articulações,vómitos,pele_amarelada,urina_escura,náuseas,perda_de_apetite,dor_abdominal,amarelecimento_dos_olhos,,,,,,,,,
Hepatite D,dor_nas_articulações,vómitos,fadiga,urina_escura,náuseas,perda_de_apetite,dor_abdominal,amarelecimento_dos_olhos,,,,,,,,,
Hepatite D,dor_nas_articulações,vómitos,fadiga,pele_amarelada,náuseas,perda_de_apetite,dor_abdominal,amarelecimento_dos_olhos,,,,,,,,,
Hepatite D,dor_nas_articulações,vómitos,fadiga,pele_amarelada,urina_escura,perda_de_apetite,dor_abdominal,amarelecimento_dos_olhos,,,,,,,,,
Hepatite D,dor_nas_articulações,vómitos,fadiga,pele_amarelada,urina_escura,náuseas,dor_abdominal,amarelecimento_dos_olhos,,,,,,,,,
Hepatite D,dor_nas_articulações,vómitos,fadiga,pele_amarelada,urina_escura,náuseas,perda_de_apetite,amarelecimento_dos_olhos,,,,,,,,,
Hepatite D,dor_nas_articulações,vómitos,fadiga,pele_amarelada,urina_escura,náuseas,perda_de_apetite,dor_abdominal,,,,,,,,,
Hepatite E,dor_nas_articulações,vómitos,fadiga,febre_alta,pele_amarelada,urina_escura,náuseas,perda_de_apetite,dor_abdominal,amarelecimento_dos_olhos,coma,hemorragia_gástrica,,,,,
Hepatite E,dor_nas_articulações,vómitos,fadiga,febre_alta,pele_amarelada,urina_escura,náuseas,perda_de_apetite,dor_abdominal,amarelecimento_dos_olhos,insuficiência_hepática_aguda,coma,hemorragia_gástrica,,,,
Hepatite E,dor_nas_articulações,vómitos,fadiga,febre_alta,pele_amarelada,urina_escura,náuseas,perda_de_apetite,dor_abdominal,amarelecimento_dos_olhos,insuficiência_hepática_aguda,coma,hemorragia_gástrica,,,,
Hepatite E,vómitos,fadiga,febre_alta,pele_amarelada,urina_escura,náuseas,perda_de_apetite,dor_abdominal,amarelecimento_dos_olhos,insuficiência_hepática_aguda,coma,hemorragia_gástrica,,,,,
Hepatite E,dor_nas_articulações,fadiga,febre_alta,pele_amarelada,urina_escura,náuseas,perda_de_apetite,dor_abdominal,amarelecimento_dos_olhos,insuficiência_hepática_aguda,coma,hemorragia_gástrica,,,,,
Hepatite E,dor_nas_articulações,vómitos,febre_alta,pele_amarelada,urina_escura,náuseas,perda_de_apetite,dor_abdominal,amarelecimento_dos_olhos,insuficiência_hepática_aguda,coma,hemorragia_gástrica,,,,,
Hepatite E,dor_nas_articulações,vómitos,fadiga,pele_amarelada,urina_escura,náuseas,perda_de_apetite,dor_abdominal,amarelecimento_dos_olhos,insuficiência_hepática_aguda,coma,hemorragia_gástrica,,,,,
Hepatite E,dor_nas_articulações,vómitos,fadiga,febre_alta,urina_escura,náuseas,perda_de_apetite,dor_abdominal,amarelecimento_dos_olhos,insuficiência_hepática_aguda,coma,hemorragia_gástrica,,,,,
Hepatite E,dor_nas_articulações,vómitos,fadiga,febre_alta,pele_amarelada,náuseas,perda_de_apetite,dor_abdominal,amarelecimento_dos_olhos,insuficiência_hepática_aguda,coma,hemorragia_gástrica,,,,,
Hepatite E,dor_nas_articulações,vómitos,fadiga,febre_alta,pele_amarelada,urina_escura,perda_de_apetite,dor_abdominal,amarelecimento_dos_olhos,insuficiência_hepática_aguda,coma,hemorragia_gástrica,,,,,
Hepatite Alcoólica,vómitos,pele_amarelada,dor_abdominal,inchaço_do_estômago,distensão_abdominal,historial_de_consumo_de_álcool,sobrecarga_de_fluidos,,,,,,,,,,
Hepatite Alcoólica,vómitos,pele_amarelada,dor_abdominal,inchaço_do_estômago,distensão_abdominal,historial_de_consumo_de_álcool,sobrecarga_de_fluidos,,,,,,,,,,
Hepatite Alcoólica,pele_amarelada,dor_abdominal,inchaço_do_estômago,distensão_abdominal,historial_de_consumo_de_álcool,sobrecarga_de_fluidos,,,,,,,,,,,
Hepatite Alcoólica,vómitos,dor_abdominal,inchaço_do_estômago,distensão_abdominal,historial_de_consumo_de_álcool,sobrecarga_de_fluidos,,,,,,,,,,,
Hepatite Alcoólica,vómitos,pele_amarelada,inchaço_do_estômago,distensão_abdominal,historial_de_consumo_de_álcool,sobrecarga_de_fluidos,,,,,,,,,,,
Hepatite Alcoólica,vómitos,pele_amarelada,dor_abdominal,distensão_abdominal,historial_de_consumo_de_álcool,sobrecarga_de_fluidos,,,,,,,,,,,
Hepatite Alcoólica,vómitos,pele_amarelada,dor_abdominal,inchaço_do_estômago,historial_de_consumo_de_álcool,sobrecarga_de_fluidos,,,,,,,,,,,
Hepatite Alcoólica,vómitos,pele_amarelada,dor_abdominal,inchaço_do_estômago,distensão_abdominal,sobrecarga_de_fluidos,,,,,,,,,,,
Hepatite Alcoólica,vómitos,pele_amarelada,dor_abdominal,inchaço_do_estômago,distensão_abdominal,historial_de_consumo_de_álcool,,,,,,,,,,,
Hepatite Alcoólica,vómitos,pele_amarelada,dor_abdominal,inchaço_do_estômago,distensão_abdominal,historial_de_consumo_de_álcool,sobrecarga_de_fluidos,,,,,,,,,,
Tuberculose,arrepios,vómitos,fadiga,perda_de_peso,tosse,febre_alta,falta_de_ar,sudorese,perda_de_apetite,febre_ligeira,amarelecimento_dos_olhos,gânglios_linfáticos_inchados,mal_estar,fleuma,dor_no_peito,sangue_na_expetoração,
Tuberculose,arrepios,vómitos,fadiga,perda_de_peso,tosse,febre_alta,falta_de_ar,sudorese,perda_de_apetite,febre_ligeira,amarelecimento_dos_olhos,gânglios_linfáticos_inchados,mal_estar,fleuma,dor_no_peito,sangue_na_expetoração,
Tuberculose,vómitos,fadiga,perda_de_peso,tosse,febre_alta,falta_de_ar,sudorese,perda_de_apetite,febre_ligeira,amarelecimento_dos_olhos,gânglios_linfáticos_inchados,mal_estar,fleuma,dor_no_peito,sangue_na_expetoração,,
Tuberculose,arrepios,fadiga,perda_de_peso,tosse,febre_alta,falta_de_ar,sudorese,perda_de_apetite,febre_ligeira,amarelecimento_dos_olhos,gânglios_linfáticos_inchados,mal_estar,fleuma,dor_no_peito,sangue_na_expetoração,,
Tuberculose,arrepios,vómitos,perda_de_peso,tosse,febre_alta,falta_de_ar,sudorese,perda_de_apetite,febre_ligeira,amarelecimento_dos_olhos,gânglios_linfáticos_inchados,mal_estar,fleuma,dor_no_peito,sangue_na_expetoração,,
Tuberculose,arrepios,vómitos,fadiga,tosse,febre_alta,falta_de_ar,sudorese,perda_de_apetite,febre_ligeira,amarelecimento_dos_olhos,gânglios_linfáticos_inchados,mal_estar,fleuma,dor_no_peito,sangue_na_expetoração,,
Tuberculose,arrepios,vómitos,fadiga,perda_de_peso,febre_alta,falta_de_ar,sudorese,perda_de_apetite,febre_ligeira,amarelecimento_dos_olhos,gânglios_linfáticos_inchados,mal_estar,fleuma,dor_no_peito,sangue_na_expetoração,,
Tuberculose,arrepios,vómitos,fadiga,perda_de_peso,tosse,falta_de_ar,sudorese,perda_de_apetite,febre_ligeira,amarelecimento_dos_olhos,gânglios_linfáticos_inchados,mal_estar,fleuma,dor_no_peito,sangue_na_expetoração,,
Tuberculose,arrepios,vómitos,fadiga,perda_de_peso,tosse,febre_alta,sudorese,perda_de_apetite,febre_ligeira,amarelecimento_dos_olhos,gânglios_linfáticos_inchados,mal_estar,fleuma,dor_no_peito,sangue_na_expetoração,,
Tuberculose,arrepios,vómitos,fadiga,perda_de_peso,tosse,febre_alta,falta_de_ar,perda_de_apetite,febre_ligeira,amarelecimento_dos_olhos,gânglios_linfáticos_inchados,mal_estar,fleuma,dor_no_peito,sangue_na_expetoração,,
Constipação Comum,espirros_contínuos,arrepios,fadiga,tosse,febre_alta,dor_de_cabeça,gânglios_linfáticos_inchados,mal_estar,fleuma,irritação_da_garganta,vermelhidão_dos_olhos,pressão_sinusal,nariz_a_pingar,congestão,dor_no_peito,perda_de_olfato,dor_muscular
Constipação Comum,espirros_contínuos,arrepios,fadiga,tosse,febre_alta,dor_de_cabeça,gânglios_linfáticos_inchados,mal_estar,fleuma,irritação_da_garganta,vermelhidão_dos_olhos,pressão_sinusal,nariz_a_pingar,congestão,dor_no_peito,perda_de_olfato,dor_muscular
Constipação Comum,arrepios,fadiga,tosse,febre_alta,dor_de_cabeça,gânglios_linfáticos_inchados,mal_estar,fleuma,irritação_da_garganta,vermelhidão_dos_olhos,pressão_sinusal,nariz_a_pingar,congestão,dor_no_peito,perda_de_olfato,dor_muscular,
Constipação Comum,espirros_contínuos,fadiga,tosse,febre_alta,dor_de_cabeça,gânglios_linfáticos_inchados,mal_estar,fleuma,irritação_da_garganta,vermelhidão_dos_olhos,pressão_sinusal,nariz_a_pingar,congestão,dor_no_peito,perda_de_olfato,dor_muscular,
Constipação Comum,espirros_contínuos,arrepios,tosse,febre_alta,dor_de_cabeça,gânglios_linfáticos_inchados,mal_estar,fleuma,irritação_da_garganta,vermelhidão_dos_olhos,pressão_sinusal,nariz_a_pingar,congestão,dor_no_peito,perda_de_olfato,dor_muscular,
Constipação Comum,espirros_contínuos,arrepios,fadiga,febre_alta,dor_de_cabeça,gânglios_linfáticos_inchados,mal_estar,fleuma,irritação_da_garganta,vermelhidão_dos_olhos,pressão_sinusal,nariz_a_pingar,congestão,dor_no_peito,perda_de_olfato,dor_muscular,
Constipação Comum,espirros_contínuos,arrepios,fadiga,tosse,dor_de_cabeça,gânglios_linfáticos_inchados,mal_estar,fleuma,irritação_da_garganta,vermelhidão_dos_olhos,pressão_sinusal,nariz_a_pingar,congestão,dor_no_peito,perda_de_olfato,dor_muscular,
Constipação Comum,espirros_contínuos,arrepios,fadiga,tosse,febre_alta,gânglios_linfáticos_inchados,mal_estar,fleuma,irritação_da_garganta,vermelhidão_dos_olhos,pressão_sinusal,nariz_a_pingar,congestão,dor_no_peito,perda_de_olfato,dor_muscular,
Constipação Comum,espirros_contínuos,arrepios,fadiga,tosse,febre_alta,dor_de_cabeça,mal_estar,fleuma,irritação_da_garganta,vermelhidão_dos_olhos,pressão_sinusal,nariz_a_pingar,congestão,dor_no_peito,perda_de_olfato,dor_muscular,
Constipação Comum,espirros_contínuos,arrepios,fadiga,tosse,febre_alta,dor_de_cabeça,gânglios_linfáticos_inchados,fleuma,irritação_da_garganta,vermelhidão_dos_olhos,pressão_sinusal,nariz_a_pingar,congestão,dor_no_peito,perda_de_olfato,dor_muscular,
Pneumonia,arrepios,fadiga,tosse,febre_alta,falta_de_ar,sudorese,mal_estar,dor_no_peito,frequência_cardíaca_elevada,expetoração_ferruginosa,,,,,,,
Pneumonia,arrepios,fadiga,tosse,febre_alta,falta_de_ar,sudorese,mal_estar,fleuma,dor_no_peito,frequência_cardíaca_elevada,expetoração_ferruginosa,,,,,,
Pneumonia,arrepios,fadiga,tosse,febre_alta,falta_de_ar,sudorese,mal_estar,fleuma,dor_no_peito,frequência_cardíaca_elevada,expetoração_ferruginosa,,,,,,
Pneumonia,fadiga,tosse,febre_alta,falta_de_ar,sudorese,mal_estar,fleuma,dor_no_peito,frequência_cardíaca_elevada,expetoração_ferruginosa,,,,,,,
Pneumonia,arrepios,tosse,febre_alta,falta_de_ar,sudorese,mal_estar,fleuma,dor_no_peito,frequência_cardíaca_elevada,expetoração_ferruginosa,,,,,,,
Pneumonia,arrepios,fadiga,febre_alta,falta_de_ar,sudorese,mal_estar,fleuma,dor_no_peito,frequência_cardíaca_elevada,expetoração_ferruginosa,,,,,,,
Pneumonia,arrepios,fadiga,tosse,falta_de_ar,sudorese,mal_estar,fleuma,dor_no_peito,frequência_cardíaca_elevada,expetoração_ferruginosa,,,,,,,
Pneumonia,arrepios,fadiga,tosse,febre_alta,sudorese,mal_estar,fleuma,dor_no_peito,frequência_cardíaca_elevada,expetoração_ferruginosa,,,,,,,
Pneumonia,arrepios,fadiga,tosse,febre_alta,falta_de_ar,mal_estar,fleuma,dor_no_peito,frequência_cardíaca_elevada,expetoração_ferruginosa,,,,,,,
Pneumonia,arrepios,fadiga,tosse,febre_alta,falta_de_ar,sudorese,fleuma,dor_no_peito,frequência_cardíaca_elevada,expetoração_ferruginosa,,,,,,,
Hemorroidas Dimórficas,obstipação,dor_durante_a_defecação,dor_na_região_anal,fezes_com_sangue,irritação_no_ânus,,,,,,,,,,,,
Hemorroidas Dimórficas,obstipação,dor_durante_a_defecação,dor_na_região_anal,fezes_com_sangue,irritação_no_ânus,,,,,,,,,,,,
Hemorroidas Dimórficas,obstipação,dor_durante_a_defecação,dor_na_região_anal,fezes_com_sangue,irritação_no_ânus,,,,,,,,,,,,
Hemorroidas Dimórficas,dor_durante_a_defecação,dor_na_região_anal,fezes_com_sangue,irritação_no_ânus,,,,,,,,,,,,,
Hemorroidas Dimórficas,obstipação,dor_na_região_anal,fezes_com_sangue,irritação_no_ânus,,,,,,,,,,,,,
Hemorroidas Dimórficas,obstipação,dor_durante_a_defecação,fezes_com_sangue,irritação_no_ânus,,,,,,,,,,,,,
Hemorroidas Dimórficas,obstipação,dor_durante_a_defecação,dor_na_região_anal,irritação_no_ânus,,,,,,,,,,,,,
Hemorroidas Dimórficas,obstipação,dor_durante_a_defecação,dor_na_região_anal,fezes_com_sangue,,,,,,,,,,,,,
Hemorroidas Dimórficas,obstipação,dor_durante_a_defecação,dor_na_região_anal,fezes_com_sangue,irritação_no_ânus,,,,,,,,,,,,
Hemorroidas Dimórficas,obstipação,dor_durante_a_defecação,dor_na_região_anal,fezes_com_sangue,irritação_no_ânus,,,,,,,,,,,,
Ataque Cardíaco,vómitos,falta_de_ar,sudorese,dor_no_peito,,,,,,,,,,,,,
Ataque Cardíaco,vómitos,falta_de_ar,sudorese,dor_no_peito,,,,,,,,,,,,,
Ataque Cardíaco,falta_de_ar,sudorese,dor_no_peito,,,,,,,,,,,,,,
Ataque Cardíaco,vómitos,sudorese,dor_no_peito,,,,,,,,,,,,,,
Ataque Cardíaco,vómitos,falta_de_ar,dor_no_peito,,,,,,,,,,,,,,
Ataque Cardíaco,vómitos,falta_de_ar,sudorese,,,,,,,,,,,,,,
Ataque Cardíaco,vómitos,falta_de_ar,sudorese,dor_no_peito,,,,,,,,,,,,,
Ataque Cardíaco,falta_de_ar,sudorese,dor_no_peito,,,,,,,,,,,,,,
Ataque Cardíaco,vómitos,sudorese,dor_no_peito,,,,,,,,,,,,,,
Ataque Cardíaco,vómitos,falta_de_ar,dor_no_peito,,,,,,,,,,,,,,
Varizes,fadiga,cãibras,equimoses,obesidade,pernas_inchadas,vasos_sanguíneos_dilatados,veias_proeminentes_na_barriga_da_perna,,,,,,,,,,
Varizes,fadiga,cãibras,equimoses,obesidade,pernas_inchadas,vasos_sanguíneos_dilatados,veias_proeminentes_na_barriga_da_perna,,,,,,,,,,
Varizes,cãibras,equimoses,obesidade,pernas_inchadas,vasos_sanguíneos_dilatados,veias_proeminentes_na_barriga_da_perna,,,,,,,,,,,
Varizes,fadiga,equimoses,obesidade,pernas_inchadas,vasos_sanguíneos_dilatados,veias_proeminentes_na_barriga_da_perna,,,,,,,,,,,
Varizes,fadiga,cãibras,obesidade,pernas_inchadas,vasos_sanguíneos_dilatados,veias_proeminentes_na_barriga_da_perna,,,,,,,,,,,
Varizes,fadiga,cãibras,equimoses,pernas_inchadas,vasos_sanguíneos_dilatados,veias_proeminentes_na_barriga_da_perna,,,,,,,,,,,
Varizes,fadiga,cãibras,equimoses,obesidade,vasos_sanguíneos_dilatados,veias_proeminentes_na_barriga_da_perna,,,,,,,,,,,
Varizes,fadiga,cãibras,equimoses,obesidade,pernas_inchadas,veias_proeminentes_na_barriga_da_perna,,,,,,,,,,,
Varizes,fadiga,cãibras,equimoses,obesidade,pernas_inchadas,vasos_sanguíneos_dilatados,,,,,,,,,,,
Varizes,fadiga,cãibras,equimoses,obesidade,pernas_inchadas,veias_proeminentes_na_barriga_da_perna,,,,,,,,,,,
Hipotiroidismo,fadiga,aumento_de_peso,mãos_e_pés_frios,alterações_de_humor,letargia,tonturas,rosto_e_olhos_inchados,tiróide_aumentada,unhas_frágeis,extremidades_inchadas,depressão,irritabilidade,menstruação_anormal,,,,
Hipotiroidismo,fadiga,aumento_de_peso,mãos_e_pés_frios,alterações_de_humor,letargia,tonturas,rosto_e_olhos_inchados,tiróide_aumentada,unhas_frágeis,extremidades_inchadas,depressão,irritabilidade,menstruação_anormal,,,,
Hipotiroidismo,aumento_de_peso,mãos_e_pés_frios,alterações_de_humor,letargia,tonturas,rosto_e_olhos_inchados,tiróide_aumentada,unhas_frágeis,extremidades_inchadas,depressão,irritabilidade,menstruação_anormal,,,,,
Hipotiroidismo,aumento_de_peso,mãos_e_pés_frios,alterações_de_humor,letargia,tonturas,rosto_e_olhos_inchados,tiróide_aumentada,unhas_frágeis,extremidades_inchadas,depressão,irritabilidade,menstruação_anormal,,,,,
Hipotiroidismo,fadiga,mãos_e_pés_frios,alterações_de_humor,letargia,tonturas,rosto_e_olhos_inchados,tiróide_aumentada,unhas_frágeis,extremidades_inchadas,depressão,irritabilidade,menstruação_anormal,,,,,
Hipotiroidismo,fadiga,aumento_de_peso,alterações_de_humor,letargia,tonturas,rosto_e_olhos_inchados,tiróide_aumentada,unhas_frágeis,extremidades_inchadas,depressão,irritabilidade,menstruação_anormal,,,,,
Hipotiroidismo,fadiga,aumento_de_peso,mãos_e_pés_frios,letargia,tonturas,rosto_e_olhos_inchados,tiróide_aumentada,unhas_frágeis,extremidades_inchadas,depressão,irritabilidade,menstruação_anormal,,,,,
Hipotiroidismo,fadiga,aumento_de_peso,mãos_e_pés_frios,alterações_de_humor,tonturas,rosto_e_olhos_inchados,tiróide_aumentada,unhas_frágeis,extremidades_inchadas,depressão,irritabilidade,menstruação_anormal,,,,,
Hipotiroidismo,fadiga,aumento_de_peso,mãos_e_pés_frios,alterações_de_humor,letargia,rosto_e_olhos_inchados,tiróide_aumentada,unhas_frágeis,extremidades_inchadas,depressão,irritabilidade,menstruação_anormal,,,,,
Hipotiroidismo,fadiga,aumento_de_peso,mãos_e_pés_frios,alterações_de_humor,letargia,tonturas,tiróide_aumentada,unhas_frágeis,extremidades_inchadas,depressão,irritabilidade,menstruação_anormal,,,,,
Hipertiroidismo,fadiga,alterações_de_humor,perda_de_peso,agitação,sudorese,diarreia,frequência_cardíaca_elevada,fome_excessiva,fraqueza_muscular,irritabilidade,menstruação_anormal,,,,,,
Hipertiroidismo,fadiga,alterações_de_humor,perda_de_peso,agitação,sudorese,diarreia,frequência_cardíaca_elevada,fome_excessiva,fraqueza_muscular,irritabilidade,menstruação_anormal,,,,,,
Hipertiroidismo,alterações_de_humor,perda_de_peso,agitação,sudorese,diarreia,frequência_cardíaca_elevada,fome_excessiva,fraqueza_muscular,irritabilidade,menstruação_anormal,,,,,,,
Hipertiroidismo,fadiga,perda_de_peso,agitação,sudorese,diarreia,frequência_cardíaca_elevada,fome_excessiva,fraqueza_muscular,irritabilidade,menstruação_anormal,,,,,,,
Hipertiroidismo,fadiga,alterações_de_humor,agitação,sudorese,diarreia,frequência_cardíaca_elevada,fome_excessiva,fraqueza_muscular,irritabilidade,menstruação_anormal,,,,,,,
Hipertiroidismo,fadiga,alterações_de_humor,perda_de_peso,sudorese,diarreia,frequência_cardíaca_elevada,fome_excessiva,fraqueza_muscular,irritabilidade,menstruação_anormal,,,,,,,
Hipertiroidismo,fadiga,alterações_de_humor,perda_de_peso,agitação,diarreia,frequência_cardíaca_elevada,fome_excessiva,fraqueza_muscular,irritabilidade,menstruação_anormal,,,,,,,
Hipertiroidismo,fadiga,alterações_de_humor,perda_de_peso,agitação,sudorese,frequência_cardíaca_elevada,fome_excessiva,fraqueza_muscular,irritabilidade,menstruação_anormal,,,,,,,
Hipertiroidismo,fadiga,alterações_de_humor,perda_de_peso,agitação,sudorese,diarreia,fome_excessiva,fraqueza_muscular,irritabilidade,menstruação_anormal,,,,,,,
Hipertiroidismo,fadiga,alterações_de_humor,perda_de_peso,agitação,sudorese,diarreia,frequência_cardíaca_elevada,fraqueza_muscular,irritabilidade,menstruação_anormal,,,,,,,
Hipoglicemia,vómitos,fadiga,ansiedade,sudorese,dor_de_cabeça,náuseas,visão_turva_e_distorcida,fome_excessiva,discurso_arrastado,irritabilidade,palpitações,,,,,,
Hipoglicemia,vómitos,fadiga,ansiedade,sudorese,dor_de_cabeça,náuseas,visão_turva_e_distorcida,fome_excessiva,lábios_secos_e_com_formigueiro,discurso_arrastado,irritabilidade,palpitações,,,,,
Hipoglicemia,vómitos,fadiga,ansiedade,sudorese,dor_de_cabeça,náuseas,visão_turva_e_distorcida,fome_excessiva,lábios_secos_e_com_formigueiro,discurso_arrastado,irritabilidade,palpitações,,,,,
Hipoglicemia,fadiga,ansiedade,sudorese,dor_de_cabeça,náuseas,visão_turva_e_distorcida,fome_excessiva,lábios_secos_e_com_formigueiro,discurso_arrastado,irritabilidade,palpitações,,,,,,
Hipoglicemia,vómitos,ansiedade,sudorese,dor_de_cabeça,náuseas,visão_turva_e_distorcida,fome_excessiva,lábios_secos_e_com_formigueiro,discurso_arrastado,irritabilidade,palpitações,,,,,,
Hipoglicemia,vómitos,fadiga,sudorese,dor_de_cabeça,náuseas,visão_turva_e_distorcida,fome_excessiva,lábios_secos_e_com_formigueiro,discurso_arrastado,irritabilidade,palpitações,,,,,,
Hipoglicemia,vómitos,fadiga,ansiedade,dor_de_cabeça,náuseas,visão_turva_e_distorcida,fome_excessiva,lábios_secos_e_com_formigueiro,discurso_arrastado,irritabilidade,palpitações,,,,,,
Hipoglicemia,vómitos,fadiga,ansiedade,sudorese,náuseas,visão_turva_e_distorcida,fome_excessiva,lábios_secos_e_com_formigueiro,discurso_arrastado,irritabilidade,palpitações,,,,,,
Hipoglicemia,vómitos,fadiga,ansiedade,sudorese,dor_de_cabeça,visão_turva_e_distorcida,fome_excessiva,lábios_secos_e_com_formigueiro,discurso_arrastado,irritabilidade,palpitações,,,,,,
Hipoglicemia,vómitos,fadiga,ansiedade,sudorese,dor_de_cabeça,náuseas,fome_excessiva,lábios_secos_e_com_formigueiro,discurso_arrastado,irritabilidade,palpitações,,,,,,
Osteoartrite,dor_nas_articulações,dor_no_pescoço,dor_no_joelho,dor_na_articulação_da_anca,inchaço_das_articulações,dor_ao_caminhar,,,,,,,,,,,
Osteoartrite,dor_nas_articulações,dor_no_pescoço,dor_no_joelho,dor_na_articulação_da_anca,inchaço_das_articulações,dor_ao_caminhar,,,,,,,,,,,
Osteoartrite,dor_no_pescoço,dor_no_joelho,dor_na_articulação_da_anca,inchaço_das_articulações,dor_ao_caminhar,,,,,,,,,,,,
Osteoartrite,dor_nas_articulações,dor_no_joelho,dor_na_articulação_da_anca,inchaço_das_articulações,dor_ao_caminhar,,,,,,,,,,,,
Osteoartrite,dor_nas_articulações,dor_no_pescoço,dor_na_articulação_da_anca,inchaço_das_articulações,dor_ao_caminhar,,,,,,,,,,,,
Osteoartrite,dor_nas_articulações,dor_no_pescoço,dor_no_joelho,inchaço_das_articulações,dor_ao_caminhar,,,,,,,,,,,,
Osteoartrite,dor_nas_articulações,dor_no_pescoço,dor_no_joelho,dor_na_articulação_da_anca,dor_ao_caminhar,,,,,,,,,,,,
Osteoartrite,dor_nas_articulações,dor_no_pescoço,dor_no_joelho,dor_na_articulação_da_anca,inchaço_das_articulações,,,,,,,,,,,,
Osteoartrite,dor_nas_articulações,dor_no_pescoço,dor_no_joelho,dor_na_articulação_da_anca,inchaço_das_articulações,dor_ao_caminhar,,,,,,,,,,,
Osteoartrite,dor_nas_articulações,dor_no_pescoço,dor_no_joelho,dor_na_articulação_da_anca,inchaço_das_articulações,dor_ao_caminhar,,,,,,,,,,,
Artrite,fraqueza_muscular,rigidez_cervical,inchaço_das_articulações,rigidez_de_movimentos,dor_ao_caminhar,,,,,,,,,,,,
Artrite,fraqueza_muscular,rigidez_cervical,inchaço_das_articulações,rigidez_de_movimentos,dor_ao_caminhar,,,,,,,,,,,,
Artrite,rigidez_cervical,inchaço_das_articulações,rigidez_de_movimentos,dor_ao_caminhar,,,,,,,,,,,,,
Artrite,fraqueza_muscular,inchaço_das_articulações,rigidez_de_movimentos,dor_ao_caminhar,,,,,,,,,,,,,
Artrite,fraqueza_muscular,rigidez_cervical,rigidez_de_movimentos,dor_ao_caminhar,,,,,,,,,,,,,
Artrite,fraqueza_muscular,rigidez_cervical,inchaço_das_articulações,dor_ao_caminhar,,,,,,,,,,,,,
Artrite,fraqueza_muscular,rigidez_cervical,inchaço_das_articulações,rigidez_de_movimentos,dor_ao_caminhar,,,,,,,,,,,,
Artrite,fraqueza_muscular,rigidez_cervical,inchaço_das_articulações,rigidez_de_movimentos,,,,,,,,,,,,,
Artrite,fraqueza_muscular,rigidez_cervical,inchaço_das_articulações,rigidez_de_movimentos,dor_ao_caminhar,,,,,,,,,,,,
Artrite,fraqueza_muscular,rigidez_cervical,inchaço_das_articulações,rigidez_de_movimentos,dor_ao_caminhar,,,,,,,,,,,,
Vertigem Posicional Paroxística Benigna,vómitos,dor_de_cabeça,náuseas,movimentos_de_rotação,perda_de_equilíbrio,instabilidade,,,,,,,,,,,
Vertigem Posicional Paroxística Benigna,vómitos,dor_de_cabeça,náuseas,movimentos_de_rotação,perda_de_equilíbrio,instabilidade,,,,,,,,,,,
Vertigem Posicional Paroxística Benigna,dor_de_cabeça,náuseas,movimentos_de_rotação,perda_de_equilíbrio,instabilidade,,,,,,,,,,,,
Vertigem Posicional Paroxística Benigna,vómitos,náuseas,movimentos_de_rotação,perda_de_equilíbrio,instabilidade,,,,,,,,,,,,
Vertigem Posicional Paroxística Benigna,vómitos,dor_de_cabeça,movimentos_de_rotação,perda_de_equilíbrio,instabilidade,,,,,,,,,,,,
Vertigem Posicional Paroxística Benigna,vómitos,dor_de_cabeça,náuseas,perda_de_equilíbrio,instabilidade,,,,,,,,,,,,
Vertigem Posicional Paroxística Benigna,vómitos,dor_de_cabeça,náuseas,movimentos_de_rotação,instabilidade,,,,,,,,,,,,
Vertigem Posicional Paroxística Benigna,vómitos,dor_de_cabeça,náuseas,movimentos_de_rotação,perda_de_equilíbrio,,,,,,,,,,,,
Vertigem Posicional Paroxística Benigna,vómitos,dor_de_cabeça,náuseas,movimentos_de_rotação,perda_de_equilíbrio,instabilidade,,,,,,,,,,,
Vertigem Posicional Paroxística Benigna,vómitos,dor_de_cabeça,náuseas,perda_de_equilíbrio,instabilidade,,,,,,,,,,,,
Acne,erupção_cutânea,borbulhas_com_pus,pontos_negros,descamação,,,,,,,,,,,,,
Acne,erupção_cutânea,borbulhas_com_pus,pontos_negros,descamação,,,,,,,,,,,,,
Acne,borbulhas_com_pus,pontos_negros,descamação,,,,,,,,,,,,,,
Acne,erupção_cutânea,pontos_negros,descamação,,,,,,,,,,,,,,
Acne,erupção_cutânea,borbulhas_com_pus,descamação,,,,,,,,,,,,,,
Acne,erupção_cutânea,borbulhas_com_pus,pontos_negros,,,,,,,,,,,,,,
Acne,erupção_cutânea,borbulhas_com_pus,pontos_negros,descamação,,,,,,,,,,,,,
Acne,erupção_cutânea,borbulhas_com_pus,pontos_negros,,,,,,,,,,,,,,
Acne,erupção_cutânea,borbulhas_com_pus,descamação,,,,,,,,,,,,,,
Acne,erupção_cutânea,pontos_negros,descamação,,,,,,,,,,,,,,
Infeção do Trato Urinário,micção_ardente,desconforto_na_bexiga,odor_fétido_na_urina,sensação_contínua_de_urinar,,,,,,,,,,,,,
Infeção do Trato Urinário,micção_ardente,desconforto_na_bexiga,odor_fétido_na_urina,sensação_contínua_de_urinar,,,,,,,,,,,,,
Infeção do Trato Urinário,desconforto_na_bexiga,odor_fétido_na_urina,sensação_contínua_de_urinar,,,,,,,,,,,,,,
Infeção do Trato Urinário,micção_ardente,odor_fétido_na_urina,sensação_contínua_de_urinar,,,,,,,,,,,,,,
Infeção do Trato Urinário,micção_ardente,desconforto_na_bexiga,sensação_contínua_de_urinar,,,,,,,,,,,,,,
Infeção do Trato Urinário,micção_ardente,desconforto_na_bexiga,odor_fétido_na_urina,,,,,,,,,,,,,,
Infeção do Trato Urinário,micção_ardente,desconforto_na_bexiga,odor_fétido_na_urina,sensação_contínua_de_urinar,,,,,,,,,,,,,
Infeção do Trato Urinário,micção_ardente,desconforto_na_bexiga,sensação_contínua_de_urinar,,,,,,,,,,,,,,
Infeção do Trato Urinário,desconforto_na_bexiga,odor_fétido_na_urina,sensação_contínua_de_urinar,,,,,,,,,,,,,,
Infeção do Trato Urinário,micção_ardente,desconforto_na_bexiga,sensação_contínua_de_urinar,,,,,,,,,,,,,,
Psoríase,erupção_cutânea,dor_nas_articulações,descamação_da_pele,aspeto_prateado_na_pele,pequenas_depressões_nas_unhas,unhas_inflamadas,,,,,,,,,,,
Psoríase,erupção_cutânea,dor_nas_articulações,descamação_da_pele,aspeto_prateado_na_pele,pequenas_depressões_nas_unhas,unhas_inflamadas,,,,,,,,,,,
Psoríase,dor_nas_articulações,descamação_da_pele,aspeto_prateado_na_pele,pequenas_depressões_nas_unhas,unhas_inflamadas,,,,,,,,,,,,
Psoríase,erupção_cutânea,descamação_da_pele,aspeto_prateado_na_pele,pequenas_depressões_nas_unhas,unhas_inflamadas,,,,,,,,,,,,
Psoríase,erupção_cutânea,dor_nas_articulações,aspeto_prateado_na_pele,pequenas_depressões_nas_unhas,unhas_inflamadas,,,,,,,,,,,,
Psoríase,erupção_cutânea,dor_nas_articulações,descamação_da_pele,pequenas_depressões_nas_unhas,unhas_inflamadas,,,,,,,,,,,,
Psoríase,erupção_cutânea,dor_nas_articulações,descamação_da_pele,aspeto_prateado_na_pele,unhas_inflamadas,,,,,,,,,,,,
Psoríase,erupção_cutânea,dor_nas_articulações,descamação_da_pele,aspeto_prateado_na_pele,pequenas_depressões_nas_unhas,,,,,,,,,,,,
Psoríase,erupção_cutânea,dor_nas_articulações,descamação_da_pele,aspeto_prateado_na_pele,pequenas_depressões_nas_unhas,unhas_inflamadas,,,,,,,,,,,
Psoríase,erupção_cutânea,dor_nas_articulações,descamação_da_pele,aspeto_prateado_na_pele,pequenas_depressões_nas_unhas,unhas_inflamadas,,,,,,,,,,,
Impétigo,erupção_cutânea,febre_alta,bolha,ferida_vermelha_à_volta_do_nariz,crostas_amarelas_com_exsudado,,,,,,,,,,,,
Impétigo,erupção_cutânea,febre_alta,bolha,ferida_vermelha_à_volta_do_nariz,crostas_amarelas_com_exsudado,,,,,,,,,,,,
Impétigo,febre_alta,bolha,ferida_vermelha_à_volta_do_nariz,crostas_amarelas_com_exsudado,,,,,,,,,,,,,
Impétigo,erupção_cutânea,bolha,ferida_vermelha_à_volta_do_nariz,crostas_amarelas_com_exsudado,,,,,,,,,,,,,
Impétigo,erupção_cutânea,bolha,ferida_vermelha_à_volta_do_nariz,crostas_amarelas_com_exsudado,,,,,,,,,,,,,
Impétigo,erupção_cutânea,febre_alta,ferida_vermelha_à_volta_do_nariz,crostas_amarelas_com_exsudado,,,,,,,,,,,,,
Impétigo,erupção_cutânea,febre_alta,bolha,crostas_amarelas_com_exsudado,,,,,,,,,,,,,
Impétigo,erupção_cutânea,febre_alta,bolha,ferida_vermelha_à_volta_do_nariz,,,,,,,,,,,,,
Impétigo,erupção_cutânea,febre_alta,bolha,ferida_vermelha_à_volta_do_nariz,crostas_amarelas_com_exsudado,,,,,,,,,,,,
Impétigo,erupção_cutânea,bolha,ferida_vermelha_à_volta_do_nariz,crostas_amarelas_com_exsudado,,,,,,,,,,,,,
Infeção Fúngica,comichão,erupção_cutânea,erupções_cutâneas_nodulares,manchas_discrómicas,,,,,,,,,,,,,
Infeção Fúngica,erupção_cutânea,erupções_cutâneas_nodulares,manchas_discrómicas,,,,,,,,,,,,,,
Infeção Fúngica,comichão,erupções_cutâneas_nodulares,manchas_discrómicas,,,,,,,,,,,,,,
Infeção Fúngica,comichão,erupção_cutânea,manchas_discrómicas,,,,,,,,,,,,,,
Infeção Fúngica,comichão,erupção_cutânea,erupções_cutâneas_nodulares,,,,,,,,,,,,,,
Infeção Fúngica,erupção_cutânea,erupções_cutâneas_nodulares,manchas_discrómicas,,,,,,,,,,,,,,
Infeção Fúngica,comichão,erupções_cutâneas_nodulares,manchas_discrómicas,,,,,,,,,,,,,,
Infeção Fúngica,comichão,erupção_cutânea,manchas_discrómicas,,,,,,,,,,,,,,
Infeção Fúngica,comichão,erupção_cutânea,erupções_cutâneas_nodulares,,,,,,,,,,,,,,
Infeção Fúngica,comichão,erupção_cutânea,erupções_cutâneas_nodulares,manchas_discrómicas,,,,,,,,,,,,,
Alergia,espirros_contínuos,tremores,arrepios,lacrimejo,,,,,,,,,,,,,
Alergia,tremores,arrepios,lacrimejo,,,,,,,,,,,,,,
Alergia,espirros_contínuos,arrepios,lacrimejo,,,,,,,,,,,,,,
Alergia,espirros_contínuos,tremores,lacrimejo,,,,,,,,,,,,,,
Alergia,espirros_contínuos,tremores,arrepios,,,,,,,,,,,,,,
Alergia,tremores,arrepios,lacrimejo,,,,,,,,,,,,,,
Alergia,espirros_contínuos,arrepios,lacrimejo,,,,,,,,,,,,,,
Alergia,espirros_contínuos,tremores,lacrimejo,,,,,,,,,,,,,,
Alergia,espirros_contínuos,tremores,arrepios,,,,,,,,,,,,,,
Alergia,espirros_contínuos,tremores,arrepios,lacrimejo,,,,,,,,,,,,,
DRGE,dor_de_estômago,acidez,úlceras_na_língua,vómitos,tosse,dor_no_peito,,,,,,,,,,,
DRGE,dor_de_estômago,úlceras_na_língua,vómitos,tosse,dor_no_peito,,,,,,,,,,,,
DRGE,dor_de_estômago,acidez,vómitos,tosse,dor_no_peito,,,,,,,,,,,,
DRGE,dor_de_estômago,acidez,úlceras_na_língua,tosse,dor_no_peito,,,,,,,,,,,,
DRGE,dor_de_estômago,acidez,úlceras_na_língua,vómitos,dor_no_peito,,,,,,,,,,,,
DRGE,dor_de_estômago,acidez,úlceras_na_língua,vómitos,tosse,,,,,,,,,,,,
DRGE,acidez,úlceras_na_língua,vómitos,tosse,dor_no_peito,,,,,,,,,,,,
DRGE,dor_de_estômago,úlceras_na_língua,vómitos,tosse,dor_no_peito,,,,,,,,,,,,
DRGE,dor_de_estômago,acidez,vómitos,tosse,dor_no_peito,,,,,,,,,,,,
DRGE,dor_de_estômago,acidez,úlceras_na_língua,tosse,dor_no_peito,,,,,,,,,,,,
Colestase Crónica,comichão,vómitos,pele_amarelada,náuseas,perda_de_apetite,dor_abdominal,amarelecimento_dos_olhos,,,,,,,,,,
Colestase Crónica,vómitos,pele_amarelada,náuseas,perda_de_apetite,dor_abdominal,amarelecimento_dos_olhos,,,,,,,,,,,
Colestase Crónica,comichão,pele_amarelada,náuseas,perda_de_apetite,dor_abdominal,amarelecimento_dos_olhos,,,,,,,,,,,
Colestase Crónica,comichão,vómitos,náuseas,perda_de_apetite,dor_abdominal,amarelecimento_dos_olhos,,,,,,,,,,,
Colestase Crónica,comichão,vómitos,pele_amarelada,perda_de_apetite,dor_abdominal,amarelecimento_dos_olhos,,,,,,,,,,,
Colestase Crónica,comichão,vómitos,pele_amarelada,náuseas,dor_abdominal,amarelecimento_dos_olhos,,,,,,,,,,,
Colestase Crónica,comichão,vómitos,pele_amarelada,náuseas,perda_de_apetite,amarelecimento_dos_olhos,,,,,,,,,,,
Colestase Crónica,comichão,vómitos,pele_amarelada,náuseas,perda_de_apetite,dor_abdominal,,,,,,,,,,,
Colestase Crónica,comichão,vómitos,pele_amarelada,náuseas,perda_de_apetite,dor_abdominal,amarelecimento_dos_olhos,,,,,,,,,,
Colestase Crónica,comichão,vómitos,pele_amarelada,náuseas,perda_de_apetite,dor_abdominal,amarelecimento_dos_olhos,,,,,,,,,,
Reação a Medicamentos,comichão,erupção_cutânea,dor_de_estômago,micção_ardente,perdas_urinárias,,,,,,,,,,,,
Reação a Medicamentos,comichão,dor_de_estômago,micção_ardente,perdas_urinárias,,,,,,,,,,,,,
Reação a Medicamentos,comichão,erupção_cutânea,micção_ardente,perdas_urinárias,,,,,,,,,,,,,
Reação a Medicamentos,comichão,erupção_cutânea,dor_de_estômago,perdas_urinárias,,,,,,,,,,,,,
Reação a Medicamentos,comichão,erupção_cutânea,dor_de_estômago,micção_ardente,,,,,,,,,,,,,
Reação a Medicamentos,erupção_cutânea,dor_de_estômago,micção_ardente,perdas_urinárias,,,,,,,,,,,,,
Reação a Medicamentos,comichão,dor_de_estômago,micção_ardente,perdas_urinárias,,,,,,,,,,,,,
Reação a Medicamentos,comichão,erupção_cutânea,micção_ardente,perdas_urinárias,,,,,,,,,,,,,
Reação a Medicamentos,comichão,erupção_cutânea,dor_de_estômago,perdas_urinárias,,,,,,,,,,,,,
Reação a Medicamentos,comichão,erupção_cutânea,dor_de_estômago,micção_ardente,,,,,,,,,,,,,
Úlcera Péptica,vómitos,perda_de_apetite,dor_abdominal,passagem_de_gases,comichão_interna,,,,,,,,,,,,
Úlcera Péptica,vómitos,indigestão,dor_abdominal,passagem_de_gases,comichão_interna,,,,,,,,,,,,
Úlcera Péptica,indigestão,perda_de_apetite,dor_abdominal,passagem_de_gases,comichão_interna,,,,,,,,,,,,
Úlcera Péptica,vómitos,perda_de_apetite,dor_abdominal,passagem_de_gases,comichão_interna,,,,,,,,,,,,
Úlcera Péptica,vómitos,indigestão,dor_abdominal,passagem_de_gases,comichão_interna,,,,,,,,,,,,
Úlcera Péptica,vómitos,indigestão,perda_de_apetite,passagem_de_gases,comichão_interna,,,,,,,,,,,,
Úlcera Péptica,vómitos,indigestão,perda_de_apetite,dor_abdominal,comichão_interna,,,,,,,,,,,,
Úlcera Péptica,vómitos,indigestão,perda_de_apetite,dor_abdominal,passagem_de_gases,,,,,,,,,,,,
Úlcera Péptica,vómitos,indigestão,perda_de_apetite,dor_abdominal,passagem_de_gases,comichão_interna,,,,,,,,,,,
Úlcera Péptica,vómitos,indigestão,perda_de_apetite,dor_abdominal,passagem_de_gases,comichão_interna,,,,,,,,,,,
SIDA,atrofia_muscular,manchas_na_garganta,febre_alta,contactos_extraconjugais,,,,,,,,,,,,,
SIDA,manchas_na_garganta,febre_alta,contactos_extraconjugais,,,,,,,,,,,,,,
SIDA,atrofia_muscular,febre_alta,contactos_extraconjugais,,,,,,,,,,,,,,
SIDA,atrofia_muscular,manchas_na_garganta,contactos_extraconjugais,,,,,,,,,,,,,,
SIDA,atrofia_muscular,manchas_na_garganta,febre_alta,,,,,,,,,,,,,,
SIDA,atrofia_muscular,manchas_na_garganta,febre_alta,contactos_extraconjugais,,,,,,,,,,,,,
SIDA,atrofia_muscular,manchas_na_garganta,febre_alta,contactos_extraconjugais,,,,,,,,,,,,,
SIDA,manchas_na_garganta,febre_alta,contactos_extraconjugais,,,,,,,,,,,,,,
SIDA,atrofia_muscular,febre_alta,contactos_extraconjugais,,,,,,,,,,,,,,
SIDA,atrofia_muscular,manchas_na_garganta,febre_alta,,,,,,,,,,,,,,
Diabetes,fadiga,perda_de_peso,agitação,letargia,nível_de_açúcar_irregular,visão_turva_e_distorcida,obesidade,fome_excessiva,apetite_aumentado,poliúria,,,,,,,
Diabetes,fadiga,perda_de_peso,agitação,letargia,nível_de_açúcar_irregular,visão_turva_e_distorcida,obesidade,fome_excessiva,apetite_aumentado,poliúria,,,,,,,
Diabetes,perda_de_peso,agitação,letargia,nível_de_açúcar_irregular,visão_turva_e_distorcida,obesidade,fome_excessiva,apetite_aumentado,poliúria,,,,,,,,
Diabetes,fadiga,agitação,letargia,nível_de_açúcar_irregular,visão_turva_e_distorcida,obesidade,fome_excessiva,apetite_aumentado,poliúria,,,,,,,,
Diabetes,fadiga,perda_de_peso,letargia,nível_de_açúcar_irregular,visão_turva_e_distorcida,obesidade,fome_excessiva,apetite_aumentado,poliúria,,,,,,,,
Diabetes,fadiga,perda_de_peso,agitação,nível_de_açúcar_irregular,visão_turva_e_distorcida,obesidade,fome_excessiva,apetite_aumentado,poliúria,,,,,,,,
Diabetes,fadiga,perda_de_peso,agitação,letargia,visão_turva_e_distorcida,obesidade,fome_excessiva,apetite_aumentado,poliúria,,,,,,,,
Diabetes,fadiga,perda_de_peso,agitação,letargia,nível_de_açúcar_irregular,obesidade,fome_excessiva,apetite_aumentado,poliúria,,,,,,,,
Diabetes,fadiga,perda_de_peso,agitação,letargia,nível_de_açúcar_irregular,visão_turva_e_distorcida,fome_excessiva,apetite_aumentado,poliúria,,,,,,,,
Diabetes,fadiga,perda_de_peso,agitação,letargia,nível_de_açúcar_irregular,visão_turva_e_distorcida,obesidade,apetite_aumentado,poliúria,,,,,,,,
Gastroenterite,vómitos,olhos_encovados,desidratação,diarreia,,,,,,,,,,,,,
Gastroenterite,vómitos,olhos_encovados,desidratação,diarreia,,,,,,,,,,,,,
Gastroenterite,olhos_encovados,desidratação,diarreia,,,,,,,,,,,,,,
Gastroenterite,vómitos,desidratação,diarreia,,,,,,,,,,,,,,
Gastroenterite,vómitos,olhos_encovados,diarreia,,,,,,,,,,,,,,
Gastroenterite,vómitos,olhos_encovados,desidratação,,,,,,,,,,,,,,
Gastroenterite,vómitos,olhos_encovados,desidratação,diarreia,,,,,,,,,,,,,
Gastroenterite,olhos_encovados,desidratação,diarreia,,,,,,,,,,,,,,
Gastroenterite,vómitos,desidratação,diarreia,,,,,,,,,,,,,,
Gastroenterite,vómitos,olhos_encovados,diarreia,,,,,,,,,,,,,,
Asma Brônquica,fadiga,tosse,febre_alta,falta_de_ar,historial_familiar,expetoração_mucoide,,,,,,,,,,,
Asma Brônquica,tosse,febre_alta,falta_de_ar,historial_familiar,expetoração_mucoide,,,,,,,,,,,,
Asma Brônquica,fadiga,febre_alta,falta_de_ar,historial_familiar,expetoração_mucoide,,,,,,,,,,,,
Asma Brônquica,fadiga,tosse,falta_de_ar,historial_familiar,expetoração_mucoide,,,,,,,,,,,,
Asma Brônquica,fadiga,tosse,febre_alta,historial_familiar,expetoração_mucoide,,,,,,,,,,,,
Asma Brônquica,fadiga,tosse,febre_alta,falta_de_ar,expetoração_mucoide,,,,,,,,,,,,
Asma Brônquica,fadiga,tosse,febre_alta,falta_de_ar,historial_familiar,,,,,,,,,,,,
Asma Brônquica,fadiga,tosse,febre_alta,falta_de_ar,historial_familiar,expetoração_mucoide,,,,,,,,,,,
Asma Brônquica,tosse,febre_alta,falta_de_ar,historial_familiar,expetoração_mucoide,,,,,,,,,,,,
Asma Brônquica,fadiga,febre_alta,falta_de_ar,historial_familiar,expetoração_mucoide,,,,,,,,,,,,
Hipertensão,dor_de_cabeça,dor_no_peito,tonturas,perda_de_equilíbrio,falta_de_concentração,,,,,,,,,,,,
Hipertensão,dor_no_peito,tonturas,perda_de_equilíbrio,falta_de_concentração,,,,,,,,,,,,,
Hipertensão,dor_de_cabeça,tonturas,perda_de_equilíbrio,falta_de_concentração,,,,,,,,,,,,,
Hipertensão,dor_de_cabeça,dor_no_peito,perda_de_equilíbrio,falta_de_concentração,,,,,,,,,,,,,
Hipertensão,dor_de_cabeça,dor_no_peito,tonturas,falta_de_concentração,,,,,,,,,,,,,
Hipertensão,dor_de_cabeça,dor_no_peito,tonturas,perda_de_equilíbrio,,,,,,,,,,,,,
Hipertensão,dor_de_cabeça,dor_no_peito,tonturas,perda_de_equilíbrio,falta_de_concentração,,,,,,,,,,,,
Hipertensão,dor_no_peito,tonturas,perda_de_equilíbrio,falta_de_concentração,,,,,,,,,,,,,
Hipertensão,dor_de_cabeça,tonturas,perda_de_equilíbrio,falta_de_concentração,,,,,,,,,,,,,
Hipertensão,dor_de_cabeça,dor_no_peito,perda_de_equilíbrio,falta_de_concentração,,,,,,,,,,,,,
Enxaqueca,acidez,indigestão,dor_de_cabeça,visão_turva_e_distorcida,fome_excessiva,rigidez_cervical,depressão,irritabilidade,perturbações_visuais,,,,,,,,
Enxaqueca,indigestão,dor_de_cabeça,visão_turva_e_distorcida,fome_excessiva,rigidez_cervical,depressão,irritabilidade,perturbações_visuais,,,,,,,,,
Enxaqueca,acidez,dor_de_cabeça,visão_turva_e_distorcida,fome_excessiva,rigidez_cervical,depressão,irritabilidade,perturbações_visuais,,,,,,,,,
Enxaqueca,acidez,indigestão,visão_turva_e_distorcida,fome_excessiva,rigidez_cervical,depressão,irritabilidade,perturbações_visuais,,,,,,,,,
Enxaqueca,acidez,indigestão,dor_de_cabeça,fome_excessiva,rigidez_cervical,depressão,irritabilidade,perturbações_visuais,,,,,,,,,
Enxaqueca,acidez,indigestão,dor_de_cabeça,visão_turva_e_distorcida,rigidez_cervical,depressão,irritabilidade,perturbações_visuais,,,,,,,,,
Enxaqueca,acidez,indigestão,dor_de_cabeça,visão_turva_e_distorcida,fome_excessiva,depressão,irritabilidade,perturbações_visuais,,,,,,,,,
Enxaqueca,acidez,indigestão,dor_de_cabeça,visão_turva_e_distorcida,fome_excessiva,rigidez_cervical,irritabilidade,perturbações_visuais,,,,,,,,,
Enxaqueca,acidez,indigestão,dor_de_cabeça,visão_turva_e_distorcida,fome_excessiva,rigidez_cervical,depressão,perturbações_visuais,,,,,,,,,
Enxaqueca,acidez,indigestão,dor_de_cabeça,visão_turva_e_distorcida,fome_excessiva,rigidez_cervical,depressão,irritabilidade,,,,,,,,,
Espondilose Cervical,dor_nas_costas,fraqueza_nos_membros,dor_no_pescoço,tonturas,perda_de_equilíbrio,,,,,,,,,,,,
Espondilose Cervical,dor_nas_costas,fraqueza_nos_membros,dor_no_pescoço,tonturas,perda_de_equilíbrio,,,,,,,,,,,,
Espondilose Cervical,fraqueza_nos_membros,dor_no_pescoço,tonturas,perda_de_equilíbrio,,,,,,,,,,,,,
Espondilose Cervical,dor_nas_costas,dor_no_pescoço,tonturas,perda_de_equilíbrio,,,,,,,,,,,,,
Espondilose Cervical,dor_nas_costas,fraqueza_nos_membros,tonturas,perda_de_equilíbrio,,,,,,,,,,,,,
Espondilose Cervical,dor_nas_costas,fraqueza_nos_membros,dor_no_pescoço,perda_de_equilíbrio,,,,,,,,,,,,,
Espondilose Cervical,dor_nas_costas,fraqueza_nos_membros,dor_no_pescoço,tonturas,,,,,,,,,,,,,
Espondilose Cervical,dor_nas_costas,fraqueza_nos_membros,dor_no_pescoço,tonturas,perda_de_equilíbrio,,,,,,,,,,,,
Espondilose Cervical,fraqueza_nos_membros,dor_no_pescoço,tonturas,perda_de_equilíbrio,,,,,,,,,,,,,
Espondilose Cervical,dor_nas_costas,dor_no_pescoço,tonturas,perda_de_equilíbrio,,,,,,,,,,,,,
Paralisia (Hemorragia Cerebral),vómitos,dor_de_cabeça,fraqueza_num_lado_do_corpo,alteração_do_sensório,,,,,,,,,,,,,
Paralisia (Hemorragia Cerebral),vómitos,dor_de_cabeça,fraqueza_num_lado_do_corpo,alteração_do_sensório,,,,,,,,,,,,,
Paralisia (Hemorragia Cerebral),dor_de_cabeça,fraqueza_num_lado_do_corpo,alteração_do_sensório,,,,,,,,,,,,,,
Paralisia (Hemorragia Cerebral),vómitos,fraqueza_num_lado_do_corpo,alteração_do_sensório,,,,,,,,,,,,,,
Paralisia (Hemorragia Cerebral),vómitos,dor_de_cabeça,alteração_do_sensório,,,,,,,,,,,,,,
Paralisia (Hemorragia Cerebral),vómitos,dor_de_cabeça,fraqueza_num_lado_do_corpo,,,,,,,,,,,,,,
Paralisia (Hemorragia Cerebral),vómitos,dor_de_cabeça,fraqueza_num_lado_do_corpo,alteração_do_sensório,,,,,,,,,,,,,
Paralisia (Hemorragia Cerebral),dor_de_cabeça,fraqueza_num_lado_do_corpo,alteração_do_sensório,,,,,,,,,,,,,,
Paralisia (Hemorragia Cerebral),vómitos,fraqueza_num_lado_do_corpo,alteração_do_sensório,,,,,,,,,,,,,,
Paralisia (Hemorragia Cerebral),vómitos,dor_de_cabeça,alteração_do_sensório,,,,,,,,,,,,,,
Icterícia,comichão,vómitos,fadiga,perda_de_peso,febre_alta,pele_amarelada,urina_escura,dor_abdominal,,,,,,,,,
Icterícia,comichão,vómitos,fadiga,perda_de_peso,febre_alta,pele_amarelada,urina_escura,dor_abdominal,,,,,,,,,
Icterícia,vómitos,fadiga,perda_de_peso,febre_alta,pele_amarelada,urina_escura,dor_abdominal,,,,,,,,,,
Icterícia,comichão,fadiga,perda_de_peso,febre_alta,pele_amarelada,urina_escura,dor_abdominal,,,,,,,,,,
Icterícia,comichão,vómitos,perda_de_peso,febre_alta,pele_amarelada,urina_escura,dor_abdominal,,,,,,,,,,
Icterícia,comichão,vómitos,fadiga,febre_alta,pele_amarelada,urina_escura,dor_abdominal,,,,,,,,,,
Icterícia,comichão,vómitos,fadiga,perda_de_peso,pele_amarelada,urina_escura,dor_abdominal,,,,,,,,,,
Icterícia,comichão,vómitos,fadiga,perda_de_peso,febre_alta,urina_escura,dor_abdominal,,,,,,,,,,
Icterícia,comichão,vómitos,fadiga,perda_de_peso,febre_alta,pele_amarelada,dor_abdominal,,,,,,,,,,
Icterícia,comichão,vómitos,fadiga,perda_de_peso,febre_alta,pele_amarelada,urina_escura,,,,,,,,,,
Malária,arrepios,vómitos,febre_alta,sudorese,dor_de_cabeça,náuseas,dor_muscular,,,,,,,,,,
Malária,arrepios,vómitos,febre_alta,sudorese,dor_de_cabeça,náuseas,diarreia,dor_muscular,,,,,,,,,
Malária,arrepios,vómitos,febre_alta,sudorese,dor_de_cabeça,náuseas,diarreia,dor_muscular,,,,,,,,,
Malária,vómitos,febre_alta,sudorese,dor_de_cabeça,náuseas,diarreia,dor_muscular,,,,,,,,,,
Malária,arrepios,febre_alta,sudorese,dor_de_cabeça,náuseas,diarreia,dor_muscular,,,,,,,,,,
Malária,arrepios,vómitos,sudorese,dor_de_cabeça,náuseas,diarreia,dor_muscular,,,,,,,,,,
Malária,arrepios,vómitos,febre_alta,dor_de_cabeça,náuseas,diarreia,dor_muscular,,,,,,,,,,
Malária,arrepios,vómitos,febre_alta,sudorese,náuseas,diarreia,dor_muscular,,,,,,,,,,
Malária,arrepios,vómitos,febre_alta,sudorese,dor_de_cabeça,diarreia,dor_muscular,,,,,,,,,,
Malária,arrepios,vómitos,febre_alta,sudorese,dor_de_cabeça,náuseas,dor_muscular,,,,,,,,,,
Varicela,comichão,erupção_cutânea,fadiga,letargia,febre_alta,dor_de_cabeça,perda_de_apetite,febre_ligeira,gânglios_linfáticos_inchados,mal_estar,manchas_vermelhas_pelo_corpo,,,,,,
Varicela,erupção_cutânea,fadiga,letargia,febre_alta,dor_de_cabeça,perda_de_apetite,febre_ligeira,gânglios_linfáticos_inchados,mal_estar,manchas_vermelhas_pelo_corpo,,,,,,,
Varicela,comichão,fadiga,letargia,febre_alta,dor_de_cabeça,perda_de_apetite,febre_ligeira,gânglios_linfáticos_inchados,mal_estar,manchas_vermelhas_pelo_corpo,,,,,,,
Varicela,comichão,erupção_cutânea,letargia,febre_alta,dor_de_cabeça,perda_de_apetite,febre_ligeira,gânglios_linfáticos_inchados,mal_estar,manchas_vermelhas_pelo_corpo,,,,,,,
Varicela,comichão,erupção_cutânea,fadiga,febre_alta,dor_de_cabeça,perda_de_apetite,febre_ligeira,gânglios_linfáticos_inchados,mal_estar,manchas_vermelhas_pelo_corpo,,,,,,,
Varicela,comichão,erupção_cutânea,fadiga,letargia,dor_de_cabeça,perda_de_apetite,febre_ligeira,gânglios_linfáticos_inchados,mal_estar,manchas_vermelhas_pelo_corpo,,,,,,,
Varicela,comichão,erupção_cutânea,fadiga,letargia,febre_alta,perda_de_apetite,febre_ligeira,gânglios_linfáticos_inchados,mal_estar,manchas_vermelhas_pelo_corpo,,,,,,,
Varicela,comichão,erupção_cutânea,fadiga,letargia,febre_alta,dor_de_cabeça,febre_ligeira,gânglios_linfáticos_inchados,mal_estar,manchas_vermelhas_pelo_corpo,,,,,,,
Varicela,comichão,erupção_cutânea,fadiga,letargia,febre_alta,dor_de_cabeça,perda_de_apetite,gânglios_linfáticos_inchados,mal_estar,manchas_vermelhas_pelo_corpo,,,,,,,
Varicela,comichão,erupção_cutânea,fadiga,letargia,febre_alta,dor_de_cabeça,perda_de_apetite,febre_ligeira,mal_estar,manchas_vermelhas_pelo_corpo,,,,,,,
Dengue,erupção_cutânea,arrepios,dor_nas_articulações,vómitos,fadiga,febre_alta,dor_de_cabeça,náuseas,perda_de_apetite,dor_atrás_dos_olhos,dor_nas_costas,dor_muscular,manchas_vermelhas_pelo_corpo,,,,
Dengue,erupção_cutânea,arrepios,dor_nas_articulações,vómitos,fadiga,febre_alta,dor_de_cabeça,náuseas,perda_de_apetite,dor_atrás_dos_olhos,dor_nas_costas,mal_estar,manchas_vermelhas_pelo_corpo,,,,
Dengue,erupção_cutânea,arrepios,dor_nas_articulações,vómitos,fadiga,febre_alta,dor_de_cabeça,náuseas,perda_de_apetite,dor_atrás_dos_olhos,dor_nas_costas,mal_estar,dor_muscular,,,,
Dengue,erupção_cutânea,arrepios,dor_nas_articulações,vómitos,fadiga,febre_alta,dor_de_cabeça,náuseas,perda_de_apetite,dor_atrás_dos_olhos,dor_nas_costas,mal_estar,dor_muscular,manchas_vermelhas_pelo_corpo,,,
Dengue,arrepios,dor_nas_articulações,vómitos,fadiga,febre_alta,dor_de_cabeça,náuseas,perda_de_apetite,dor_atrás_dos_olhos,dor_nas_costas,mal_estar,dor_muscular,manchas_vermelhas_pelo_corpo,,,,
Dengue,erupção_cutânea,dor_nas_articulações,vómitos,fadiga,febre_alta,dor_de_cabeça,náuseas,perda_de_apetite,dor_atrás_dos_olhos,dor_nas_costas,mal_estar,dor_muscular,manchas_vermelhas_pelo_corpo,,,,
Dengue,erupção_cutânea,arrepios,vómitos,fadiga,febre_alta,dor_de_cabeça,náuseas,perda_de_apetite,dor_atrás_dos_olhos,dor_nas_costas,mal_estar,dor_muscular,manchas_vermelhas_pelo_corpo,,,,
Dengue,erupção_cutânea,arrepios,dor_nas_articulações,fadiga,febre_alta,dor_de_cabeça,náuseas,perda_de_apetite,dor_atrás_dos_olhos,dor_nas_costas,mal_estar,dor_muscular,manchas_vermelhas_pelo_corpo,,,,
Dengue,erupção_cutânea,arrepios,dor_nas_articulações,vómitos,febre_alta,dor_de_cabeça,náuseas,perda_de_apetite,dor_atrás_dos_olhos,dor_nas_costas,mal_estar,dor_muscular,manchas_vermelhas_pelo_corpo,,,,
Dengue,erupção_cutânea,arrepios,dor_nas_articulações,vómitos,fadiga,dor_de_cabeça,náuseas,perda_de_apetite,dor_atrás_dos_olhos,dor_nas_costas,mal_estar,dor_muscular,manchas_vermelhas_pelo_corpo,,,,
Febre Tifóide,arrepios,vómitos,fadiga,febre_alta,náuseas,obstipação,dor_abdominal,diarreia,aspeto_tóxico_(tifo),dor_na_barriga,,,,,,,
Febre Tifóide,arrepios,vómitos,fadiga,febre_alta,dor_de_cabeça,obstipação,dor_abdominal,diarreia,aspeto_tóxico_(tifo),dor_na_barriga,,,,,,,
Febre Tifóide,arrepios,vómitos,fadiga,febre_alta,dor_de_cabeça,náuseas,dor_abdominal,diarreia,aspeto_tóxico_(tifo),dor_na_barriga,,,,,,,
Febre Tifóide,arrepios,vómitos,fadiga,febre_alta,dor_de_cabeça,náuseas,obstipação,diarreia,aspeto_tóxico_(tifo),dor_na_barriga,,,,,,,
Febre Tifóide,arrepios,vómitos,fadiga,febre_alta,dor_de_cabeça,náuseas,obstipação,dor_abdominal,aspeto_tóxico_(tifo),dor_na_barriga,,,,,,,
Febre Tifóide,arrepios,vómitos,fadiga,febre_alta,dor_de_cabeça,náuseas,obstipação,dor_abdominal,diarreia,dor_na_barriga,,,,,,,
Febre Tifóide,arrepios,vómitos,fadiga,febre_alta,dor_de_cabeça,náuseas,obstipação,dor_abdominal,diarreia,aspeto_tóxico_(tifo),,,,,,,
Febre Tifóide,arrepios,vómitos,fadiga,febre_alta,dor_de_cabeça,náuseas,obstipação,dor_abdominal,diarreia,aspeto_tóxico_(tifo),dor_na_barriga,,,,,,
Febre Tifóide,arrepios,vómitos,fadiga,febre_alta,dor_de_cabeça,náuseas,obstipação,dor_abdominal,diarreia,aspeto_tóxico_(tifo),dor_na_barriga,,,,,,
Febre Tifóide,arrepios,fadiga,febre_alta,dor_de_cabeça,náuseas,obstipação,dor_abdominal,diarreia,aspeto_tóxico_(tifo),dor_na_barriga,,,,,,,
Hepatite A,dor_nas_articulações,vómitos,pele_amarelada,urina_escura,náuseas,perda_de_apetite,dor_abdominal,diarreia,febre_ligeira,amarelecimento_dos_olhos,dor_muscular,,,,,,
Hepatite A,dor_nas_articulações,vómitos,pele_amarelada,urina_escura,náuseas,perda_de_apetite,dor_abdominal,diarreia,febre_ligeira,amarelecimento_dos_olhos,dor_muscular,,,,,,
Hepatite A,vómitos,pele_amarelada,urina_escura,náuseas,perda_de_apetite,dor_abdominal,diarreia,febre_ligeira,amarelecimento_dos_olhos,dor_muscular,,,,,,,
Hepatite A,dor_nas_articulações,pele_amarelada,urina_escura,náuseas,perda_de_apetite,dor_abdominal,diarreia,febre_ligeira,amarelecimento_dos_olhos,dor_muscular,,,,,,,
Hepatite A,dor_nas_articulações,vómitos,urina_escura,náuseas,perda_de_apetite,dor_abdominal,diarreia,febre_ligeira,amarelecimento_dos_olhos,dor_muscular,,,,,,,
Hepatite A,dor_nas_articulações,vómitos,pele_amarelada,náuseas,perda_de_apetite,dor_abdominal,diarreia,febre_ligeira,amarelecimento_dos_olhos,dor_muscular,,,,,,,
Hepatite A,dor_nas_articulações,vómitos,pele_amarelada,urina_escura,perda_de_apetite,dor_abdominal,diarreia,febre_ligeira,amarelecimento_dos_olhos,dor_muscular,,,,,,,
Hepatite A,dor_nas_articulações,vómitos,pele_amarelada,urina_escura,náuseas,dor_abdominal,diarreia,febre_ligeira,amarelecimento_dos_olhos,dor_muscular,,,,,,,
Hepatite A,dor_nas_articulações,vómitos,pele_amarelada,urina_escura,náuseas,perda_de_apetite,diarreia,febre_ligeira,amarelecimento_dos_olhos,dor_muscular,,,,,,,
Hepatite A,dor_nas_articulações,vómitos,pele_amarelada,urina_escura,náuseas,perda_de_apetite,dor_abdominal,febre_ligeira,amarelecimento_dos_olhos,dor_muscular,,,,,,,
Hepatite B,comichão,fadiga,letargia,pele_amarelada,urina_escura,perda_de_apetite,dor_abdominal,urina_amarela,amarelecimento_dos_olhos,mal_estar,receção_de_transfusão_de_sangue,receção_de_injeções_não_esterilizadas,,,,,
Hepatite B,comichão,fadiga,letargia,pele_amarelada,urina_escura,perda_de_apetite,dor_abdominal,urina_amarela,amarelecimento_dos_olhos,mal_estar,receção_de_transfusão_de_sangue,receção_de_injeções_não_esterilizadas,,,,,
Hepatite B,fadiga,letargia,pele_amarelada,urina_escura,perda_de_apetite,dor_abdominal,urina_amarela,amarelecimento_dos_olhos,mal_estar,receção_de_transfusão_de_sangue,receção_de_injeções_não_esterilizadas,,,,,,
Hepatite B,comichão,letargia,pele_amarelada,urina_escura,perda_de_apetite,dor_abdominal,urina_amarela,amarelecimento_dos_olhos,mal_estar,receção_de_transfusão_de_sangue,receção_de_injeções_não_esterilizadas,,,,,,
Hepatite B,comichão,fadiga,pele_amarelada,urina_escura,perda_de_apetite,dor_abdominal,urina_amarela,amarelecimento_dos_olhos,mal_estar,receção_de_transfusão_de_sangue,receção_de_injeções_não_esterilizadas,,,,,,
Hepatite B,comichão,fadiga,letargia,urina_escura,perda_de_apetite,dor_abdominal,urina_amarela,amarelecimento_dos_olhos,mal_estar,receção_de_transfusão_de_sangue,receção_de_injeções_não_esterilizadas,,,,,,
Hepatite B,comichão,fadiga,letargia,pele_amarelada,perda_de_apetite,dor_abdominal,urina_amarela,amarelecimento_dos_olhos,mal_estar,receção_de_transfusão_de_sangue,receção_de_injeções_não_esterilizadas,,,,,,
Hepatite B,comichão,fadiga,letargia,pele_amarelada,urina_escura,dor_abdominal,urina_amarela,amarelecimento_dos_olhos,mal_estar,receção_de_transfusão_de_sangue,receção_de_injeções_não_esterilizadas,,,,,,
Hepatite B,comichão,fadiga,letargia,pele_amarelada,urina_escura,perda_de_apetite,urina_amarela,amarelecimento_dos_olhos,mal_estar,receção_de_transfusão_de_sangue,receção_de_injeções_não_esterilizadas,,,,,,
Hepatite B,comichão,fadiga,letargia,pele_amarelada,urina_escura,perda_de_apetite,dor_abdominal,amarelecimento_dos_olhos,mal_estar,receção_de_transfusão_de_sangue,receção_de_injeções_não_esterilizadas,,,,,,
Hepatite C,fadiga,pele_amarelada,náuseas,perda_de_apetite,historial_familiar,,,,,,,,,,,,
Hepatite C,fadiga,pele_amarelada,náuseas,perda_de_apetite,amarelecimento_dos_olhos,historial_familiar,,,,,,,,,,,
Hepatite C,pele_amarelada,náuseas,perda_de_apetite,amarelecimento_dos_olhos,historial_familiar,,,,,,,,,,,,
Hepatite C,fadiga,náuseas,perda_de_apetite,amarelecimento_dos_olhos,historial_familiar,,,,,,,,,,,,
Hepatite C,fadiga,pele_amarelada,perda_de_apetite,amarelecimento_dos_olhos,historial_familiar,,,,,,,,,,,,
Hepatite C,fadiga,pele_amarelada,náuseas,amarelecimento_dos_olhos,historial_familiar,,,,,,,,,,,,
Hepatite C,fadiga,pele_amarelada,náuseas,perda_de_apetite,historial_familiar,,,,,,,,,,,,
Hepatite C,fadiga,pele_amarelada,náuseas,perda_de_apetite,amarelecimento_dos_olhos,,,,,,,,,,,,
Hepatite C,fadiga,pele_amarelada,náuseas,perda_de_apetite,amarelecimento_dos_olhos,historial_familiar,,,,,,,,,,,
Hepatite C,fadiga,pele_amarelada,náuseas,perda_de_apetite,amarelecimento_dos_olhos,historial_familiar,,,,,,,,,,,
Hepatite D,dor_nas_articulações,vómitos,fadiga,pele_amarelada,urina_escura,náuseas,perda_de_apetite,dor_abdominal,amarelecimento_dos_olhos,,,,,,,,
Hepatite D,vómitos,fadiga,pele_amarelada,urina_escura,náuseas,perda_de_apetite,dor_abdominal,amarelecimento_dos_olhos,,,,,,,,,
Hepatite D,dor_nas_articulações,fadiga,pele_amarelada,urina_escura,náuseas,perda_de_apetite,dor_abdominal,amarelecimento_dos_olhos,,,,,,,,,
Hepatite D,dor_nas_articulações,vómitos,pele_amarelada,urina_escura,náuseas,perda_de_apetite,dor_abdominal,amarelecimento_dos_olhos,,,,,,,,,
Hepatite D,dor_nas_articulações,vómitos,fadiga,urina_escura,náuseas,perda_de_apetite,dor_abdominal,amarelecimento_dos_olhos,,,,,,,,,
Hepatite D,dor_nas_articulações,vómitos,fadiga,pele_amarelada,náuseas,perda_de_apetite,dor_abdominal,amarelecimento_dos_olhos,,,,,,,,,
Hepatite D,dor_nas_articulações,vómitos,fadiga,pele_amarelada,urina_escura,perda_de_apetite,dor_abdominal,amarelecimento_dos_olhos,,,,,,,,,
Hepatite D,dor_nas_articulações,vómitos,fadiga,pele_amarelada,urina_escura,náuseas,dor_abdominal,amarelecimento_dos_olhos,,,,,,,,,
Hepatite D,dor_nas_articulações,vómitos,fadiga,pele_amarelada,urina_escura,náuseas,perda_de_apetite,amarelecimento_dos_olhos,,,,,,,,,
Hepatite D,dor_nas_articulações,vómitos,fadiga,pele_amarelada,urina_escura,náuseas,perda_de_apetite,dor_abdominal,,,,,,,,,
Hepatite E,dor_nas_articulações,vómitos,fadiga,febre_alta,pele_amarelada,urina_escura,náuseas,perda_de_apetite,dor_abdominal,amarelecimento_dos_olhos,coma,hemorragia_gástrica,,,,,
Hepatite E,dor_nas_articulações,vómitos,fadiga,febre_alta,pele_amarelada,urina_escura,náuseas,perda_de_apetite,dor_abdominal,amarelecimento_dos_olhos,insuficiência_hepática_aguda,coma,hemorragia_gástrica,,,,
Hepatite E,dor_nas_articulações,vómitos,fadiga,febre_alta,pele_amarelada,urina_escura,náuseas,perda_de_apetite,dor_abdominal,amarelecimento_dos_olhos,insuficiência_hepática_aguda,coma,hemorragia_gástrica,,,,
Hepatite E,vómitos,fadiga,febre_alta,pele_amarelada,urina_escura,náuseas,perda_de_apetite,dor_abdominal,amarelecimento_dos_olhos,insuficiência_hepática_aguda,coma,hemorragia_gástrica,,,,,
Hepatite E,dor_nas_articulações,fadiga,febre_alta,pele_amarelada,urina_escura,náuseas,perda_de_apetite,dor_abdominal,amarelecimento_dos_olhos,insuficiência_hepática_aguda,coma,hemorragia_gástrica,,,,,
Hepatite E,dor_nas_articulações,vómitos,febre_alta,pele_amarelada,urina_escura,náuseas,perda_de_apetite,dor_abdominal,amarelecimento_dos_olhos,insuficiência_hepática_aguda,coma,hemorragia_gástrica,,,,,
Hepatite E,dor_nas_articulações,vómitos,fadiga,pele_amarelada,urina_escura,náuseas,perda_de_apetite,dor_abdominal,amarelecimento_dos_olhos,insuficiência_hepática_aguda,coma,hemorragia_gástrica,,,,,
Hepatite E,dor_nas_articulações,vómitos,fadiga,febre_alta,urina_escura,náuseas,perda_de_apetite,dor_abdominal,amarelecimento_dos_olhos,insuficiência_hepática_aguda,coma,hemorragia_gástrica,,,,,
Hepatite E,dor_nas_articulações,vómitos,fadiga,febre_alta,pele_amarelada,náuseas,perda_de_apetite,dor_abdominal,amarelecimento_dos_olhos,insuficiência_hepática_aguda,coma,hemorragia_gástrica,,,,,
Hepatite E,dor_nas_articulações,vómitos,fadiga,febre_alta,pele_amarelada,urina_escura,perda_de_apetite,dor_abdominal,amarelecimento_dos_olhos,insuficiência_hepática_aguda,coma,hemorragia_gástrica,,,,,
Hepatite Alcoólica,vómitos,pele_amarelada,dor_abdominal,inchaço_do_estômago,distensão_abdominal,historial_de_consumo_de_álcool,sobrecarga_de_fluidos,,,,,,,,,,
Hepatite Alcoólica,vómitos,pele_amarelada,dor_abdominal,inchaço_do_estômago,distensão_abdominal,historial_de_consumo_de_álcool,sobrecarga_de_fluidos,,,,,,,,,,
Hepatite Alcoólica,pele_amarelada,dor_abdominal,inchaço_do_estômago,distensão_abdominal,historial_de_consumo_de_álcool,sobrecarga_de_fluidos,,,,,,,,,,,
Hepatite Alcoólica,vómitos,dor_abdominal,inchaço_do_estômago,distensão_abdominal,historial_de_consumo_de_álcool,sobrecarga_de_fluidos,,,,,,,,,,,
Hepatite Alcoólica,vómitos,pele_amarelada,inchaço_do_estômago,distensão_abdominal,historial_de_consumo_de_álcool,sobrecarga_de_fluidos,,,,,,,,,,,
Hepatite Alcoólica,vómitos,pele_amarelada,dor_abdominal,distensão_abdominal,historial_de_consumo_de_álcool,sobrecarga_de_fluidos,,,,,,,,,,,
Hepatite Alcoólica,vómitos,pele_amarelada,dor_abdominal,inchaço_do_estômago,historial_de_consumo_de_álcool,sobrecarga_de_fluidos,,,,,,,,,,,
Hepatite Alcoólica,vómitos,pele_amarelada,dor_abdominal,inchaço_do_estômago,distensão_abdominal,sobrecarga_de_fluidos,,,,,,,,,,,
Hepatite Alcoólica,vómitos,pele_amarelada,dor_abdominal,inchaço_do_estômago,distensão_abdominal,historial_de_consumo_de_álcool,,,,,,,,,,,
Hepatite Alcoólica,vómitos,pele_amarelada,dor_abdominal,inchaço_do_estômago,distensão_abdominal,historial_de_consumo_de_álcool,sobrecarga_de_fluidos,,,,,,,,,,
Tuberculose,arrepios,vómitos,fadiga,perda_de_peso,tosse,febre_alta,falta_de_ar,sudorese,perda_de_apetite,febre_ligeira,amarelecimento_dos_olhos,gânglios_linfáticos_inchados,mal_estar,fleuma,dor_no_peito,sangue_na_expetoração,
Tuberculose,arrepios,vómitos,fadiga,perda_de_peso,tosse,febre_alta,falta_de_ar,sudorese,perda_de_apetite,febre_ligeira,amarelecimento_dos_olhos,gânglios_linfáticos_inchados,mal_estar,fleuma,dor_no_peito,sangue_na_expetoração,
Tuberculose,vómitos,fadiga,perda_de_peso,tosse,febre_alta,falta_de_ar,sudorese,perda_de_apetite,febre_ligeira,amarelecimento_dos_olhos,gânglios_linfáticos_inchados,mal_estar,fleuma,dor_no_peito,sangue_na_expetoração,,
Tuberculose,arrepios,fadiga,perda_de_peso,tosse,febre_alta,falta_de_ar,sudorese,perda_de_apetite,febre_ligeira,amarelecimento_dos_olhos,gânglios_linfáticos_inchados,mal_estar,fleuma,dor_no_peito,sangue_na_expetoração,,
Tuberculose,arrepios,vómitos,perda_de_peso,tosse,febre_alta,falta_de_ar,sudorese,perda_de_apetite,febre_ligeira,amarelecimento_dos_olhos,gânglios_linfáticos_inchados,mal_estar,fleuma,dor_no_peito,sangue_na_expetoração,,
Tuberculose,arrepios,vómitos,fadiga,tosse,febre_alta,falta_de_ar,sudorese,perda_de_apetite,febre_ligeira,amarelecimento_dos_olhos,gânglios_linfáticos_inchados,mal_estar,fleuma,dor_no_peito,sangue_na_expetoração,,
Tuberculose,arrepios,vómitos,fadiga,perda_de_peso,febre_alta,falta_de_ar,sudorese,perda_de_apetite,febre_ligeira,amarelecimento_dos_olhos,gânglios_linfáticos_inchados,mal_estar,fleuma,dor_no_peito,sangue_na_expetoração,,
Tuberculose,arrepios,vómitos,fadiga,perda_de_peso,tosse,falta_de_ar,sudorese,perda_de_apetite,febre_ligeira,amarelecimento_dos_olhos,gânglios_linfáticos_inchados,mal_estar,fleuma,dor_no_peito,sangue_na_expetoração,,
Tuberculose,arrepios,vómitos,fadiga,perda_de_peso,tosse,febre_alta,sudorese,perda_de_apetite,febre_ligeira,amarelecimento_dos_olhos,gânglios_linfáticos_inchados,mal_estar,fleuma,dor_no_peito,sangue_na_expetoração,,
Tuberculose,arrepios,vómitos,fadiga,perda_de_peso,tosse,febre_alta,falta_de_ar,perda_de_apetite,febre_ligeira,amarelecimento_dos_olhos,gânglios_linfáticos_inchados,mal_estar,fleuma,dor_no_peito,sangue_na_expetoração,,
Constipação Comum,espirros_contínuos,arrepios,fadiga,tosse,febre_alta,dor_de_cabeça,gânglios_linfáticos_inchados,mal_estar,fleuma,irritação_da_garganta,vermelhidão_dos_olhos,pressão_sinusal,nariz_a_pingar,congestão,dor_no_peito,perda_de_olfato,dor_muscular
Constipação Comum,espirros_contínuos,arrepios,fadiga,tosse,febre_alta,dor_de_cabeça,gânglios_linfáticos_inchados,mal_estar,fleuma,irritação_da_garganta,vermelhidão_dos_olhos,pressão_sinusal,nariz_a_pingar,congestão,dor_no_peito,perda_de_olfato,dor_muscular
Constipação Comum,arrepios,fadiga,tosse,febre_alta,dor_de_cabeça,gânglios_linfáticos_inchados,mal_estar,fleuma,irritação_da_garganta,vermelhidão_dos_olhos,pressão_sinusal,nariz_a_pingar,congestão,dor_no_peito,perda_de_olfato,dor_muscular,
Constipação Comum,espirros_contínuos,fadiga,tosse,febre_alta,dor_de_cabeça,gânglios_linfáticos_inchados,mal_estar,fleuma,irritação_da_garganta,vermelhidão_dos_olhos,pressão_sinusal,nariz_a_pingar,congestão,dor_no_peito,perda_de_olfato,dor_muscular,
Constipação Comum,espirros_contínuos,arrepios,tosse,febre_alta,dor_de_cabeça,gânglios_linfáticos_inchados,mal_estar,fleuma,irritação_da_garganta,vermelhidão_dos_olhos,pressão_sinusal,nariz_a_pingar,congestão,dor_no_peito,perda_de_olfato,dor_muscular,
Constipação Comum,espirros_contínuos,arrepios,fadiga,febre_alta,dor_de_cabeça,gânglios_linfáticos_inchados,mal_estar,fleuma,irritação_da_garganta,vermelhidão_dos_olhos,pressão_sinusal,nariz_a_pingar,congestão,dor_no_peito,perda_de_olfato,dor_muscular,
Constipação Comum,espirros_contínuos,arrepios,fadiga,tosse,dor_de_cabeça,gânglios_linfáticos_inchados,mal_estar,fleuma,irritação_da_garganta,vermelhidão_dos_olhos,pressão_sinusal,nariz_a_pingar,congestão,dor_no_peito,perda_de_olfato,dor_muscular,
Constipação Comum,espirros_contínuos,arrepios,fadiga,tosse,febre_alta,gânglios_linfáticos_inchados,mal_estar,fleuma,irritação_da_garganta,vermelhidão_dos_olhos,pressão_sinusal,nariz_a_pingar,congestão,dor_no_peito,perda_de_olfato,dor_muscular,
Constipação Comum,espirros_contínuos,arrepios,fadiga,tosse,febre_alta,dor_de_cabeça,mal_estar,fleuma,irritação_da_garganta,vermelhidão_dos_olhos,pressão_sinusal,nariz_a_pingar,congestão,dor_no_peito,perda_de_olfato,dor_muscular,
Constipação Comum,espirros_contínuos,arrepios,fadiga,tosse,febre_alta,dor_de_cabeça,gânglios_linfáticos_inchados,fleuma,irritação_da_garganta,vermelhidão_dos_olhos,pressão_sinusal,nariz_a_pingar,congestão,dor_no_peito,perda_de_olfato,dor_muscular,
Pneumonia,arrepios,fadiga,tosse,febre_alta,falta_de_ar,sudorese,mal_estar,dor_no_peito,frequência_cardíaca_elevada,expetoração_ferruginosa,,,,,,,
Pneumonia,arrepios,fadiga,tosse,febre_alta,falta_de_ar,sudorese,mal_estar,fleuma,dor_no_peito,frequência_cardíaca_elevada,expetoração_ferruginosa,,,,,,
Pneumonia,arrepios,fadiga,tosse,febre_alta,falta_de_ar,sudorese,mal_estar,fleuma,dor_no_peito,frequência_cardíaca_elevada,expetoração_ferruginosa,,,,,,
Pneumonia,fadiga,tosse,febre_alta,falta_de_ar,sudorese,mal_estar,fleuma,dor_no_peito,frequência_cardíaca_elevada,expetoração_ferruginosa,,,,,,,
Pneumonia,arrepios,tosse,febre_alta,falta_de_ar,sudorese,mal_estar,fleuma,dor_no_peito,frequência_cardíaca_elevada,expetoração_ferruginosa,,,,,,,
Pneumonia,arrepios,fadiga,febre_alta,falta_de_ar,sudorese,mal_estar,fleuma,dor_no_peito,frequência_cardíaca_elevada,expetoração_ferruginosa,,,,,,,
Pneumonia,arrepios,fadiga,tosse,falta_de_ar,sudorese,mal_estar,fleuma,dor_no_peito,frequência_cardíaca_elevada,expetoração_ferruginosa,,,,,,,
Pneumonia,arrepios,fadiga,tosse,febre_alta,sudorese,mal_estar,fleuma,dor_no_peito,frequência_cardíaca_elevada,expetoração_ferruginosa,,,,,,,
Pneumonia,arrepios,fadiga,tosse,febre_alta,falta_de_ar,mal_estar,fleuma,dor_no_peito,frequência_cardíaca_elevada,expetoração_ferruginosa,,,,,,,
Pneumonia,arrepios,fadiga,tosse,febre_alta,falta_de_ar,sudorese,fleuma,dor_no_peito,frequência_cardíaca_elevada,expetoração_ferruginosa,,,,,,,
Hemorroidas Dimórficas,obstipação,dor_durante_a_defecação,dor_na_região_anal,fezes_com_sangue,irritação_no_ânus,,,,,,,,,,,,
Hemorroidas Dimórficas,obstipação,dor_durante_a_defecação,dor_na_região_anal,fezes_com_sangue,irritação_no_ânus,,,,,,,,,,,,
Hemorroidas Dimórficas,obstipação,dor_durante_a_defecação,dor_na_região_anal,fezes_com_sangue,irritação_no_ânus,,,,,,,,,,,,
Hemorroidas Dimórficas,dor_durante_a_defecação,dor_na_região_anal,fezes_com_sangue,irritação_no_ânus,,,,,,,,,,,,,
Hemorroidas Dimórficas,obstipação,dor_na_região_anal,fezes_com_sangue,irritação_no_ânus,,,,,,,,,,,,,
Hemorroidas Dimórficas,obstipação,dor_durante_a_defecação,fezes_com_sangue,irritação_no_ânus,,,,,,,,,,,,,
Hemorroidas Dimórficas,obstipação,dor_durante_a_defecação,dor_na_região_anal,irritação_no_ânus,,,,,,,,,,,,,
Hemorroidas Dimórficas,obstipação,dor_durante_a_defecação,dor_na_região_anal,fezes_com_sangue,,,,,,,,,,,,,
Hemorroidas Dimórficas,obstipação,dor_durante_a_defecação,dor_na_região_anal,fezes_com_sangue,irritação_no_ânus,,,,,,,,,,,,
Hemorroidas Dimórficas,obstipação,dor_durante_a_defecação,dor_na_região_anal,fezes_com_sangue,irritação_no_ânus,,,,,,,,,,,,
Ataque Cardíaco,vómitos,falta_de_ar,sudorese,dor_no_peito,,,,,,,,,,,,,
Ataque Cardíaco,vómitos,falta_de_ar,sudorese,dor_no_peito,,,,,,,,,,,,,
Ataque Cardíaco,falta_de_ar,sudorese,dor_no_peito,,,,,,,,,,,,,,
Ataque Cardíaco,vómitos,sudorese,dor_no_peito,,,,,,,,,,,,,,
Ataque Cardíaco,vómitos,falta_de_ar,dor_no_peito,,,,,,,,,,,,,,
Ataque Cardíaco,vómitos,falta_de_ar,sudorese,,,,,,,,,,,,,,
Ataque Cardíaco,vómitos,falta_de_ar,sudorese,dor_no_peito,,,,,,,,,,,,,
Ataque Cardíaco,falta_de_ar,sudorese,dor_no_peito,,,,,,,,,,,,,,
Ataque Cardíaco,vómitos,sudorese,dor_no_peito,,,,,,,,,,,,,,
Ataque Cardíaco,vómitos,falta_de_ar,dor_no_peito,,,,,,,,,,,,,,
Varizes,fadiga,cãibras,equimoses,obesidade,pernas_inchadas,vasos_sanguíneos_dilatados,veias_proeminentes_na_barriga_da_perna,,,,,,,,,,
Varizes,fadiga,cãibras,equimoses,obesidade,pernas_inchadas,vasos_sanguíneos_dilatados,veias_proeminentes_na_barriga_da_perna,,,,,,,,,,
Varizes,cãibras,equimoses,obesidade,pernas_inchadas,vasos_sanguíneos_dilatados,veias_proeminentes_na_barriga_da_perna,,,,,,,,,,,
Varizes,fadiga,equimoses,obesidade,pernas_inchadas,vasos_sanguíneos_dilatados,veias_proeminentes_na_barriga_da_perna,,,,,,,,,,,
Varizes,fadiga,cãibras,obesidade,pernas_inchadas,vasos_sanguíneos_dilatados,veias_proeminentes_na_barriga_da_perna,,,,,,,,,,,
Varizes,fadiga,cãibras,equimoses,pernas_inchadas,vasos_sanguíneos_dilatados,veias_proeminentes_na_barriga_da_perna,,,,,,,,,,,
Varizes,fadiga,cãibras,equimoses,obesidade,vasos_sanguíneos_dilatados,veias_proeminentes_na_barriga_da_perna,,,,,,,,,,,
Varizes,fadiga,cãibras,equimoses,obesidade,pernas_inchadas,veias_proeminentes_na_barriga_da_perna,,,,,,,,,,,
Varizes,fadiga,cãibras,equimoses,obesidade,pernas_inchadas,vasos_sanguíneos_dilatados,,,,,,,,,,,
Varizes,fadiga,cãibras,equimoses,obesidade,pernas_inchadas,veias_proeminentes_na_barriga_da_perna,,,,,,,,,,,
Hipotiroidismo,fadiga,aumento_de_peso,mãos_e_pés_frios,alterações_de_humor,letargia,tonturas,rosto_e_olhos_inchados,tiróide_aumentada,unhas_frágeis,extremidades_inchadas,depressão,irritabilidade,menstruação_anormal,,,,
Hipotiroidismo,fadiga,aumento_de_peso,mãos_e_pés_frios,alterações_de_humor,letargia,tonturas,rosto_e_olhos_inchados,tiróide_aumentada,unhas_frágeis,extremidades_inchadas,depressão,irritabilidade,menstruação_anormal,,,,
Hipotiroidismo,aumento_de_peso,mãos_e_pés_frios,alterações_de_humor,letargia,tonturas,rosto_e_olhos_inchados,tiróide_aumentada,unhas_frágeis,extremidades_inchadas,depressão,irritabilidade,menstruação_anormal,,,,,
Hipotiroidismo,aumento_de_peso,mãos_e_pés_frios,alterações_de_humor,letargia,tonturas,rosto_e_olhos_inchados,tiróide_aumentada,unhas_frágeis,extremidades_inchadas,depressão,irritabilidade,menstruação_anormal,,,,,
Hipotiroidismo,fadiga,mãos_e_pés_frios,alterações_de_humor,letargia,tonturas,rosto_e_olhos_inchados,tiróide_aumentada,unhas_frágeis,extremidades_inchadas,depressão,irritabilidade,menstruação_anormal,,,,,
Hipotiroidismo,fadiga,aumento_de_peso,alterações_de_humor,letargia,tonturas,rosto_e_olhos_inchados,tiróide_aumentada,unhas_frágeis,extremidades_inchadas,depressão,irritabilidade,menstruação_anormal,,,,,
Hipotiroidismo,fadiga,aumento_de_peso,mãos_e_pés_frios,letargia,tonturas,rosto_e_olhos_inchados,tiróide_aumentada,unhas_frágeis,extremidades_inchadas,depressão,irritabilidade,menstruação_anormal,,,,,
Hipotiroidismo,fadiga,aumento_de_peso,mãos_e_pés_frios,alterações_de_humor,tonturas,rosto_e_olhos_inchados,tiróide_aumentada,unhas_frágeis,extremidades_inchadas,depressão,irritabilidade,menstruação_anormal,,,,,
Hipotiroidismo,fadiga,aumento_de_peso,mãos_e_pés_frios,alterações_de_humor,letargia,rosto_e_olhos_inchados,tiróide_aumentada,unhas_frágeis,extremidades_inchadas,depressão,irritabilidade,menstruação_anormal,,,,,
Hipotiroidismo,fadiga,aumento_de_peso,mãos_e_pés_frios,alterações_de_humor,letargia,tonturas,tiróide_aumentada,unhas_frágeis,extremidades_inchadas,depressão,irritabilidade,menstruação_anormal,,,,,
Hipertiroidismo,fadiga,alterações_de_humor,perda_de_peso,agitação,sudorese,diarreia,frequência_cardíaca_elevada,fome_excessiva,fraqueza_muscular,irritabilidade,menstruação_anormal,,,,,,
Hipertiroidismo,fadiga,alterações_de_humor,perda_de_peso,agitação,sudorese,diarreia,frequência_cardíaca_elevada,fome_excessiva,fraqueza_muscular,irritabilidade,menstruação_anormal,,,,,,
Hipertiroidismo,alterações_de_humor,perda_de_peso,agitação,sudorese,diarreia,frequência_cardíaca_elevada,fome_excessiva,fraqueza_muscular,irritabilidade,menstruação_anormal,,,,,,,
Hipertiroidismo,fadiga,perda_de_peso,agitação,sudorese,diarreia,frequência_cardíaca_elevada,fome_excessiva,fraqueza_muscular,irritabilidade,menstruação_anormal,,,,,,,
Hipertiroidismo,fadiga,alterações_de_humor,agitação,sudorese,diarreia,frequência_cardíaca_elevada,fome_excessiva,fraqueza_muscular,irritabilidade,menstruação_anormal,,,,,,,
Hipertiroidismo,fadiga,alterações_de_humor,perda_de_peso,sudorese,diarreia,frequência_cardíaca_elevada,fome_excessiva,fraqueza_muscular,irritabilidade,menstruação_anormal,,,,,,,
Hipertiroidismo,fadiga,alterações_de_humor,perda_de_peso,agitação,diarreia,frequência_cardíaca_elevada,fome_excessiva,fraqueza_muscular,irritabilidade,menstruação_anormal,,,,,,,
Hipertiroidismo,fadiga,alterações_de_humor,perda_de_peso,agitação,sudorese,frequência_cardíaca_elevada,fome_excessiva,fraqueza_muscular,irritabilidade,menstruação_anormal,,,,,,,
Hipertiroidismo,fadiga,alterações_de_humor,perda_de_peso,agitação,sudorese,diarreia,fome_excessiva,fraqueza_muscular,irritabilidade,menstruação_anormal,,,,,,,
Hipertiroidismo,fadiga,alterações_de_humor,perda_de_peso,agitação,sudorese,diarreia,frequência_cardíaca_elevada,fraqueza_muscular,irritabilidade,menstruação_anormal,,,,,,,
Hipoglicemia,vómitos,fadiga,ansiedade,sudorese,dor_de_cabeça,náuseas,visão_turva_e_distorcida,fome_excessiva,discurso_arrastado,irritabilidade,palpitações,,,,,,
Hipoglicemia,vómitos,fadiga,ansiedade,sudorese,dor_de_cabeça,náuseas,visão_turva_e_distorcida,fome_excessiva,lábios_secos_e_com_formigueiro,discurso_arrastado,irritabilidade,palpitações,,,,,
Hipoglicemia,vómitos,fadiga,ansiedade,sudorese,dor_de_cabeça,náuseas,visão_turva_e_distorcida,fome_excessiva,lábios_secos_e_com_formigueiro,discurso_arrastado,irritabilidade,palpitações,,,,,
Hipoglicemia,fadiga,ansiedade,sudorese,dor_de_cabeça,náuseas,visão_turva_e_distorcida,fome_excessiva,lábios_secos_e_com_formigueiro,discurso_arrastado,irritabilidade,palpitações,,,,,,
Hipoglicemia,vómitos,ansiedade,sudorese,dor_de_cabeça,náuseas,visão_turva_e_distorcida,fome_excessiva,lábios_secos_e_com_formigueiro,discurso_arrastado,irritabilidade,palpitações,,,,,,
Hipoglicemia,vómitos,fadiga,sudorese,dor_de_cabeça,náuseas,visão_turva_e_distorcida,fome_excessiva,lábios_secos_e_com_formigueiro,discurso_arrastado,irritabilidade,palpitações,,,,,,
Hipoglicemia,vómitos,fadiga,ansiedade,dor_de_cabeça,náuseas,visão_turva_e_distorcida,fome_excessiva,lábios_secos_e_com_formigueiro,discurso_arrastado,irritabilidade,palpitações,,,,,,
Hipoglicemia,vómitos,fadiga,ansiedade,sudorese,náuseas,visão_turva_e_distorcida,fome_excessiva,lábios_secos_e_com_formigueiro,discurso_arrastado,irritabilidade,palpitações,,,,,,
Hipoglicemia,vómitos,fadiga,ansiedade,sudorese,dor_de_cabeça,visão_turva_e_distorcida,fome_excessiva,lábios_secos_e_com_formigueiro,discurso_arrastado,irritabilidade,palpitações,,,,,,
Hipoglicemia,vómitos,fadiga,ansiedade,sudorese,dor_de_cabeça,náuseas,fome_excessiva,lábios_secos_e_com_formigueiro,discurso_arrastado,irritabilidade,palpitações,,,,,,
Osteoartrite,dor_nas_articulações,dor_no_pescoço,dor_no_joelho,dor_na_articulação_da_anca,inchaço_das_articulações,dor_ao_caminhar,,,,,,,,,,,
Osteoartrite,dor_nas_articulações,dor_no_pescoço,dor_no_joelho,dor_na_articulação_da_anca,inchaço_das_articulações,dor_ao_caminhar,,,,,,,,,,,
Osteoartrite,dor_no_pescoço,dor_no_joelho,dor_na_articulação_da_anca,inchaço_das_articulações,dor_ao_caminhar,,,,,,,,,,,,
Osteoartrite,dor_nas_articulações,dor_no_joelho,dor_na_articulação_da_anca,inchaço_das_articulações,dor_ao_caminhar,,,,,,,,,,,,
Osteoartrite,dor_nas_articulações,dor_no_pescoço,dor_na_articulação_da_anca,inchaço_das_articulações,dor_ao_caminhar,,,,,,,,,,,,
Osteoartrite,dor_nas_articulações,dor_no_pescoço,dor_no_joelho,inchaço_das_articulações,dor_ao_caminhar,,,,,,,,,,,,
Osteoartrite,dor_nas_articulações,dor_no_pescoço,dor_no_joelho,dor_na_articulação_da_anca,dor_ao_caminhar,,,,,,,,,,,,
Osteoartrite,dor_nas_articulações,dor_no_pescoço,dor_no_joelho,dor_na_articulação_da_anca,inchaço_das_articulações,,,,,,,,,,,,
Osteoartrite,dor_nas_articulações,dor_no_pescoço,dor_no_joelho,dor_na_articulação_da_anca,inchaço_das_articulações,dor_ao_caminhar,,,,,,,,,,,
Osteoartrite,dor_nas_articulações,dor_no_pescoço,dor_no_joelho,dor_na_articulação_da_anca,inchaço_das_articulações,dor_ao_caminhar,,,,,,,,,,,
Artrite,fraqueza_muscular,rigidez_cervical,inchaço_das_articulações,rigidez_de_movimentos,dor_ao_caminhar,,,,,,,,,,,,
Artrite,fraqueza_muscular,rigidez_cervical,inchaço_das_articulações,rigidez_de_movimentos,dor_ao_caminhar,,,,,,,,,,,,
Artrite,rigidez_cervical,inchaço_das_articulações,rigidez_de_movimentos,dor_ao_caminhar,,,,,,,,,,,,,
Artrite,fraqueza_muscular,inchaço_das_articulações,rigidez_de_movimentos,dor_ao_caminhar,,,,,,,,,,,,,
Artrite,fraqueza_muscular,rigidez_cervical,rigidez_de_movimentos,dor_ao_caminhar,,,,,,,,,,,,,
Artrite,fraqueza_muscular,rigidez_cervical,inchaço_das_articulações,dor_ao_caminhar,,,,,,,,,,,,,
Artrite,fraqueza_muscular,rigidez_cervical,inchaço_das_articulações,rigidez_de_movimentos,dor_ao_caminhar,,,,,,,,,,,,
Artrite,fraqueza_muscular,rigidez_cervical,inchaço_das_articulações,rigidez_de_movimentos,,,,,,,,,,,,,
Artrite,fraqueza_muscular,rigidez_cervical,inchaço_das_articulações,rigidez_de_movimentos,dor_ao_caminhar,,,,,,,,,,,,
Artrite,fraqueza_muscular,rigidez_cervical,inchaço_das_articulações,rigidez_de_movimentos,dor_ao_caminhar,,,,,,,,,,,,
Vertigem Posicional Paroxística Benigna,vómitos,dor_de_cabeça,náuseas,movimentos_de_rotação,perda_de_equilíbrio,instabilidade,,,,,,,,,,,
Vertigem Posicional Paroxística Benigna,vómitos,dor_de_cabeça,náuseas,movimentos_de_rotação,perda_de_equilíbrio,instabilidade,,,,,,,,,,,
Vertigem Posicional Paroxística Benigna,dor_de_cabeça,náuseas,movimentos_de_rotação,perda_de_equilíbrio,instabilidade,,,,,,,,,,,,
Vertigem Posicional Paroxística Benigna,vómitos,náuseas,movimentos_de_rotação,perda_de_equilíbrio,instabilidade,,,,,,,,,,,,
Vertigem Posicional Paroxística Benigna,vómitos,dor_de_cabeça,movimentos_de_rotação,perda_de_equilíbrio,instabilidade,,,,,,,,,,,,
Vertigem Posicional Paroxística Benigna,vómitos,dor_de_cabeça,náuseas,perda_de_equilíbrio,instabilidade,,,,,,,,,,,,
Vertigem Posicional Paroxística Benigna,vómitos,dor_de_cabeça,náuseas,movimentos_de_rotação,instabilidade,,,,,,,,,,,,
Vertigem Posicional Paroxística Benigna,vómitos,dor_de_cabeça,náuseas,movimentos_de_rotação,perda_de_equilíbrio,,,,,,,,,,,,
Vertigem Posicional Paroxística Benigna,vómitos,dor_de_cabeça,náuseas,movimentos_de_rotação,perda_de_equilíbrio,instabilidade,,,,,,,,,,,
Vertigem Posicional Paroxística Benigna,vómitos,dor_de_cabeça,náuseas,perda_de_equilíbrio,instabilidade,,,,,,,,,,,,
Acne,erupção_cutânea,borbulhas_com_pus,pontos_negros,descamação,,,,,,,,,,,,,
Acne,erupção_cutânea,borbulhas_com_pus,pontos_negros,descamação,,,,,,,,,,,,,
Acne,borbulhas_com_pus,pontos_negros,descamação,,,,,,,,,,,,,,
Acne,erupção_cutânea,pontos_negros,descamação,,,,,,,,,,,,,,
Acne,erupção_cutânea,borbulhas_com_pus,descamação,,,,,,,,,,,,,,
Acne,erupção_cutânea,borbulhas_com_pus,pontos_negros,,,,,,,,,,,,,,
Acne,erupção_cutânea,borbulhas_com_pus,pontos_negros,descamação,,,,,,,,,,,,,
Acne,erupção_cutânea,borbulhas_com_pus,pontos_negros,,,,,,,,,,,,,,
Acne,erupção_cutânea,borbulhas_com_pus,descamação,,,,,,,,,,,,,,
Acne,erupção_cutânea,pontos_negros,descamação,,,,,,,,,,,,,,
Infeção do Trato Urinário,micção_ardente,desconforto_na_bexiga,odor_fétido_na_urina,sensação_contínua_de_urinar,,,,,,,,,,,,,
Infeção do Trato Urinário,micção_ardente,desconforto_na_bexiga,odor_fétido_na_urina,sensação_contínua_de_urinar,,,,,,,,,,,,,
Infeção do Trato Urinário,desconforto_na_bexiga,odor_fétido_na_urina,sensação_contínua_de_urinar,,,,,,,,,,,,,,
Infeção do Trato Urinário,micção_ardente,odor_fétido_na_urina,sensação_contínua_de_urinar,,,,,,,,,,,,,,
Infeção do Trato Urinário,micção_ardente,desconforto_na_bexiga,sensação_contínua_de_urinar,,,,,,,,,,,,,,
Infeção do Trato Urinário,micção_ardente,desconforto_na_bexiga,odor_fétido_na_urina,,,,,,,,,,,,,,
Infeção do Trato Urinário,micção_ardente,desconforto_na_bexiga,odor_fétido_na_urina,sensação_contínua_de_urinar,,,,,,,,,,,,,
Infeção do Trato Urinário,micção_ardente,desconforto_na_bexiga,sensação_contínua_de_urinar,,,,,,,,,,,,,,
Infeção do Trato Urinário,desconforto_na_bexiga,odor_fétido_na_urina,sensação_contínua_de_urinar,,,,,,,,,,,,,,
Infeção do Trato Urinário,micção_ardente,desconforto_na_bexiga,sensação_contínua_de_urinar,,,,,,,,,,,,,,
Psoríase,erupção_cutânea,dor_nas_articulações,descamação_da_pele,aspeto_prateado_na_pele,pequenas_depressões_nas_unhas,unhas_inflamadas,,,,,,,,,,,
Psoríase,erupção_cutânea,dor_nas_articulações,descamação_da_pele,aspeto_prateado_na_pele,pequenas_depressões_nas_unhas,unhas_inflamadas,,,,,,,,,,,
Psoríase,dor_nas_articulações,descamação_da_pele,aspeto_prateado_na_pele,pequenas_depressões_nas_unhas,unhas_inflamadas,,,,,,,,,,,,
Psoríase,erupção_cutânea,descamação_da_pele,aspeto_prateado_na_pele,pequenas_depressões_nas_unhas,unhas_inflamadas,,,,,,,,,,,,
Psoríase,erupção_cutânea,dor_nas_articulações,aspeto_prateado_na_pele,pequenas_depressões_nas_unhas,unhas_inflamadas,,,,,,,,,,,,
Psoríase,erupção_cutânea,dor_nas_articulações,descamação_da_pele,pequenas_depressões_nas_unhas,unhas_inflamadas,,,,,,,,,,,,
Psoríase,erupção_cutânea,dor_nas_articulações,descamação_da_pele,aspeto_prateado_na_pele,unhas_inflamadas,,,,,,,,,,,,
Psoríase,erupção_cutânea,dor_nas_articulações,descamação_da_pele,aspeto_prateado_na_pele,pequenas_depressões_nas_unhas,,,,,,,,,,,,
Psoríase,erupção_cutânea,dor_nas_articulações,descamação_da_pele,aspeto_prateado_na_pele,pequenas_depressões_nas_unhas,unhas_inflamadas,,,,,,,,,,,
Psoríase,erupção_cutânea,dor_nas_articulações,descamação_da_pele,aspeto_prateado_na_pele,pequenas_depressões_nas_unhas,unhas_inflamadas,,,,,,,,,,,
Impétigo,erupção_cutânea,febre_alta,bolha,ferida_vermelha_à_volta_do_nariz,crostas_amarelas_com_exsudado,,,,,,,,,,,,
Impétigo,erupção_cutânea,febre_alta,bolha,ferida_vermelha_à_volta_do_nariz,crostas_amarelas_com_exsudado,,,,,,,,,,,,
Impétigo,febre_alta,bolha,ferida_vermelha_à_volta_do_nariz,crostas_amarelas_com_exsudado,,,,,,,,,,,,,
Impétigo,erupção_cutânea,bolha,ferida_vermelha_à_volta_do_nariz,crostas_amarelas_com_exsudado,,,,,,,,,,,,,
Impétigo,erupção_cutânea,bolha,ferida_vermelha_à_volta_do_nariz,crostas_amarelas_com_exsudado,,,,,,,,,,,,,
Impétigo,erupção_cutânea,febre_alta,ferida_vermelha_à_volta_do_nariz,crostas_amarelas_com_exsudado,,,,,,,,,,,,,
Impétigo,erupção_cutânea,febre_alta,bolha,crostas_amarelas_com_exsudado,,,,,,,,,,,,,
Impétigo,erupção_cutânea,febre_alta,bolha,ferida_vermelha_à_volta_do_nariz,,,,,,,,,,,,,
Impétigo,erupção_cutânea,febre_alta,bolha,ferida_vermelha_à_volta_do_nariz,crostas_amarelas_com_exsudado,,,,,,,,,,,,
Impétigo,erupção_cutânea,bolha,ferida_vermelha_à_volta_do_nariz,crostas_amarelas_com_exsudado,,,,,,,,,,,,,
Infeção Fúngica,comichão,erupção_cutânea,erupções_cutâneas_nodulares,manchas_discrómicas,,,,,,,,,,,,,
Infeção Fúngica,erupção_cutânea,erupções_cutâneas_nodulares,manchas_discrómicas,,,,,,,,,,,,,,
Infeção Fúngica,comichão,erupções_cutâneas_nodulares,manchas_discrómicas,,,,,,,,,,,,,,
Infeção Fúngica,comichão,erupção_cutânea,manchas_discrómicas,,,,,,,,,,,,,,
Infeção Fúngica,comichão,erupção_cutânea,erupções_cutâneas_nodulares,,,,,,,,,,,,,,
Infeção Fúngica,erupção_cutânea,erupções_cutâneas_nodulares,manchas_discrómicas,,,,,,,,,,,,,,
Infeção Fúngica,comichão,erupções_cutâneas_nodulares,manchas_discrómicas,,,,,,,,,,,,,,
Infeção Fúngica,comichão,erupção_cutânea,manchas_discrómicas,,,,,,,,,,,,,,
Infeção Fúngica,comichão,erupção_cutânea,erupções_cutâneas_nodulares,,,,,,,,,,,,,,
Infeção Fúngica,comichão,erupção_cutânea,erupções_cutâneas_nodulares,manchas_discrómicas,,,,,,,,,,,,,
Alergia,espirros_contínuos,tremores,arrepios,lacrimejo,,,,,,,,,,,,,
Alergia,tremores,arrepios,lacrimejo,,,,,,,,,,,,,,
Alergia,espirros_contínuos,arrepios,lacrimejo,,,,,,,,,,,,,,
Alergia,espirros_contínuos,tremores,lacrimejo,,,,,,,,,,,,,,
Alergia,espirros_contínuos,tremores,arrepios,,,,,,,,,,,,,,
Alergia,tremores,arrepios,lacrimejo,,,,,,,,,,,,,,
Alergia,espirros_contínuos,arrepios,lacrimejo,,,,,,,,,,,,,,
Alergia,espirros_contínuos,tremores,lacrimejo,,,,,,,,,,,,,,
Alergia,espirros_contínuos,tremores,arrepios,,,,,,,,,,,,,,
Alergia,espirros_contínuos,tremores,arrepios,lacrimejo,,,,,,,,,,,,,
DRGE,dor_de_estômago,acidez,úlceras_na_língua,vómitos,tosse,dor_no_peito,,,,,,,,,,,
DRGE,dor_de_estômago,úlceras_na_língua,vómitos,tosse,dor_no_peito,,,,,,,,,,,,
DRGE,dor_de_estômago,acidez,vómitos,tosse,dor_no_peito,,,,,,,,,,,,
DRGE,dor_de_estômago,acidez,úlceras_na_língua,tosse,dor_no_peito,,,,,,,,,,,,
DRGE,dor_de_estômago,acidez,úlceras_na_língua,vómitos,dor_no_peito,,,,,,,,,,,,
DRGE,dor_de_estômago,acidez,úlceras_na_língua,vómitos,tosse,,,,,,,,,,,,
DRGE,acidez,úlceras_na_língua,vómitos,tosse,dor_no_peito,,,,,,,,,,,,
DRGE,dor_de_estômago,úlceras_na_língua,vómitos,tosse,dor_no_peito,,,,,,,,,,,,
DRGE,dor_de_estômago,acidez,vómitos,tosse,dor_no_peito,,,,,,,,,,,,
DRGE,dor_de_estômago,acidez,úlceras_na_língua,tosse,dor_no_peito,,,,,,,,,,,,
Colestase Crónica,comichão,vómitos,pele_amarelada,náuseas,perda_de_apetite,dor_abdominal,amarelecimento_dos_olhos,,,,,,,,,,
Colestase Crónica,vómitos,pele_amarelada,náuseas,perda_de_apetite,dor_abdominal,amarelecimento_dos_olhos,,,,,,,,,,,
Colestase Crónica,comichão,pele_amarelada,náuseas,perda_de_apetite,dor_abdominal,amarelecimento_dos_olhos,,,,,,,,,,,
Colestase Crónica,comichão,vómitos,náuseas,perda_de_apetite,dor_abdominal,amarelecimento_dos_olhos,,,,,,,,,,,
Colestase Crónica,comichão,vómitos,pele_amarelada,perda_de_apetite,dor_abdominal,amarelecimento_dos_olhos,,,,,,,,,,,
Colestase Crónica,comichão,vómitos,pele_amarelada,náuseas,dor_abdominal,amarelecimento_dos_olhos,,,,,,,,,,,
Colestase Crónica,comichão,vómitos,pele_amarelada,náuseas,perda_de_apetite,amarelecimento_dos_olhos,,,,,,,,,,,
Colestase Crónica,comichão,vómitos,pele_amarelada,náuseas,perda_de_apetite,dor_abdominal,,,,,,,,,,,
Colestase Crónica,comichão,vómitos,pele_amarelada,náuseas,perda_de_apetite,dor_abdominal,amarelecimento_dos_olhos,,,,,,,,,,
Colestase Crónica,comichão,vómitos,pele_amarelada,náuseas,perda_de_apetite,dor_abdominal,amarelecimento_dos_olhos,,,,,,,,,,
Reação a Medicamentos,comichão,erupção_cutânea,dor_de_estômago,micção_ardente,perdas_urinárias,,,,,,,,,,,,
Reação a Medicamentos,comichão,dor_de_estômago,micção_ardente,perdas_urinárias,,,,,,,,,,,,,
Reação a Medicamentos,comichão,erupção_cutânea,micção_ardente,perdas_urinárias,,,,,,,,,,,,,
Reação a Medicamentos,comichão,erupção_cutânea,dor_de_estômago,perdas_urinárias,,,,,,,,,,,,,
Reação a Medicamentos,comichão,erupção_cutânea,dor_de_estômago,micção_ardente,,,,,,,,,,,,,
Reação a Medicamentos,erupção_cutânea,dor_de_estômago,micção_ardente,perdas_urinárias,,,,,,,,,,,,,
Reação a Medicamentos,comichão,dor_de_estômago,micção_ardente,perdas_urinárias,,,,,,,,,,,,,
Reação a Medicamentos,comichão,erupção_cutânea,micção_ardente,perdas_urinárias,,,,,,,,,,,,,
Reação a Medicamentos,comichão,erupção_cutânea,dor_de_estômago,perdas_urinárias,,,,,,,,,,,,,
Reação a Medicamentos,comichão,erupção_cutânea,dor_de_estômago,micção_ardente,,,,,,,,,,,,,
Úlcera Péptica,vómitos,perda_de_apetite,dor_abdominal,passagem_de_gases,comichão_interna,,,,,,,,,,,,
Úlcera Péptica,vómitos,indigestão,dor_abdominal,passagem_de_gases,comichão_interna,,,,,,,,,,,,
Úlcera Péptica,indigestão,perda_de_apetite,dor_abdominal,passagem_de_gases,comichão_interna,,,,,,,,,,,,
Úlcera Péptica,vómitos,perda_de_apetite,dor_abdominal,passagem_de_gases,comichão_interna,,,,,,,,,,,,
Úlcera Péptica,vómitos,indigestão,dor_abdominal,passagem_de_gases,comichão_interna,,,,,,,,,,,,
Úlcera Péptica,vómitos,indigestão,perda_de_apetite,passagem_de_gases,comichão_interna,,,,,,,,,,,,
Úlcera Péptica,vómitos,indigestão,perda_de_apetite,dor_abdominal,comichão_interna,,,,,,,,,,,,
Úlcera Péptica,vómitos,indigestão,perda_de_apetite,dor_abdominal,passagem_de_gases,,,,,,,,,,,,
Úlcera Péptica,vómitos,indigestão,perda_de_apetite,dor_abdominal,passagem_de_gases,comichão_interna,,,,,,,,,,,
Úlcera Péptica,vómitos,indigestão,perda_de_apetite,dor_abdominal,passagem_de_gases,comichão_interna,,,,,,,,,,,
SIDA,atrofia_muscular,manchas_na_garganta,febre_alta,contactos_extraconjugais,,,,,,,,,,,,,
SIDA,manchas_na_garganta,febre_alta,contactos_extraconjugais,,,,,,,,,,,,,,
SIDA,atrofia_muscular,febre_alta,contactos_extraconjugais,,,,,,,,,,,,,,
SIDA,atrofia_muscular,manchas_na_garganta,contactos_extraconjugais,,,,,,,,,,,,,,
SIDA,atrofia_muscular,manchas_na_garganta,febre_alta,,,,,,,,,,,,,,
SIDA,atrofia_muscular,manchas_na_garganta,febre_alta,contactos_extraconjugais,,,,,,,,,,,,,
SIDA,atrofia_muscular,manchas_na_garganta,febre_alta,contactos_extraconjugais,,,,,,,,,,,,,
SIDA,manchas_na_garganta,febre_alta,contactos_extraconjugais,,,,,,,,,,,,,,
SIDA,atrofia_muscular,febre_alta,contactos_extraconjugais,,,,,,,,,,,,,,
SIDA,atrofia_muscular,manchas_na_garganta,febre_alta,,,,,,,,,,,,,,
Diabetes,fadiga,perda_de_peso,agitação,letargia,nível_de_açúcar_irregular,visão_turva_e_distorcida,obesidade,fome_excessiva,apetite_aumentado,poliúria,,,,,,,
Diabetes,fadiga,perda_de_peso,agitação,letargia,nível_de_açúcar_irregular,visão_turva_e_distorcida,obesidade,fome_excessiva,apetite_aumentado,poliúria,,,,,,,
Diabetes,perda_de_peso,agitação,letargia,nível_de_açúcar_irregular,visão_turva_e_distorcida,obesidade,fome_excessiva,apetite_aumentado,poliúria,,,,,,,,
Diabetes,fadiga,agitação,letargia,nível_de_açúcar_irregular,visão_turva_e_distorcida,obesidade,fome_excessiva,apetite_aumentado,poliúria,,,,,,,,
Diabetes,fadiga,perda_de_peso,letargia,nível_de_açúcar_irregular,visão_turva_e_distorcida,obesidade,fome_excessiva,apetite_aumentado,poliúria,,,,,,,,
Diabetes,fadiga,perda_de_peso,agitação,nível_de_açúcar_irregular,visão_turva_e_distorcida,obesidade,fome_excessiva,apetite_aumentado,poliúria,,,,,,,,
Diabetes,fadiga,perda_de_peso,agitação,letargia,visão_turva_e_distorcida,obesidade,fome_excessiva,apetite_aumentado,poliúria,,,,,,,,
Diabetes,fadiga,perda_de_peso,agitação,letargia,nível_de_açúcar_irregular,obesidade,fome_excessiva,apetite_aumentado,poliúria,,,,,,,,
Diabetes,fadiga,perda_de_peso,agitação,letargia,nível_de_açúcar_irregular,visão_turva_e_distorcida,fome_excessiva,apetite_aumentado,poliúria,,,,,,,,
Diabetes,fadiga,perda_de_peso,agitação,letargia,nível_de_açúcar_irregular,visão_turva_e_distorcida,obesidade,apetite_aumentado,poliúria,,,,,,,,
Gastroenterite,vómitos,olhos_encovados,desidratação,diarreia,,,,,,,,,,,,,
Gastroenterite,vómitos,olhos_encovados,desidratação,diarreia,,,,,,,,,,,,,
Gastroenterite,olhos_encovados,desidratação,diarreia,,,,,,,,,,,,,,
Gastroenterite,vómitos,desidratação,diarreia,,,,,,,,,,,,,,
Gastroenterite,vómitos,olhos_encovados,diarreia,,,,,,,,,,,,,,
Gastroenterite,vómitos,olhos_encovados,desidratação,,,,,,,,,,,,,,
Gastroenterite,vómitos,olhos_encovados,desidratação,diarreia,,,,,,,,,,,,,
Gastroenterite,olhos_encovados,desidratação,diarreia,,,,,,,,,,,,,,
Gastroenterite,vómitos,desidratação,diarreia,,,,,,,,,,,,,,
Gastroenterite,vómitos,olhos_encovados,diarreia,,,,,,,,,,,,,,
Asma Brônquica,fadiga,tosse,febre_alta,falta_de_ar,historial_familiar,expetoração_mucoide,,,,,,,,,,,
Asma Brônquica,tosse,febre_alta,falta_de_ar,historial_familiar,expetoração_mucoide,,,,,,,,,,,,
Asma Brônquica,fadiga,febre_alta,falta_de_ar,historial_familiar,expetoração_mucoide,,,,,,,,,,,,
Asma Brônquica,fadiga,tosse,falta_de_ar,historial_familiar,expetoração_mucoide,,,,,,,,,,,,
Asma Brônquica,fadiga,tosse,febre_alta,historial_familiar,expetoração_mucoide,,,,,,,,,,,,
Asma Brônquica,fadiga,tosse,febre_alta,falta_de_ar,expetoração_mucoide,,,,,,,,,,,,
Asma Brônquica,fadiga,tosse,febre_alta,falta_de_ar,historial_familiar,,,,,,,,,,,,
Asma Brônquica,fadiga,tosse,febre_alta,falta_de_ar,historial_familiar,expetoração_mucoide,,,,,,,,,,,
Asma Brônquica,tosse,febre_alta,falta_de_ar,historial_familiar,expetoração_mucoide,,,,,,,,,,,,
Asma Brônquica,fadiga,febre_alta,falta_de_ar,historial_familiar,expetoração_mucoide,,,,,,,,,,,,
Hipertensão,dor_de_cabeça,dor_no_peito,tonturas,perda_de_equilíbrio,falta_de_concentração,,,,,,,,,,,,
Hipertensão,dor_no_peito,tonturas,perda_de_equilíbrio,falta_de_concentração,,,,,,,,,,,,,
Hipertensão,dor_de_cabeça,tonturas,perda_de_equilíbrio,falta_de_concentração,,,,,,,,,,,,,
Hipertensão,dor_de_cabeça,dor_no_peito,perda_de_equilíbrio,falta_de_concentração,,,,,,,,,,,,,
Hipertensão,dor_de_cabeça,dor_no_peito,tonturas,falta_de_concentração,,,,,,,,,,,,,
Hipertensão,dor_de_cabeça,dor_no_peito,tonturas,perda_de_equilíbrio,,,,,,,,,,,,,
Hipertensão,dor_de_cabeça,dor_no_peito,tonturas,perda_de_equilíbrio,falta_de_concentração,,,,,,,,,,,,
Hipertensão,dor_no_peito,tonturas,perda_de_equilíbrio,falta_de_concentração,,,,,,,,,,,,,
Hipertensão,dor_de_cabeça,tonturas,perda_de_equilíbrio,falta_de_concentração,,,,,,,,,,,,,
Hipertensão,dor_de_cabeça,dor_no_peito,perda_de_equilíbrio,falta_de_concentração,,,,,,,,,,,,,
Enxaqueca,acidez,indigestão,dor_de_cabeça,visão_turva_e_distorcida,fome_excessiva,rigidez_cervical,depressão,irritabilidade,perturbações_visuais,,,,,,,,
Enxaqueca,indigestão,dor_de_cabeça,visão_turva_e_distorcida,fome_excessiva,rigidez_cervical,depressão,irritabilidade,perturbações_visuais,,,,,,,,,
Enxaqueca,acidez,dor_de_cabeça,visão_turva_e_distorcida,fome_excessiva,rigidez_cervical,depressão,irritabilidade,perturbações_visuais,,,,,,,,,
Enxaqueca,acidez,indigestão,visão_turva_e_distorcida,fome_excessiva,rigidez_cervical,depressão,irritabilidade,perturbações_visuais,,,,,,,,,
Enxaqueca,acidez,indigestão,dor_de_cabeça,fome_excessiva,rigidez_cervical,depressão,irritabilidade,perturbações_visuais,,,,,,,,,
Enxaqueca,acidez,indigestão,dor_de_cabeça,visão_turva_e_distorcida,rigidez_cervical,depressão,irritabilidade,perturbações_visuais,,,,,,,,,
Enxaqueca,acidez,indigestão,dor_de_cabeça,visão_turva_e_distorcida,fome_excessiva,depressão,irritabilidade,perturbações_visuais,,,,,,,,,
Enxaqueca,acidez,indigestão,dor_de_cabeça,visão_turva_e_distorcida,fome_excessiva,rigidez_cervical,irritabilidade,perturbações_visuais,,,,,,,,,
Enxaqueca,acidez,indigestão,dor_de_cabeça,visão_turva_e_distorcida,fome_excessiva,rigidez_cervical,depressão,perturbações_visuais,,,,,,,,,
Enxaqueca,acidez,indigestão,dor_de_cabeça,visão_turva_e_distorcida,fome_excessiva,rigidez_cervical,depressão,irritabilidade,,,,,,,,,
Espondilose Cervical,dor_nas_costas,fraqueza_nos_membros,dor_no_pescoço,tonturas,perda_de_equilíbrio,,,,,,,,,,,,
Espondilose Cervical,dor_nas_costas,fraqueza_nos_membros,dor_no_pescoço,tonturas,perda_de_equilíbrio,,,,,,,,,,,,
Espondilose Cervical,fraqueza_nos_membros,dor_no_pescoço,tonturas,perda_de_equilíbrio,,,,,,,,,,,,,
Espondilose Cervical,dor_nas_costas,dor_no_pescoço,tonturas,perda_de_equilíbrio,,,,,,,,,,,,,
Espondilose Cervical,dor_nas_costas,fraqueza_nos_membros,tonturas,perda_de_equilíbrio,,,,,,,,,,,,,
Espondilose Cervical,dor_nas_costas,fraqueza_nos_membros,dor_no_pescoço,perda_de_equilíbrio,,,,,,,,,,,,,
Espondilose Cervical,dor_nas_costas,fraqueza_nos_membros,dor_no_pescoço,tonturas,,,,,,,,,,,,,
Espondilose Cervical,dor_nas_costas,fraqueza_nos_membros,dor_no_pescoço,tonturas,perda_de_equilíbrio,,,,,,,,,,,,
Espondilose Cervical,fraqueza_nos_membros,dor_no_pescoço,tonturas,perda_de_equilíbrio,,,,,,,,,,,,,
Espondilose Cervical,dor_nas_costas,dor_no_pescoço,tonturas,perda_de_equilíbrio,,,,,,,,,,,,,
Paralisia (Hemorragia Cerebral),vómitos,dor_de_cabeça,fraqueza_num_lado_do_corpo,alteração_do_sensório,,,,,,,,,,,,,
Paralisia (Hemorragia Cerebral),vómitos,dor_de_cabeça,fraqueza_num_lado_do_corpo,alteração_do_sensório,,,,,,,,,,,,,
Paralisia (Hemorragia Cerebral),dor_de_cabeça,fraqueza_num_lado_do_corpo,alteração_do_sensório,,,,,,,,,,,,,,
Paralisia (Hemorragia Cerebral),vómitos,fraqueza_num_lado_do_corpo,alteração_do_sensório,,,,,,,,,,,,,,
Paralisia (Hemorragia Cerebral),vómitos,dor_de_cabeça,alteração_do_sensório,,,,,,,,,,,,,,
Paralisia (Hemorragia Cerebral),vómitos,dor_de_cabeça,fraqueza_num_lado_do_corpo,,,,,,,,,,,,,,
Paralisia (Hemorragia Cerebral),vómitos,dor_de_cabeça,fraqueza_num_lado_do_corpo,alteração_do_sensório,,,,,,,,,,,,,
Paralisia (Hemorragia Cerebral),dor_de_cabeça,fraqueza_num_lado_do_corpo,alteração_do_sensório,,,,,,,,,,,,,,
Paralisia (Hemorragia Cerebral),vómitos,fraqueza_num_lado_do_corpo,alteração_do_sensório,,,,,,,,,,,,,,
Paralisia (Hemorragia Cerebral),vómitos,dor_de_cabeça,alteração_do_sensório,,,,,,,,,,,,,,
Icterícia,comichão,vómitos,fadiga,perda_de_peso,febre_alta,pele_amarelada,urina_escura,dor_abdominal,,,,,,,,,
Icterícia,comichão,vómitos,fadiga,perda_de_peso,febre_alta,pele_amarelada,urina_escura,dor_abdominal,,,,,,,,,
Icterícia,vómitos,fadiga,perda_de_peso,febre_alta,pele_amarelada,urina_escura,dor_abdominal,,,,,,,,,,
Icterícia,comichão,fadiga,perda_de_peso,febre_alta,pele_amarelada,urina_escura,dor_abdominal,,,,,,,,,,
Icterícia,comichão,vómitos,perda_de_peso,febre_alta,pele_amarelada,urina_escura,dor_abdominal,,,,,,,,,,
Icterícia,comichão,vómitos,fadiga,febre_alta,pele_amarelada,urina_escura,dor_abdominal,,,,,,,,,,
Icterícia,comichão,vómitos,fadiga,perda_de_peso,pele_amarelada,urina_escura,dor_abdominal,,,,,,,,,,
Icterícia,comichão,vómitos,fadiga,perda_de_peso,febre_alta,urina_escura,dor_abdominal,,,,,,,,,,
Icterícia,comichão,vómitos,fadiga,perda_de_peso,febre_alta,pele_amarelada,dor_abdominal,,,,,,,,,,
Icterícia,comichão,vómitos,fadiga,perda_de_peso,febre_alta,pele_amarelada,urina_escura,,,,,,,,,,
Malária,arrepios,vómitos,febre_alta,sudorese,dor_de_cabeça,náuseas,dor_muscular,,,,,,,,,,
Malária,arrepios,vómitos,febre_alta,sudorese,dor_de_cabeça,náuseas,diarreia,dor_muscular,,,,,,,,,
Malária,arrepios,vómitos,febre_alta,sudorese,dor_de_cabeça,náuseas,diarreia,dor_muscular,,,,,,,,,
Malária,vómitos,febre_alta,sudorese,dor_de_cabeça,náuseas,diarreia,dor_muscular,,,,,,,,,,
Malária,arrepios,febre_alta,sudorese,dor_de_cabeça,náuseas,diarreia,dor_muscular,,,,,,,,,,
Malária,arrepios,vómitos,sudorese,dor_de_cabeça,náuseas,diarreia,dor_muscular,,,,,,,,,,
Malária,arrepios,vómitos,febre_alta,dor_de_cabeça,náuseas,diarreia,dor_muscular,,,,,,,,,,
Malária,arrepios,vómitos,febre_alta,sudorese,náuseas,diarreia,dor_muscular,,,,,,,,,,
Malária,arrepios,vómitos,febre_alta,sudorese,dor_de_cabeça,diarreia,dor_muscular,,,,,,,,,,
Malária,arrepios,vómitos,febre_alta,sudorese,dor_de_cabeça,náuseas,dor_muscular,,,,,,,,,,
Varicela,comichão,erupção_cutânea,fadiga,letargia,febre_alta,dor_de_cabeça,perda_de_apetite,febre_ligeira,gânglios_linfáticos_inchados,mal_estar,manchas_vermelhas_pelo_corpo,,,,,,
Varicela,erupção_cutânea,fadiga,letargia,febre_alta,dor_de_cabeça,perda_de_apetite,febre_ligeira,gânglios_linfáticos_inchados,mal_estar,manchas_vermelhas_pelo_corpo,,,,,,,
Varicela,comichão,fadiga,letargia,febre_alta,dor_de_cabeça,perda_de_apetite,febre_ligeira,gânglios_linfáticos_inchados,mal_estar,manchas_vermelhas_pelo_corpo,,,,,,,
Varicela,comichão,erupção_cutânea,letargia,febre_alta,dor_de_cabeça,perda_de_apetite,febre_ligeira,gânglios_linfáticos_inchados,mal_estar,manchas_vermelhas_pelo_corpo,,,,,,,
Varicela,comichão,erupção_cutânea,fadiga,febre_alta,dor_de_cabeça,perda_de_apetite,febre_ligeira,gânglios_linfáticos_inchados,mal_estar,manchas_vermelhas_pelo_corpo,,,,,,,
Varicela,comichão,erupção_cutânea,fadiga,letargia,dor_de_cabeça,perda_de_apetite,febre_ligeira,gânglios_linfáticos_inchados,mal_estar,manchas_vermelhas_pelo_corpo,,,,,,,
Varicela,comichão,erupção_cutânea,fadiga,letargia,febre_alta,perda_de_apetite,febre_ligeira,gânglios_linfáticos_inchados,mal_estar,manchas_vermelhas_pelo_corpo,,,,,,,
Varicela,comichão,erupção_cutânea,fadiga,letargia,febre_alta,dor_de_cabeça,febre_ligeira,gânglios_linfáticos_inchados,mal_estar,manchas_vermelhas_pelo_corpo,,,,,,,
Varicela,comichão,erupção_cutânea,fadiga,letargia,febre_alta,dor_de_cabeça,perda_de_apetite,gânglios_linfáticos_inchados,mal_estar,manchas_vermelhas_pelo_corpo,,,,,,,
Varicela,comichão,erupção_cutânea,fadiga,letargia,febre_alta,dor_de_cabeça,perda_de_apetite,febre_ligeira,mal_estar,manchas_vermelhas_pelo_corpo,,,,,,,
Dengue,erupção_cutânea,arrepios,dor_nas_articulações,vómitos,fadiga,febre_alta,dor_de_cabeça,náuseas,perda_de_apetite,dor_atrás_dos_olhos,dor_nas_costas,dor_muscular,manchas_vermelhas_pelo_corpo,,,,
Dengue,erupção_cutânea,arrepios,dor_nas_articulações,vómitos,fadiga,febre_alta,dor_de_cabeça,náuseas,perda_de_apetite,dor_atrás_dos_olhos,dor_nas_costas,mal_estar,manchas_vermelhas_pelo_corpo,,,,
Dengue,erupção_cutânea,arrepios,dor_nas_articulações,vómitos,fadiga,febre_alta,dor_de_cabeça,náuseas,perda_de_apetite,dor_atrás_dos_olhos,dor_nas_costas,mal_estar,dor_muscular,,,,
Dengue,erupção_cutânea,arrepios,dor_nas_articulações,vómitos,fadiga,febre_alta,dor_de_cabeça,náuseas,perda_de_apetite,dor_atrás_dos_olhos,dor_nas_costas,mal_estar,dor_muscular,manchas_vermelhas_pelo_corpo,,,
Dengue,arrepios,dor_nas_articulações,vómitos,fadiga,febre_alta,dor_de_cabeça,náuseas,perda_de_apetite,dor_atrás_dos_olhos,dor_nas_costas,mal_estar,dor_muscular,manchas_vermelhas_pelo_corpo,,,,
Dengue,erupção_cutânea,dor_nas_articulações,vómitos,fadiga,febre_alta,dor_de_cabeça,náuseas,perda_de_apetite,dor_atrás_dos_olhos,dor_nas_costas,mal_estar,dor_muscular,manchas_vermelhas_pelo_corpo,,,,
Dengue,erupção_cutânea,arrepios,vómitos,fadiga,febre_alta,dor_de_cabeça,náuseas,perda_de_apetite,dor_atrás_dos_olhos,dor_nas_costas,mal_estar,dor_muscular,manchas_vermelhas_pelo_corpo,,,,
Dengue,erupção_cutânea,arrepios,dor_nas_articulações,fadiga,febre_alta,dor_de_cabeça,náuseas,perda_de_apetite,dor_atrás_dos_olhos,dor_nas_costas,mal_estar,dor_muscular,manchas_vermelhas_pelo_corpo,,,,
Dengue,erupção_cutânea,arrepios,dor_nas_articulações,vómitos,febre_alta,dor_de_cabeça,náuseas,perda_de_apetite,dor_atrás_dos_olhos,dor_nas_costas,mal_estar,dor_muscular,manchas_vermelhas_pelo_corpo,,,,
Dengue,erupção_cutânea,arrepios,dor_nas_articulações,vómitos,fadiga,dor_de_cabeça,náuseas,perda_de_apetite,dor_atrás_dos_olhos,dor_nas_costas,mal_estar,dor_muscular,manchas_vermelhas_pelo_corpo,,,,
Febre Tifóide,arrepios,vómitos,fadiga,febre_alta,náuseas,obstipação,dor_abdominal,diarreia,aspeto_tóxico_(tifo),dor_na_barriga,,,,,,,
Febre Tifóide,arrepios,vómitos,fadiga,febre_alta,dor_de_cabeça,obstipação,dor_abdominal,diarreia,aspeto_tóxico_(tifo),dor_na_barriga,,,,,,,
Febre Tifóide,arrepios,vómitos,fadiga,febre_alta,dor_de_cabeça,náuseas,dor_abdominal,diarreia,aspeto_tóxico_(tifo),dor_na_barriga,,,,,,,
Febre Tifóide,arrepios,vómitos,fadiga,febre_alta,dor_de_cabeça,náuseas,obstipação,diarreia,aspeto_tóxico_(tifo),dor_na_barriga,,,,,,,
Febre Tifóide,arrepios,vómitos,fadiga,febre_alta,dor_de_cabeça,náuseas,obstipação,dor_abdominal,aspeto_tóxico_(tifo),dor_na_barriga,,,,,,,
Febre Tifóide,arrepios,vómitos,fadiga,febre_alta,dor_de_cabeça,náuseas,obstipação,dor_abdominal,diarreia,dor_na_barriga,,,,,,,
Febre Tifóide,arrepios,vómitos,fadiga,febre_alta,dor_de_cabeça,náuseas,obstipação,dor_abdominal,diarreia,aspeto_tóxico_(tifo),,,,,,,
Febre Tifóide,arrepios,vómitos,fadiga,febre_alta,dor_de_cabeça,náuseas,obstipação,dor_abdominal,diarreia,aspeto_tóxico_(tifo),dor_na_barriga,,,,,,
Febre Tifóide,arrepios,vómitos,fadiga,febre_alta,dor_de_cabeça,náuseas,obstipação,dor_abdominal,diarreia,aspeto_tóxico_(tifo),dor_na_barriga,,,,,,
Febre Tifóide,arrepios,fadiga,febre_alta,dor_de_cabeça,náuseas,obstipação,dor_abdominal,diarreia,aspeto_tóxico_(tifo),dor_na_barriga,,,,,,,
Hepatite A,dor_nas_articulações,vómitos,pele_amarelada,urina_escura,náuseas,perda_de_apetite,dor_abdominal,diarreia,febre_ligeira,amarelecimento_dos_olhos,dor_muscular,,,,,,
Hepatite A,dor_nas_articulações,vómitos,pele_amarelada,urina_escura,náuseas,perda_de_apetite,dor_abdominal,diarreia,febre_ligeira,amarelecimento_dos_olhos,dor_muscular,,,,,,
Hepatite A,vómitos,pele_amarelada,urina_escura,náuseas,perda_de_apetite,dor_abdominal,diarreia,febre_ligeira,amarelecimento_dos_olhos,dor_muscular,,,,,,,
Hepatite A,dor_nas_articulações,pele_amarelada,urina_escura,náuseas,perda_de_apetite,dor_abdominal,diarreia,febre_ligeira,amarelecimento_dos_olhos,dor_muscular,,,,,,,
Hepatite A,dor_nas_articulações,vómitos,urina_escura,náuseas,perda_de_apetite,dor_abdominal,diarreia,febre_ligeira,amarelecimento_dos_olhos,dor_muscular,,,,,,,
Hepatite A,dor_nas_articulações,vómitos,pele_amarelada,náuseas,perda_de_apetite,dor_abdominal,diarreia,febre_ligeira,amarelecimento_dos_olhos,dor_muscular,,,,,,,
Hepatite A,dor_nas_articulações,vómitos,pele_amarelada,urina_escura,perda_de_apetite,dor_abdominal,diarreia,febre_ligeira,amarelecimento_dos_olhos,dor_muscular,,,,,,,
Hepatite A,dor_nas_articulações,vómitos,pele_amarelada,urina_escura,náuseas,dor_abdominal,diarreia,febre_ligeira,amarelecimento_dos_olhos,dor_muscular,,,,,,,
Hepatite A,dor_nas_articulações,vómitos,pele_amarelada,urina_escura,náuseas,perda_de_apetite,diarreia,febre_ligeira,amarelecimento_dos_olhos,dor_muscular,,,,,,,
Hepatite A,dor_nas_articulações,vómitos,pele_amarelada,urina_escura,náuseas,perda_de_apetite,dor_abdominal,febre_ligeira,amarelecimento_dos_olhos,dor_muscular,,,,,,,
Hepatite B,comichão,fadiga,letargia,pele_amarelada,urina_escura,perda_de_apetite,dor_abdominal,urina_amarela,amarelecimento_dos_olhos,mal_estar,receção_de_transfusão_de_sangue,receção_de_injeções_não_esterilizadas,,,,,
Hepatite B,comichão,fadiga,letargia,pele_amarelada,urina_escura,perda_de_apetite,dor_abdominal,urina_amarela,amarelecimento_dos_olhos,mal_estar,receção_de_transfusão_de_sangue,receção_de_injeções_não_esterilizadas,,,,,
Hepatite B,fadiga,letargia,pele_amarelada,urina_escura,perda_de_apetite,dor_abdominal,urina_amarela,amarelecimento_dos_olhos,mal_estar,receção_de_transfusão_de_sangue,receção_de_injeções_não_esterilizadas,,,,,,
Hepatite B,comichão,letargia,pele_amarelada,urina_escura,perda_de_apetite,dor_abdominal,urina_amarela,amarelecimento_dos_olhos,mal_estar,receção_de_transfusão_de_sangue,receção_de_injeções_não_esterilizadas,,,,,,
Hepatite B,comichão,fadiga,pele_amarelada,urina_escura,perda_de_apetite,dor_abdominal,urina_amarela,amarelecimento_dos_olhos,mal_estar,receção_de_transfusão_de_sangue,receção_de_injeções_não_esterilizadas,,,,,,
Hepatite B,comichão,fadiga,letargia,urina_escura,perda_de_apetite,dor_abdominal,urina_amarela,amarelecimento_dos_olhos,mal_estar,receção_de_transfusão_de_sangue,receção_de_injeções_não_esterilizadas,,,,,,
Hepatite B,comichão,fadiga,letargia,pele_amarelada,perda_de_apetite,dor_abdominal,urina_amarela,amarelecimento_dos_olhos,mal_estar,receção_de_transfusão_de_sangue,receção_de_injeções_não_esterilizadas,,,,,,
Hepatite B,comichão,fadiga,letargia,pele_amarelada,urina_escura,dor_abdominal,urina_amarela,amarelecimento_dos_olhos,mal_estar,receção_de_transfusão_de_sangue,receção_de_injeções_não_esterilizadas,,,,,,
Hepatite B,comichão,fadiga,letargia,pele_amarelada,urina_escura,perda_de_apetite,urina_amarela,amarelecimento_dos_olhos,mal_estar,receção_de_transfusão_de_sangue,receção_de_injeções_não_esterilizadas,,,,,,
Hepatite B,comichão,fadiga,letargia,pele_amarelada,urina_escura,perda_de_apetite,dor_abdominal,amarelecimento_dos_olhos,mal_estar,receção_de_transfusão_de_sangue,receção_de_injeções_não_esterilizadas,,,,,,
Hepatite C,fadiga,pele_amarelada,náuseas,perda_de_apetite,historial_familiar,,,,,,,,,,,,
Hepatite C,fadiga,pele_amarelada,náuseas,perda_de_apetite,amarelecimento_dos_olhos,historial_familiar,,,,,,,,,,,
Hepatite C,pele_amarelada,náuseas,perda_de_apetite,amarelecimento_dos_olhos,historial_familiar,,,,,,,,,,,,
Hepatite C,fadiga,náuseas,perda_de_apetite,amarelecimento_dos_olhos,historial_familiar,,,,,,,,,,,,
Hepatite C,fadiga,pele_amarelada,perda_de_apetite,amarelecimento_dos_olhos,historial_familiar,,,,,,,,,,,,
Hepatite C,fadiga,pele_amarelada,náuseas,amarelecimento_dos_olhos,historial_familiar,,,,,,,,,,,,
Hepatite C,fadiga,pele_amarelada,náuseas,perda_de_apetite,historial_familiar,,,,,,,,,,,,
Hepatite C,fadiga,pele_amarelada,náuseas,perda_de_apetite,amarelecimento_dos_olhos,,,,,,,,,,,,
Hepatite C,fadiga,pele_amarelada,náuseas,perda_de_apetite,amarelecimento_dos_olhos,historial_familiar,,,,,,,,,,,
Hepatite C,fadiga,pele_amarelada,náuseas,perda_de_apetite,amarelecimento_dos_olhos,historial_familiar,,,,,,,,,,,
Hepatite D,dor_nas_articulações,vómitos,fadiga,pele_amarelada,urina_escura,náuseas,perda_de_apetite,dor_abdominal,amarelecimento_dos_olhos,,,,,,,,
Hepatite D,vómitos,fadiga,pele_amarelada,urina_escura,náuseas,perda_de_apetite,dor_abdominal,amarelecimento_dos_olhos,,,,,,,,,
Hepatite D,dor_nas_articulações,fadiga,pele_amarelada,urina_escura,náuseas,perda_de_apetite,dor_abdominal,amarelecimento_dos_olhos,,,,,,,,,
Hepatite D,dor_nas_articulações,vómitos,pele_amarelada,urina_escura,náuseas,perda_de_apetite,dor_abdominal,amarelecimento_dos_olhos,,,,,,,,,
Hepatite D,dor_nas_articulações,vómitos,fadiga,urina_escura,náuseas,perda_de_apetite,dor_abdominal,amarelecimento_dos_olhos,,,,,,,,,
Hepatite D,dor_nas_articulações,vómitos,fadiga,pele_amarelada,náuseas,perda_de_apetite,dor_abdominal,amarelecimento_dos_olhos,,,,,,,,,
Hepatite D,dor_nas_articulações,vómitos,fadiga,pele_amarelada,urina_escura,perda_de_apetite,dor_abdominal,amarelecimento_dos_olhos,,,,,,,,,
Hepatite D,dor_nas_articulações,vómitos,fadiga,pele_amarelada,urina_escura,náuseas,dor_abdominal,amarelecimento_dos_olhos,,,,,,,,,
Hepatite D,dor_nas_articulações,vómitos,fadiga,pele_amarelada,urina_escura,náuseas,perda_de_apetite,amarelecimento_dos_olhos,,,,,,,,,
Hepatite D,dor_nas_articulações,vómitos,fadiga,pele_amarelada,urina_escura,náuseas,perda_de_apetite,dor_abdominal,,,,,,,,,
Hepatite E,dor_nas_articulações,vómitos,fadiga,febre_alta,pele_amarelada,urina_escura,náuseas,perda_de_apetite,dor_abdominal,amarelecimento_dos_olhos,coma,hemorragia_gástrica,,,,,
Hepatite E,dor_nas_articulações,vómitos,fadiga,febre_alta,pele_amarelada,urina_escura,náuseas,perda_de_apetite,dor_abdominal,amarelecimento_dos_olhos,insuficiência_hepática_aguda,coma,hemorragia_gástrica,,,,
Hepatite E,dor_nas_articulações,vómitos,fadiga,febre_alta,pele_amarelada,urina_escura,náuseas,perda_de_apetite,dor_abdominal,amarelecimento_dos_olhos,insuficiência_hepática_aguda,coma,hemorragia_gástrica,,,,
Hepatite E,vómitos,fadiga,febre_alta,pele_amarelada,urina_escura,náuseas,perda_de_apetite,dor_abdominal,amarelecimento_dos_olhos,insuficiência_hepática_aguda,coma,hemorragia_gástrica,,,,,
Hepatite E,dor_nas_articulações,fadiga,febre_alta,pele_amarelada,urina_escura,náuseas,perda_de_apetite,dor_abdominal,amarelecimento_dos_olhos,insuficiência_hepática_aguda,coma,hemorragia_gástrica,,,,,
Hepatite E,dor_nas_articulações,vómitos,febre_alta,pele_amarelada,urina_escura,náuseas,perda_de_apetite,dor_abdominal,amarelecimento_dos_olhos,insuficiência_hepática_aguda,coma,hemorragia_gástrica,,,,,
Hepatite E,dor_nas_articulações,vómitos,fadiga,pele_amarelada,urina_escura,náuseas,perda_de_apetite,dor_abdominal,amarelecimento_dos_olhos,insuficiência_hepática_aguda,coma,hemorragia_gástrica,,,,,
Hepatite E,dor_nas_articulações,vómitos,fadiga,febre_alta,urina_escura,náuseas,perda_de_apetite,dor_abdominal,amarelecimento_dos_olhos,insuficiência_hepática_aguda,coma,hemorragia_gástrica,,,,,
Hepatite E,dor_nas_articulações,vómitos,fadiga,febre_alta,pele_amarelada,náuseas,perda_de_apetite,dor_abdominal,amarelecimento_dos_olhos,insuficiência_hepática_aguda,coma,hemorragia_gástrica,,,,,
Hepatite E,dor_nas_articulações,vómitos,fadiga,febre_alta,pele_amarelada,urina_escura,perda_de_apetite,dor_abdominal,amarelecimento_dos_olhos,insuficiência_hepática_aguda,coma,hemorragia_gástrica,,,,,
Hepatite Alcoólica,vómitos,pele_amarelada,dor_abdominal,inchaço_do_estômago,distensão_abdominal,historial_de_consumo_de_álcool,sobrecarga_de_fluidos,,,,,,,,,,
Hepatite Alcoólica,vómitos,pele_amarelada,dor_abdominal,inchaço_do_estômago,distensão_abdominal,historial_de_consumo_de_álcool,sobrecarga_de_fluidos,,,,,,,,,,
Hepatite Alcoólica,pele_amarelada,dor_abdominal,inchaço_do_estômago,distensão_abdominal,historial_de_consumo_de_álcool,sobrecarga_de_fluidos,,,,,,,,,,,
Hepatite Alcoólica,vómitos,dor_abdominal,inchaço_do_estômago,distensão_abdominal,historial_de_consumo_de_álcool,sobrecarga_de_fluidos,,,,,,,,,,,
Hepatite Alcoólica,vómitos,pele_amarelada,inchaço_do_estômago,distensão_abdominal,historial_de_consumo_de_álcool,sobrecarga_de_fluidos,,,,,,,,,,,
Hepatite Alcoólica,vómitos,pele_amarelada,dor_abdominal,distensão_abdominal,historial_de_consumo_de_álcool,sobrecarga_de_fluidos,,,,,,,,,,,
Hepatite Alcoólica,vómitos,pele_amarelada,dor_abdominal,inchaço_do_estômago,historial_de_consumo_de_álcool,sobrecarga_de_fluidos,,,,,,,,,,,
Hepatite Alcoólica,vómitos,pele_amarelada,dor_abdominal,inchaço_do_estômago,distensão_abdominal,sobrecarga_de_fluidos,,,,,,,,,,,
Hepatite Alcoólica,vómitos,pele_amarelada,dor_abdominal,inchaço_do_estômago,distensão_abdominal,historial_de_consumo_de_álcool,,,,,,,,,,,
Hepatite Alcoólica,vómitos,pele_amarelada,dor_abdominal,inchaço_do_estômago,distensão_abdominal,historial_de_consumo_de_álcool,sobrecarga_de_fluidos,,,,,,,,,,
Tuberculose,arrepios,vómitos,fadiga,perda_de_peso,tosse,febre_alta,falta_de_ar,sudorese,perda_de_apetite,febre_ligeira,amarelecimento_dos_olhos,gânglios_linfáticos_inchados,mal_estar,fleuma,dor_no_peito,sangue_na_expetoração,
Tuberculose,arrepios,vómitos,fadiga,perda_de_peso,tosse,febre_alta,falta_de_ar,sudorese,perda_de_apetite,febre_ligeira,amarelecimento_dos_olhos,gânglios_linfáticos_inchados,mal_estar,fleuma,dor_no_peito,sangue_na_expetoração,
Tuberculose,vómitos,fadiga,perda_de_peso,tosse,febre_alta,falta_de_ar,sudorese,perda_de_apetite,febre_ligeira,amarelecimento_dos_olhos,gânglios_linfáticos_inchados,mal_estar,fleuma,dor_no_peito,sangue_na_expetoração,,
Tuberculose,arrepios,fadiga,perda_de_peso,tosse,febre_alta,falta_de_ar,sudorese,perda_de_apetite,febre_ligeira,amarelecimento_dos_olhos,gânglios_linfáticos_inchados,mal_estar,fleuma,dor_no_peito,sangue_na_expetoração,,
Tuberculose,arrepios,vómitos,perda_de_peso,tosse,febre_alta,falta_de_ar,sudorese,perda_de_apetite,febre_ligeira,amarelecimento_dos_olhos,gânglios_linfáticos_inchados,mal_estar,fleuma,dor_no_peito,sangue_na_expetoração,,
Tuberculose,arrepios,vómitos,fadiga,tosse,febre_alta,falta_de_ar,sudorese,perda_de_apetite,febre_ligeira,amarelecimento_dos_olhos,gânglios_linfáticos_inchados,mal_estar,fleuma,dor_no_peito,sangue_na_expetoração,,
Tuberculose,arrepios,vómitos,fadiga,perda_de_peso,febre_alta,falta_de_ar,sudorese,perda_de_apetite,febre_ligeira,amarelecimento_dos_olhos,gânglios_linfáticos_inchados,mal_estar,fleuma,dor_no_peito,sangue_na_expetoração,,
Tuberculose,arrepios,vómitos,fadiga,perda_de_peso,tosse,falta_de_ar,sudorese,perda_de_apetite,febre_ligeira,amarelecimento_dos_olhos,gânglios_linfáticos_inchados,mal_estar,fleuma,dor_no_peito,sangue_na_expetoração,,
Tuberculose,arrepios,vómitos,fadiga,perda_de_peso,tosse,febre_alta,sudorese,perda_de_apetite,febre_ligeira,amarelecimento_dos_olhos,gânglios_linfáticos_inchados,mal_estar,fleuma,dor_no_peito,sangue_na_expetoração,,
Tuberculose,arrepios,vómitos,fadiga,perda_de_peso,tosse,febre_alta,falta_de_ar,perda_de_apetite,febre_ligeira,amarelecimento_dos_olhos,gânglios_linfáticos_inchados,mal_estar,fleuma,dor_no_peito,sangue_na_expetoração,,
Constipação Comum,espirros_contínuos,arrepios,fadiga,tosse,febre_alta,dor_de_cabeça,gânglios_linfáticos_inchados,mal_estar,fleuma,irritação_da_garganta,vermelhidão_dos_olhos,pressão_sinusal,nariz_a_pingar,congestão,dor_no_peito,perda_de_olfato,dor_muscular
Constipação Comum,espirros_contínuos,arrepios,fadiga,tosse,febre_alta,dor_de_cabeça,gânglios_linfáticos_inchados,mal_estar,fleuma,irritação_da_garganta,vermelhidão_dos_olhos,pressão_sinusal,nariz_a_pingar,congestão,dor_no_peito,perda_de_olfato,dor_muscular
Constipação Comum,arrepios,fadiga,tosse,febre_alta,dor_de_cabeça,gânglios_linfáticos_inchados,mal_estar,fleuma,irritação_da_garganta,vermelhidão_dos_olhos,pressão_sinusal,nariz_a_pingar,congestão,dor_no_peito,perda_de_olfato,dor_muscular,
Constipação Comum,espirros_contínuos,fadiga,tosse,febre_alta,dor_de_cabeça,gânglios_linfáticos_inchados,mal_estar,fleuma,irritação_da_garganta,vermelhidão_dos_olhos,pressão_sinusal,nariz_a_pingar,congestão,dor_no_peito,perda_de_olfato,dor_muscular,
Constipação Comum,espirros_contínuos,arrepios,tosse,febre_alta,dor_de_cabeça,gânglios_linfáticos_inchados,mal_estar,fleuma,irritação_da_garganta,vermelhidão_dos_olhos,pressão_sinusal,nariz_a_pingar,congestão,dor_no_peito,perda_de_olfato,dor_muscular,
Constipação Comum,espirros_contínuos,arrepios,fadiga,febre_alta,dor_de_cabeça,gânglios_linfáticos_inchados,mal_estar,fleuma,irritação_da_garganta,vermelhidão_dos_olhos,pressão_sinusal,nariz_a_pingar,congestão,dor_no_peito,perda_de_olfato,dor_muscular,
Constipação Comum,espirros_contínuos,arrepios,fadiga,tosse,dor_de_cabeça,gânglios_linfáticos_inchados,mal_estar,fleuma,irritação_da_garganta,vermelhidão_dos_olhos,pressão_sinusal,nariz_a_pingar,congestão,dor_no_peito,perda_de_olfato,dor_muscular,
Constipação Comum,espirros_contínuos,arrepios,fadiga,tosse,febre_alta,gânglios_linfáticos_inchados,mal_estar,fleuma,irritação_da_garganta,vermelhidão_dos_olhos,pressão_sinusal,nariz_a_pingar,congestão,dor_no_peito,perda_de_olfato,dor_muscular,
Constipação Comum,espirros_contínuos,arrepios,fadiga,tosse,febre_alta,dor_de_cabeça,mal_estar,fleuma,irritação_da_garganta,vermelhidão_dos_olhos,pressão_sinusal,nariz_a_pingar,congestão,dor_no_peito,perda_de_olfato,dor_muscular,
Constipação Comum,espirros_contínuos,arrepios,fadiga,tosse,febre_alta,dor_de_cabeça,gânglios_linfáticos_inchados,fleuma,irritação_da_garganta,vermelhidão_dos_olhos,pressão_sinusal,nariz_a_pingar,congestão,dor_no_peito,perda_de_olfato,dor_muscular,
Pneumonia,arrepios,fadiga,tosse,febre_alta,falta_de_ar,sudorese,mal_estar,dor_no_peito,frequência_cardíaca_elevada,expetoração_ferruginosa,,,,,,,
Pneumonia,arrepios,fadiga,tosse,febre_alta,falta_de_ar,sudorese,mal_estar,fleuma,dor_no_peito,frequência_cardíaca_elevada,expetoração_ferruginosa,,,,,,
Pneumonia,arrepios,fadiga,tosse,febre_alta,falta_de_ar,sudorese,mal_estar,fleuma,dor_no_peito,frequência_cardíaca_elevada,expetoração_ferruginosa,,,,,,
Pneumonia,fadiga,tosse,febre_alta,falta_de_ar,sudorese,mal_estar,fleuma,dor_no_peito,frequência_cardíaca_elevada,expetoração_ferruginosa,,,,,,,
Pneumonia,arrepios,tosse,febre_alta,falta_de_ar,sudorese,mal_estar,fleuma,dor_no_peito,frequência_cardíaca_elevada,expetoração_ferruginosa,,,,,,,
Pneumonia,arrepios,fadiga,febre_alta,falta_de_ar,sudorese,mal_estar,fleuma,dor_no_peito,frequência_cardíaca_elevada,expetoração_ferruginosa,,,,,,,
Pneumonia,arrepios,fadiga,tosse,falta_de_ar,sudorese,mal_estar,fleuma,dor_no_peito,frequência_cardíaca_elevada,expetoração_ferruginosa,,,,,,,
Pneumonia,arrepios,fadiga,tosse,febre_alta,sudorese,mal_estar,fleuma,dor_no_peito,frequência_cardíaca_elevada,expetoração_ferruginosa,,,,,,,
Pneumonia,arrepios,fadiga,tosse,febre_alta,falta_de_ar,mal_estar,fleuma,dor_no_peito,frequência_cardíaca_elevada,expetoração_ferruginosa,,,,,,,
Pneumonia,arrepios,fadiga,tosse,febre_alta,falta_de_ar,sudorese,fleuma,dor_no_peito,frequência_cardíaca_elevada,expetoração_ferruginosa,,,,,,,
Hemorroidas Dimórficas,obstipação,dor_durante_a_defecação,dor_na_região_anal,fezes_com_sangue,irritação_no_ânus,,,,,,,,,,,,
Hemorroidas Dimórficas,obstipação,dor_durante_a_defecação,dor_na_região_anal,fezes_com_sangue,irritação_no_ânus,,,,,,,,,,,,
Hemorroidas Dimórficas,obstipação,dor_durante_a_defecação,dor_na_região_anal,fezes_com_sangue,irritação_no_ânus,,,,,,,,,,,,
Hemorroidas Dimórficas,dor_durante_a_defecação,dor_na_região_anal,fezes_com_sangue,irritação_no_ânus,,,,,,,,,,,,,
Hemorroidas Dimórficas,obstipação,dor_na_região_anal,fezes_com_sangue,irritação_no_ânus,,,,,,,,,,,,,
Hemorroidas Dimórficas,obstipação,dor_durante_a_defecação,fezes_com_sangue,irritação_no_ânus,,,,,,,,,,,,,
Hemorroidas Dimórficas,obstipação,dor_durante_a_defecação,dor_na_região_anal,irritação_no_ânus,,,,,,,,,,,,,
Hemorroidas Dimórficas,obstipação,dor_durante_a_defecação,dor_na_região_anal,fezes_com_sangue,,,,,,,,,,,,,
Hemorroidas Dimórficas,obstipação,dor_durante_a_defecação,dor_na_região_anal,fezes_com_sangue,irritação_no_ânus,,,,,,,,,,,,
Hemorroidas Dimórficas,obstipação,dor_durante_a_defecação,dor_na_região_anal,fezes_com_sangue,irritação_no_ânus,,,,,,,,,,,,
Ataque Cardíaco,vómitos,falta_de_ar,sudorese,dor_no_peito,,,,,,,,,,,,,
Ataque Cardíaco,vómitos,falta_de_ar,sudorese,dor_no_peito,,,,,,,,,,,,,
Ataque Cardíaco,falta_de_ar,sudorese,dor_no_peito,,,,,,,,,,,,,,
Ataque Cardíaco,vómitos,sudorese,dor_no_peito,,,,,,,,,,,,,,
Ataque Cardíaco,vómitos,falta_de_ar,dor_no_peito,,,,,,,,,,,,,,
Ataque Cardíaco,vómitos,falta_de_ar,sudorese,,,,,,,,,,,,,,
Ataque Cardíaco,vómitos,falta_de_ar,sudorese,dor_no_peito,,,,,,,,,,,,,
Ataque Cardíaco,falta_de_ar,sudorese,dor_no_peito,,,,,,,,,,,,,,
Ataque Cardíaco,vómitos,sudorese,dor_no_peito,,,,,,,,,,,,,,
Ataque Cardíaco,vómitos,falta_de_ar,dor_no_peito,,,,,,,,,,,,,,
Varizes,fadiga,cãibras,equimoses,obesidade,pernas_inchadas,vasos_sanguíneos_dilatados,veias_proeminentes_na_barriga_da_perna,,,,,,,,,,
Varizes,fadiga,cãibras,equimoses,obesidade,pernas_inchadas,vasos_sanguíneos_dilatados,veias_proeminentes_na_barriga_da_perna,,,,,,,,,,
Varizes,cãibras,equimoses,obesidade,pernas_inchadas,vasos_sanguíneos_dilatados,veias_proeminentes_na_barriga_da_perna,,,,,,,,,,,
Varizes,fadiga,equimoses,obesidade,pernas_inchadas,vasos_sanguíneos_dilatados,veias_proeminentes_na_barriga_da_perna,,,,,,,,,,,
Varizes,fadiga,cãibras,obesidade,pernas_inchadas,vasos_sanguíneos_dilatados,veias_proeminentes_na_barriga_da_perna,,,,,,,,,,,
Varizes,fadiga,cãibras,equimoses,pernas_inchadas,vasos_sanguíneos_dilatados,veias_proeminentes_na_barriga_da_perna,,,,,,,,,,,
Varizes,fadiga,cãibras,equimoses,obesidade,vasos_sanguíneos_dilatados,veias_proeminentes_na_barriga_da_perna,,,,,,,,,,,
Varizes,fadiga,cãibras,equimoses,obesidade,pernas_inchadas,veias_proeminentes_na_barriga_da_perna,,,,,,,,,,,
Varizes,fadiga,cãibras,equimoses,obesidade,pernas_inchadas,vasos_sanguíneos_dilatados,,,,,,,,,,,
Varizes,fadiga,cãibras,equimoses,obesidade,pernas_inchadas,veias_proeminentes_na_barriga_da_perna,,,,,,,,,,,
Hipotiroidismo,fadiga,aumento_de_peso,mãos_e_pés_frios,alterações_de_humor,letargia,tonturas,rosto_e_olhos_inchados,tiróide_aumentada,unhas_frágeis,extremidades_inchadas,depressão,irritabilidade,menstruação_anormal,,,,
Hipotiroidismo,fadiga,aumento_de_peso,mãos_e_pés_frios,alterações_de_humor,letargia,tonturas,rosto_e_olhos_inchados,tiróide_aumentada,unhas_frágeis,extremidades_inchadas,depressão,irritabilidade,menstruação_anormal,,,,
Hipotiroidismo,aumento_de_peso,mãos_e_pés_frios,alterações_de_humor,letargia,tonturas,rosto_e_olhos_inchados,tiróide_aumentada,unhas_frágeis,extremidades_inchadas,depressão,irritabilidade,menstruação_anormal,,,,,
Hipotiroidismo,aumento_de_peso,mãos_e_pés_frios,alterações_de_humor,letargia,tonturas,rosto_e_olhos_inchados,tiróide_aumentada,unhas_frágeis,extremidades_inchadas,depressão,irritabilidade,menstruação_anormal,,,,,
Hipotiroidismo,fadiga,mãos_e_pés_frios,alterações_de_humor,letargia,tonturas,rosto_e_olhos_inchados,tiróide_aumentada,unhas_frágeis,extremidades_inchadas,depressão,irritabilidade,menstruação_anormal,,,,,
Hipotiroidismo,fadiga,aumento_de_peso,alterações_de_humor,letargia,tonturas,rosto_e_olhos_inchados,tiróide_aumentada,unhas_frágeis,extremidades_inchadas,depressão,irritabilidade,menstruação_anormal,,,,,
Hipotiroidismo,fadiga,aumento_de_peso,mãos_e_pés_frios,letargia,tonturas,rosto_e_olhos_inchados,tiróide_aumentada,unhas_frágeis,extremidades_inchadas,depressão,irritabilidade,menstruação_anormal,,,,,
Hipotiroidismo,fadiga,aumento_de_peso,mãos_e_pés_frios,alterações_de_humor,tonturas,rosto_e_olhos_inchados,tiróide_aumentada,unhas_frágeis,extremidades_inchadas,depressão,irritabilidade,menstruação_anormal,,,,,
Hipotiroidismo,fadiga,aumento_de_peso,mãos_e_pés_frios,alterações_de_humor,letargia,rosto_e_olhos_inchados,tiróide_aumentada,unhas_frágeis,extremidades_inchadas,depressão,irritabilidade,menstruação_anormal,,,,,
Hipotiroidismo,fadiga,aumento_de_peso,mãos_e_pés_frios,alterações_de_humor,letargia,tonturas,tiróide_aumentada,unhas_frágeis,extremidades_inchadas,depressão,irritabilidade,menstruação_anormal,,,,,
Hipertiroidismo,fadiga,alterações_de_humor,perda_de_peso,agitação,sudorese,diarreia,frequência_cardíaca_elevada,fome_excessiva,fraqueza_muscular,irritabilidade,menstruação_anormal,,,,,,
Hipertiroidismo,fadiga,alterações_de_humor,perda_de_peso,agitação,sudorese,diarreia,frequência_cardíaca_elevada,fome_excessiva,fraqueza_muscular,irritabilidade,menstruação_anormal,,,,,,
Hipertiroidismo,alterações_de_humor,perda_de_peso,agitação,sudorese,diarreia,frequência_cardíaca_elevada,fome_excessiva,fraqueza_muscular,irritabilidade,menstruação_anormal,,,,,,,
Hipertiroidismo,fadiga,perda_de_peso,agitação,sudorese,diarreia,frequência_cardíaca_elevada,fome_excessiva,fraqueza_muscular,irritabilidade,menstruação_anormal,,,,,,,
Hipertiroidismo,fadiga,alterações_de_humor,agitação,sudorese,diarreia,frequência_cardíaca_elevada,fome_excessiva,fraqueza_muscular,irritabilidade,menstruação_anormal,,,,,,,
Hipertiroidismo,fadiga,alterações_de_humor,perda_de_peso,sudorese,diarreia,frequência_cardíaca_elevada,fome_excessiva,fraqueza_muscular,irritabilidade,menstruação_anormal,,,,,,,
Hipertiroidismo,fadiga,alterações_de_humor,perda_de_peso,agitação,diarreia,frequência_cardíaca_elevada,fome_excessiva,fraqueza_muscular,irritabilidade,menstruação_anormal,,,,,,,
Hipertiroidismo,fadiga,alterações_de_humor,perda_de_peso,agitação,sudorese,frequência_cardíaca_elevada,fome_excessiva,fraqueza_muscular,irritabilidade,menstruação_anormal,,,,,,,
Hipertiroidismo,fadiga,alterações_de_humor,perda_de_peso,agitação,sudorese,diarreia,fome_excessiva,fraqueza_muscular,irritabilidade,menstruação_anormal,,,,,,,
Hipertiroidismo,fadiga,alterações_de_humor,perda_de_peso,agitação,sudorese,diarreia,frequência_cardíaca_elevada,fraqueza_muscular,irritabilidade,menstruação_anormal,,,,,,,
Hipoglicemia,vómitos,fadiga,ansiedade,sudorese,dor_de_cabeça,náuseas,visão_turva_e_distorcida,fome_excessiva,discurso_arrastado,irritabilidade,palpitações,,,,,,
Hipoglicemia,vómitos,fadiga,ansiedade,sudorese,dor_de_cabeça,náuseas,visão_turva_e_distorcida,fome_excessiva,lábios_secos_e_com_formigueiro,discurso_arrastado,irritabilidade,palpitações,,,,,
Hipoglicemia,vómitos,fadiga,ansiedade,sudorese,dor_de_cabeça,náuseas,visão_turva_e_distorcida,fome_excessiva,lábios_secos_e_com_formigueiro,discurso_arrastado,irritabilidade,palpitações,,,,,
Hipoglicemia,fadiga,ansiedade,sudorese,dor_de_cabeça,náuseas,visão_turva_e_distorcida,fome_excessiva,lábios_secos_e_com_formigueiro,discurso_arrastado,irritabilidade,palpitações,,,,,,
Hipoglicemia,vómitos,ansiedade,sudorese,dor_de_cabeça,náuseas,visão_turva_e_distorcida,fome_excessiva,lábios_secos_e_com_formigueiro,discurso_arrastado,irritabilidade,palpitações,,,,,,
Hipoglicemia,vómitos,fadiga,sudorese,dor_de_cabeça,náuseas,visão_turva_e_distorcida,fome_excessiva,lábios_secos_e_com_formigueiro,discurso_arrastado,irritabilidade,palpitações,,,,,,
Hipoglicemia,vómitos,fadiga,ansiedade,dor_de_cabeça,náuseas,visão_turva_e_distorcida,fome_excessiva,lábios_secos_e_com_formigueiro,discurso_arrastado,irritabilidade,palpitações,,,,,,
Hipoglicemia,vómitos,fadiga,ansiedade,sudorese,náuseas,visão_turva_e_distorcida,fome_excessiva,lábios_secos_e_com_formigueiro,discurso_arrastado,irritabilidade,palpitações,,,,,,
Hipoglicemia,vómitos,fadiga,ansiedade,sudorese,dor_de_cabeça,visão_turva_e_distorcida,fome_excessiva,lábios_secos_e_com_formigueiro,discurso_arrastado,irritabilidade,palpitações,,,,,,
Hipoglicemia,vómitos,fadiga,ansiedade,sudorese,dor_de_cabeça,náuseas,fome_excessiva,lábios_secos_e_com_formigueiro,discurso_arrastado,irritabilidade,palpitações,,,,,,
Osteoartrite,dor_nas_articulações,dor_no_pescoço,dor_no_joelho,dor_na_articulação_da_anca,inchaço_das_articulações,dor_ao_caminhar,,,,,,,,,,,
Osteoartrite,dor_nas_articulações,dor_no_pescoço,dor_no_joelho,dor_na_articulação_da_anca,inchaço_das_articulações,dor_ao_caminhar,,,,,,,,,,,
Osteoartrite,dor_no_pescoço,dor_no_joelho,dor_na_articulação_da_anca,inchaço_das_articulações,dor_ao_caminhar,,,,,,,,,,,,
Osteoartrite,dor_nas_articulações,dor_no_joelho,dor_na_articulação_da_anca,inchaço_das_articulações,dor_ao_caminhar,,,,,,,,,,,,
Osteoartrite,dor_nas_articulações,dor_no_pescoço,dor_na_articulação_da_anca,inchaço_das_articulações,dor_ao_caminhar,,,,,,,,,,,,
Osteoartrite,dor_nas_articulações,dor_no_pescoço,dor_no_joelho,inchaço_das_articulações,dor_ao_caminhar,,,,,,,,,,,,
Osteoartrite,dor_nas_articulações,dor_no_pescoço,dor_no_joelho,dor_na_articulação_da_anca,dor_ao_caminhar,,,,,,,,,,,,
Osteoartrite,dor_nas_articulações,dor_no_pescoço,dor_no_joelho,dor_na_articulação_da_anca,inchaço_das_articulações,,,,,,,,,,,,
Osteoartrite,dor_nas_articulações,dor_no_pescoço,dor_no_joelho,dor_na_articulação_da_anca,inchaço_das_articulações,dor_ao_caminhar,,,,,,,,,,,
Osteoartrite,dor_nas_articulações,dor_no_pescoço,dor_no_joelho,dor_na_articulação_da_anca,inchaço_das_articulações,dor_ao_caminhar,,,,,,,,,,,
Artrite,fraqueza_muscular,rigidez_cervical,inchaço_das_articulações,rigidez_de_movimentos,dor_ao_caminhar,,,,,,,,,,,,
Artrite,fraqueza_muscular,rigidez_cervical,inchaço_das_articulações,rigidez_de_movimentos,dor_ao_caminhar,,,,,,,,,,,,
Artrite,rigidez_cervical,inchaço_das_articulações,rigidez_de_movimentos,dor_ao_caminhar,,,,,,,,,,,,,
Artrite,fraqueza_muscular,inchaço_das_articulações,rigidez_de_movimentos,dor_ao_caminhar,,,,,,,,,,,,,
Artrite,fraqueza_muscular,rigidez_cervical,rigidez_de_movimentos,dor_ao_caminhar,,,,,,,,,,,,,
Artrite,fraqueza_muscular,rigidez_cervical,inchaço_das_articulações,dor_ao_caminhar,,,,,,,,,,,,,
Artrite,fraqueza_muscular,rigidez_cervical,inchaço_das_articulações,rigidez_de_movimentos,dor_ao_caminhar,,,,,,,,,,,,
Artrite,fraqueza_muscular,rigidez_cervical,inchaço_das_articulações,rigidez_de_movimentos,,,,,,,,,,,,,
Artrite,fraqueza_muscular,rigidez_cervical,inchaço_das_articulações,rigidez_de_movimentos,dor_ao_caminhar,,,,,,,,,,,,
Artrite,fraqueza_muscular,rigidez_cervical,inchaço_das_articulações,rigidez_de_movimentos,dor_ao_caminhar,,,,,,,,,,,,
Vertigem Posicional Paroxística Benigna,vómitos,dor_de_cabeça,náuseas,movimentos_de_rotação,perda_de_equilíbrio,instabilidade,,,,,,,,,,,
Vertigem Posicional Paroxística Benigna,vómitos,dor_de_cabeça,náuseas,movimentos_de_rotação,perda_de_equilíbrio,instabilidade,,,,,,,,,,,
Vertigem Posicional Paroxística Benigna,dor_de_cabeça,náuseas,movimentos_de_rotação,perda_de_equilíbrio,instabilidade,,,,,,,,,,,,
Vertigem Posicional Paroxística Benigna,vómitos,náuseas,movimentos_de_rotação,perda_de_equilíbrio,instabilidade,,,,,,,,,,,,
Vertigem Posicional Paroxística Benigna,vómitos,dor_de_cabeça,movimentos_de_rotação,perda_de_equilíbrio,instabilidade,,,,,,,,,,,,
Vertigem Posicional Paroxística Benigna,vómitos,dor_de_cabeça,náuseas,perda_de_equilíbrio,instabilidade,,,,,,,,,,,,
Vertigem Posicional Paroxística Benigna,vómitos,dor_de_cabeça,náuseas,movimentos_de_rotação,instabilidade,,,,,,,,,,,,
Vertigem Posicional Paroxística Benigna,vómitos,dor_de_cabeça,náuseas,movimentos_de_rotação,perda_de_equilíbrio,,,,,,,,,,,,
Vertigem Posicional Paroxística Benigna,vómitos,dor_de_cabeça,náuseas,movimentos_de_rotação,perda_de_equilíbrio,instabilidade,,,,,,,,,,,
Vertigem Posicional Paroxística Benigna,vómitos,dor_de_cabeça,náuseas,perda_de_equilíbrio,instabilidade,,,,,,,,,,,,
Acne,erupção_cutânea,borbulhas_com_pus,pontos_negros,descamação,,,,,,,,,,,,,
Acne,erupção_cutânea,borbulhas_com_pus,pontos_negros,descamação,,,,,,,,,,,,,
Acne,borbulhas_com_pus,pontos_negros,descamação,,,,,,,,,,,,,,
Acne,erupção_cutânea,pontos_negros,descamação,,,,,,,,,,,,,,
Acne,erupção_cutânea,borbulhas_com_pus,descamação,,,,,,,,,,,,,,
Acne,erupção_cutânea,borbulhas_com_pus,pontos_negros,,,,,,,,,,,,,,
Acne,erupção_cutânea,borbulhas_com_pus,pontos_negros,descamação,,,,,,,,,,,,,
Acne,erupção_cutânea,borbulhas_com_pus,pontos_negros,,,,,,,,,,,,,,
Acne,erupção_cutânea,borbulhas_com_pus,descamação,,,,,,,,,,,,,,
Acne,erupção_cutânea,pontos_negros,descamação,,,,,,,,,,,,,,
Infeção do Trato Urinário,micção_ardente,desconforto_na_bexiga,odor_fétido_na_urina,sensação_contínua_de_urinar,,,,,,,,,,,,,
Infeção do Trato Urinário,micção_ardente,desconforto_na_bexiga,odor_fétido_na_urina,sensação_contínua_de_urinar,,,,,,,,,,,,,
Infeção do Trato Urinário,desconforto_na_bexiga,odor_fétido_na_urina,sensação_contínua_de_urinar,,,,,,,,,,,,,,
Infeção do Trato Urinário,micção_ardente,odor_fétido_na_urina,sensação_contínua_de_urinar,,,,,,,,,,,,,,
Infeção do Trato Urinário,micção_ardente,desconforto_na_bexiga,sensação_contínua_de_urinar,,,,,,,,,,,,,,
Infeção do Trato Urinário,micção_ardente,desconforto_na_bexiga,odor_fétido_na_urina,,,,,,,,,,,,,,
Infeção do Trato Urinário,micção_ardente,desconforto_na_bexiga,odor_fétido_na_urina,sensação_contínua_de_urinar,,,,,,,,,,,,,
Infeção do Trato Urinário,micção_ardente,desconforto_na_bexiga,sensação_contínua_de_urinar,,,,,,,,,,,,,,
Infeção do Trato Urinário,desconforto_na_bexiga,odor_fétido_na_urina,sensação_contínua_de_urinar,,,,,,,,,,,,,,
Infeção do Trato Urinário,micção_ardente,desconforto_na_bexiga,sensação_contínua_de_urinar,,,,,,,,,,,,,,
Psoríase,erupção_cutânea,dor_nas_articulações,descamação_da_pele,aspeto_prateado_na_pele,pequenas_depressões_nas_unhas,unhas_inflamadas,,,,,,,,,,,
Psoríase,erupção_cutânea,dor_nas_articulações,descamação_da_pele,aspeto_prateado_na_pele,pequenas_depressões_nas_unhas,unhas_inflamadas,,,,,,,,,,,
Psoríase,dor_nas_articulações,descamação_da_pele,aspeto_prateado_na_pele,pequenas_depressões_nas_unhas,unhas_inflamadas,,,,,,,,,,,,
Psoríase,erupção_cutânea,descamação_da_pele,aspeto_prateado_na_pele,pequenas_depressões_nas_unhas,unhas_inflamadas,,,,,,,,,,,,
Psoríase,erupção_cutânea,dor_nas_articulações,aspeto_prateado_na_pele,pequenas_depressões_nas_unhas,unhas_inflamadas,,,,,,,,,,,,
Psoríase,erupção_cutânea,dor_nas_articulações,descamação_da_pele,pequenas_depressões_nas_unhas,unhas_inflamadas,,,,,,,,,,,,
Psoríase,erupção_cutânea,dor_nas_articulações,descamação_da_pele,aspeto_prateado_na_pele,unhas_inflamadas,,,,,,,,,,,,
Psoríase,erupção_cutânea,dor_nas_articulações,descamação_da_pele,aspeto_prateado_na_pele,pequenas_depressões_nas_unhas,,,,,,,,,,,,
Psoríase,erupção_cutânea,dor_nas_articulações,descamação_da_pele,aspeto_prateado_na_pele,pequenas_depressões_nas_unhas,unhas_inflamadas,,,,,,,,,,,
Psoríase,erupção_cutânea,dor_nas_articulações,descamação_da_pele,aspeto_prateado_na_pele,pequenas_depressões_nas_unhas,unhas_inflamadas,,,,,,,,,,,
Impétigo,erupção_cutânea,febre_alta,bolha,ferida_vermelha_à_volta_do_nariz,crostas_amarelas_com_exsudado,,,,,,,,,,,,
Impétigo,erupção_cutânea,febre_alta,bolha,ferida_vermelha_à_volta_do_nariz,crostas_amarelas_com_exsudado,,,,,,,,,,,,
Impétigo,febre_alta,bolha,ferida_vermelha_à_volta_do_nariz,crostas_amarelas_com_exsudado,,,,,,,,,,,,,
Impétigo,erupção_cutânea,bolha,ferida_vermelha_à_volta_do_nariz,crostas_amarelas_com_exsudado,,,,,,,,,,,,,
Impétigo,erupção_cutânea,bolha,ferida_vermelha_à_volta_do_nariz,crostas_amarelas_com_exsudado,,,,,,,,,,,,,
Impétigo,erupção_cutânea,febre_alta,ferida_vermelha_à_volta_do_nariz,crostas_amarelas_com_exsudado,,,,,,,,,,,,,
Impétigo,erupção_cutânea,febre_alta,bolha,crostas_amarelas_com_exsudado,,,,,,,,,,,,,
Impétigo,erupção_cutânea,febre_alta,bolha,ferida_vermelha_à_volta_do_nariz,,,,,,,,,,,,,
Impétigo,erupção_cutânea,febre_alta,bolha,ferida_vermelha_à_volta_do_nariz,crostas_amarelas_com_exsudado,,,,,,,,,,,,
Impétigo,erupção_cutânea,bolha,ferida_vermelha_à_volta_do_nariz,crostas_amarelas_com_exsudado,,,,,,,,,,,,,
Infeção Fúngica,comichão,erupção_cutânea,erupções_cutâneas_nodulares,manchas_discrómicas,,,,,,,,,,,,,
Infeção Fúngica,erupção_cutânea,erupções_cutâneas_nodulares,manchas_discrómicas,,,,,,,,,,,,,,
Infeção Fúngica,comichão,erupções_cutâneas_nodulares,manchas_discrómicas,,,,,,,,,,,,,,
Infeção Fúngica,comichão,erupção_cutânea,manchas_discrómicas,,,,,,,,,,,,,,
Infeção Fúngica,comichão,erupção_cutânea,erupções_cutâneas_nodulares,,,,,,,,,,,,,,
Infeção Fúngica,erupção_cutânea,erupções_cutâneas_nodulares,manchas_discrómicas,,,,,,,,,,,,,,
Infeção Fúngica,comichão,erupções_cutâneas_nodulares,manchas_discrómicas,,,,,,,,,,,,,,
Infeção Fúngica,comichão,erupção_cutânea,manchas_discrómicas,,,,,,,,,,,,,,
Infeção Fúngica,comichão,erupção_cutânea,erupções_cutâneas_nodulares,,,,,,,,,,,,,,
Infeção Fúngica,comichão,erupção_cutânea,erupções_cutâneas_nodulares,manchas_discrómicas,,,,,,,,,,,,,
Alergia,espirros_contínuos,tremores,arrepios,lacrimejo,,,,,,,,,,,,,
Alergia,tremores,arrepios,lacrimejo,,,,,,,,,,,,,,
Alergia,espirros_contínuos,arrepios,lacrimejo,,,,,,,,,,,,,,
Alergia,espirros_contínuos,tremores,lacrimejo,,,,,,,,,,,,,,
Alergia,espirros_contínuos,tremores,arrepios,,,,,,,,,,,,,,
Alergia,tremores,arrepios,lacrimejo,,,,,,,,,,,,,,
Alergia,espirros_contínuos,arrepios,lacrimejo,,,,,,,,,,,,,,
Alergia,espirros_contínuos,tremores,lacrimejo,,,,,,,,,,,,,,
Alergia,espirros_contínuos,tremores,arrepios,,,,,,,,,,,,,,
Alergia,espirros_contínuos,tremores,arrepios,lacrimejo,,,,,,,,,,,,,
DRGE,dor_de_estômago,acidez,úlceras_na_língua,vómitos,tosse,dor_no_peito,,,,,,,,,,,
DRGE,dor_de_estômago,úlceras_na_língua,vómitos,tosse,dor_no_peito,,,,,,,,,,,,
DRGE,dor_de_estômago,acidez,vómitos,tosse,dor_no_peito,,,,,,,,,,,,
DRGE,dor_de_estômago,acidez,úlceras_na_língua,tosse,dor_no_peito,,,,,,,,,,,,
DRGE,dor_de_estômago,acidez,úlceras_na_língua,vómitos,dor_no_peito,,,,,,,,,,,,
DRGE,dor_de_estômago,acidez,úlceras_na_língua,vómitos,tosse,,,,,,,,,,,,
DRGE,acidez,úlceras_na_língua,vómitos,tosse,dor_no_peito,,,,,,,,,,,,
DRGE,dor_de_estômago,úlceras_na_língua,vómitos,tosse,dor_no_peito,,,,,,,,,,,,
DRGE,dor_de_estômago,acidez,vómitos,tosse,dor_no_peito,,,,,,,,,,,,
DRGE,dor_de_estômago,acidez,úlceras_na_língua,tosse,dor_no_peito,,,,,,,,,,,,
Colestase Crónica,comichão,vómitos,pele_amarelada,náuseas,perda_de_apetite,dor_abdominal,amarelecimento_dos_olhos,,,,,,,,,,
Colestase Crónica,vómitos,pele_amarelada,náuseas,perda_de_apetite,dor_abdominal,amarelecimento_dos_olhos,,,,,,,,,,,
Colestase Crónica,comichão,pele_amarelada,náuseas,perda_de_apetite,dor_abdominal,amarelecimento_dos_olhos,,,,,,,,,,,
Colestase Crónica,comichão,vómitos,náuseas,perda_de_apetite,dor_abdominal,amarelecimento_dos_olhos,,,,,,,,,,,
Colestase Crónica,comichão,vómitos,pele_amarelada,perda_de_apetite,dor_abdominal,amarelecimento_dos_olhos,,,,,,,,,,,
Colestase Crónica,comichão,vómitos,pele_amarelada,náuseas,dor_abdominal,amarelecimento_dos_olhos,,,,,,,,,,,
Colestase Crónica,comichão,vómitos,pele_amarelada,náuseas,perda_de_apetite,amarelecimento_dos_olhos,,,,,,,,,,,
Colestase Crónica,comichão,vómitos,pele_amarelada,náuseas,perda_de_apetite,dor_abdominal,,,,,,,,,,,
Colestase Crónica,comichão,vómitos,pele_amarelada,náuseas,perda_de_apetite,dor_abdominal,amarelecimento_dos_olhos,,,,,,,,,,
Colestase Crónica,comichão,vómitos,pele_amarelada,náuseas,perda_de_apetite,dor_abdominal,amarelecimento_dos_olhos,,,,,,,,,,
Reação a Medicamentos,comichão,erupção_cutânea,dor_de_estômago,micção_ardente,perdas_urinárias,,,,,,,,,,,,
Reação a Medicamentos,comichão,dor_de_estômago,micção_ardente,perdas_urinárias,,,,,,,,,,,,,
Reação a Medicamentos,comichão,erupção_cutânea,micção_ardente,perdas_urinárias,,,,,,,,,,,,,
Reação a Medicamentos,comichão,erupção_cutânea,dor_de_estômago,perdas_urinárias,,,,,,,,,,,,,
Reação a Medicamentos,comichão,erupção_cutânea,dor_de_estômago,micção_ardente,,,,,,,,,,,,,
Reação a Medicamentos,erupção_cutânea,dor_de_estômago,micção_ardente,perdas_urinárias,,,,,,,,,,,,,
Reação a Medicamentos,comichão,dor_de_estômago,micção_ardente,perdas_urinárias,,,,,,,,,,,,,
Reação a Medicamentos,comichão,erupção_cutânea,micção_ardente,perdas_urinárias,,,,,,,,,,,,,
Reação a Medicamentos,comichão,erupção_cutânea,dor_de_estômago,perdas_urinárias,,,,,,,,,,,,,
Reação a Medicamentos,comichão,erupção_cutânea,dor_de_estômago,micção_ardente,,,,,,,,,,,,,
Úlcera Péptica,vómitos,perda_de_apetite,dor_abdominal,passagem_de_gases,comichão_interna,,,,,,,,,,,,
Úlcera Péptica,vómitos,indigestão,dor_abdominal,passagem_de_gases,comichão_interna,,,,,,,,,,,,
Úlcera Péptica,indigestão,perda_de_apetite,dor_abdominal,passagem_de_gases,comichão_interna,,,,,,,,,,,,
Úlcera Péptica,vómitos,perda_de_apetite,dor_abdominal,passagem_de_gases,comichão_interna,,,,,,,,,,,,
Úlcera Péptica,vómitos,indigestão,dor_abdominal,passagem_de_gases,comichão_interna,,,,,,,,,,,,
Úlcera Péptica,vómitos,indigestão,perda_de_apetite,passagem_de_gases,comichão_interna,,,,,,,,,,,,
Úlcera Péptica,vómitos,indigestão,perda_de_apetite,dor_abdominal,comichão_interna,,,,,,,,,,,,
Úlcera Péptica,vómitos,indigestão,perda_de_apetite,dor_abdominal,passagem_de_gases,,,,,,,,,,,,
Úlcera Péptica,vómitos,indigestão,perda_de_apetite,dor_abdominal,passagem_de_gases,comichão_interna,,,,,,,,,,,
Úlcera Péptica,vómitos,indigestão,perda_de_apetite,dor_abdominal,passagem_de_gases,comichão_interna,,,,,,,,,,,
SIDA,atrofia_muscular,manchas_na_garganta,febre_alta,contactos_extraconjugais,,,,,,,,,,,,,
SIDA,manchas_na_garganta,febre_alta,contactos_extraconjugais,,,,,,,,,,,,,,
SIDA,atrofia_muscular,febre_alta,contactos_extraconjugais,,,,,,,,,,,,,,
SIDA,atrofia_muscular,manchas_na_garganta,contactos_extraconjugais,,,,,,,,,,,,,,
SIDA,atrofia_muscular,manchas_na_garganta,febre_alta,,,,,,,,,,,,,,
SIDA,atrofia_muscular,manchas_na_garganta,febre_alta,contactos_extraconjugais,,,,,,,,,,,,,
SIDA,atrofia_muscular,manchas_na_garganta,febre_alta,contactos_extraconjugais,,,,,,,,,,,,,
SIDA,manchas_na_garganta,febre_alta,contactos_extraconjugais,,,,,,,,,,,,,,
SIDA,atrofia_muscular,febre_alta,contactos_extraconjugais,,,,,,,,,,,,,,
SIDA,atrofia_muscular,manchas_na_garganta,febre_alta,,,,,,,,,,,,,,
Diabetes,fadiga,perda_de_peso,agitação,letargia,nível_de_açúcar_irregular,visão_turva_e_distorcida,obesidade,fome_excessiva,apetite_aumentado,poliúria,,,,,,,
Diabetes,fadiga,perda_de_peso,agitação,letargia,nível_de_açúcar_irregular,visão_turva_e_distorcida,obesidade,fome_excessiva,apetite_aumentado,poliúria,,,,,,,
Diabetes,perda_de_peso,agitação,letargia,nível_de_açúcar_irregular,visão_turva_e_distorcida,obesidade,fome_excessiva,apetite_aumentado,poliúria,,,,,,,,
Diabetes,fadiga,agitação,letargia,nível_de_açúcar_irregular,visão_turva_e_distorcida,obesidade,fome_excessiva,apetite_aumentado,poliúria,,,,,,,,
Diabetes,fadiga,perda_de_peso,letargia,nível_de_açúcar_irregular,visão_turva_e_distorcida,obesidade,fome_excessiva,apetite_aumentado,poliúria,,,,,,,,
Diabetes,fadiga,perda_de_peso,agitação,nível_de_açúcar_irregular,visão_turva_e_distorcida,obesidade,fome_excessiva,apetite_aumentado,poliúria,,,,,,,,
Diabetes,fadiga,perda_de_peso,agitação,letargia,visão_turva_e_distorcida,obesidade,fome_excessiva,apetite_aumentado,poliúria,,,,,,,,
Diabetes,fadiga,perda_de_peso,agitação,letargia,nível_de_açúcar_irregular,obesidade,fome_excessiva,apetite_aumentado,poliúria,,,,,,,,
Diabetes,fadiga,perda_de_peso,agitação,letargia,nível_de_açúcar_irregular,visão_turva_e_distorcida,fome_excessiva,apetite_aumentado,poliúria,,,,,,,,
Diabetes,fadiga,perda_de_peso,agitação,letargia,nível_de_açúcar_irregular,visão_turva_e_distorcida,obesidade,apetite_aumentado,poliúria,,,,,,,,
Gastroenterite,vómitos,olhos_encovados,desidratação,diarreia,,,,,,,,,,,,,
Gastroenterite,vómitos,olhos_encovados,desidratação,diarreia,,,,,,,,,,,,,
Gastroenterite,olhos_encovados,desidratação,diarreia,,,,,,,,,,,,,,
Gastroenterite,vómitos,desidratação,diarreia,,,,,,,,,,,,,,
Gastroenterite,vómitos,olhos_encovados,diarreia,,,,,,,,,,,,,,
Gastroenterite,vómitos,olhos_encovados,desidratação,,,,,,,,,,,,,,
Gastroenterite,vómitos,olhos_encovados,desidratação,diarreia,,,,,,,,,,,,,
Gastroenterite,olhos_encovados,desidratação,diarreia,,,,,,,,,,,,,,
Gastroenterite,vómitos,desidratação,diarreia,,,,,,,,,,,,,,
Gastroenterite,vómitos,olhos_encovados,diarreia,,,,,,,,,,,,,,
Asma Brônquica,fadiga,tosse,febre_alta,falta_de_ar,historial_familiar,expetoração_mucoide,,,,,,,,,,,
Asma Brônquica,tosse,febre_alta,falta_de_ar,historial_familiar,expetoração_mucoide,,,,,,,,,,,,
Asma Brônquica,fadiga,febre_alta,falta_de_ar,historial_familiar,expetoração_mucoide,,,,,,,,,,,,
Asma Brônquica,fadiga,tosse,falta_de_ar,historial_familiar,expetoração_mucoide,,,,,,,,,,,,
Asma Brônquica,fadiga,tosse,febre_alta,historial_familiar,expetoração_mucoide,,,,,,,,,,,,
Asma Brônquica,fadiga,tosse,febre_alta,falta_de_ar,expetoração_mucoide,,,,,,,,,,,,
Asma Brônquica,fadiga,tosse,febre_alta,falta_de_ar,historial_familiar,,,,,,,,,,,,
Asma Brônquica,fadiga,tosse,febre_alta,falta_de_ar,historial_familiar,expetoração_mucoide,,,,,,,,,,,
Asma Brônquica,tosse,febre_alta,falta_de_ar,historial_familiar,expetoração_mucoide,,,,,,,,,,,,
Asma Brônquica,fadiga,febre_alta,falta_de_ar,historial_familiar,expetoração_mucoide,,,,,,,,,,,,
Hipertensão,dor_de_cabeça,dor_no_peito,tonturas,perda_de_equilíbrio,falta_de_concentração,,,,,,,,,,,,
Hipertensão,dor_no_peito,tonturas,perda_de_equilíbrio,falta_de_concentração,,,,,,,,,,,,,
Hipertensão,dor_de_cabeça,tonturas,perda_de_equilíbrio,falta_de_concentração,,,,,,,,,,,,,
Hipertensão,dor_de_cabeça,dor_no_peito,perda_de_equilíbrio,falta_de_concentração,,,,,,,,,,,,,
Hipertensão,dor_de_cabeça,dor_no_peito,tonturas,falta_de_concentração,,,,,,,,,,,,,
Hipertensão,dor_de_cabeça,dor_no_peito,tonturas,perda_de_equilíbrio,,,,,,,,,,,,,
Hipertensão,dor_de_cabeça,dor_no_peito,tonturas,perda_de_equilíbrio,falta_de_concentração,,,,,,,,,,,,
Hipertensão,dor_no_peito,tonturas,perda_de_equilíbrio,falta_de_concentração,,,,,,,,,,,,,
Hipertensão,dor_de_cabeça,tonturas,perda_de_equilíbrio,falta_de_concentração,,,,,,,,,,,,,
Hipertensão,dor_de_cabeça,dor_no_peito,perda_de_equilíbrio,falta_de_concentração,,,,,,,,,,,,,
Enxaqueca,acidez,indigestão,dor_de_cabeça,visão_turva_e_distorcida,fome_excessiva,rigidez_cervical,depressão,irritabilidade,perturbações_visuais,,,,,,,,
Enxaqueca,indigestão,dor_de_cabeça,visão_turva_e_distorcida,fome_excessiva,rigidez_cervical,depressão,irritabilidade,perturbações_visuais,,,,,,,,,
Enxaqueca,acidez,dor_de_cabeça,visão_turva_e_distorcida,fome_excessiva,rigidez_cervical,depressão,irritabilidade,perturbações_visuais,,,,,,,,,
Enxaqueca,acidez,indigestão,visão_turva_e_distorcida,fome_excessiva,rigidez_cervical,depressão,irritabilidade,perturbações_visuais,,,,,,,,,
Enxaqueca,acidez,indigestão,dor_de_cabeça,fome_excessiva,rigidez_cervical,depressão,irritabilidade,perturbações_visuais,,,,,,,,,
Enxaqueca,acidez,indigestão,dor_de_cabeça,visão_turva_e_distorcida,rigidez_cervical,depressão,irritabilidade,perturbações_visuais,,,,,,,,,
Enxaqueca,acidez,indigestão,dor_de_cabeça,visão_turva_e_distorcida,fome_excessiva,depressão,irritabilidade,perturbações_visuais,,,,,,,,,
Enxaqueca,acidez,indigestão,dor_de_cabeça,visão_turva_e_distorcida,fome_excessiva,rigidez_cervical,irritabilidade,perturbações_visuais,,,,,,,,,
Enxaqueca,acidez,indigestão,dor_de_cabeça,visão_turva_e_distorcida,fome_excessiva,rigidez_cervical,depressão,perturbações_visuais,,,,,,,,,
Enxaqueca,acidez,indigestão,dor_de_cabeça,visão_turva_e_distorcida,fome_excessiva,rigidez_cervical,depressão,irritabilidade,,,,,,,,,
Espondilose Cervical,dor_nas_costas,fraqueza_nos_membros,dor_no_pescoço,tonturas,perda_de_equilíbrio,,,,,,,,,,,,
Espondilose Cervical,dor_nas_costas,fraqueza_nos_membros,dor_no_pescoço,tonturas,perda_de_equilíbrio,,,,,,,,,,,,
Espondilose Cervical,fraqueza_nos_membros,dor_no_pescoço,tonturas,perda_de_equilíbrio,,,,,,,,,,,,,
Espondilose Cervical,dor_nas_costas,dor_no_pescoço,tonturas,perda_de_equilíbrio,,,,,,,,,,,,,
Espondilose Cervical,dor_nas_costas,fraqueza_nos_membros,tonturas,perda_de_equilíbrio,,,,,,,,,,,,,
Espondilose Cervical,dor_nas_costas,fraqueza_nos_membros,dor_no_pescoço,perda_de_equilíbrio,,,,,,,,,,,,,
Espondilose Cervical,dor_nas_costas,fraqueza_nos_membros,dor_no_pescoço,tonturas,,,,,,,,,,,,,
Espondilose Cervical,dor_nas_costas,fraqueza_nos_membros,dor_no_pescoço,tonturas,perda_de_equilíbrio,,,,,,,,,,,,
Espondilose Cervical,fraqueza_nos_membros,dor_no_pescoço,tonturas,perda_de_equilíbrio,,,,,,,,,,,,,
Espondilose Cervical,dor_nas_costas,dor_no_pescoço,tonturas,perda_de_equilíbrio,,,,,,,,,,,,,
Paralisia (Hemorragia Cerebral),vómitos,dor_de_cabeça,fraqueza_num_lado_do_corpo,alteração_do_sensório,,,,,,,,,,,,,
Paralisia (Hemorragia Cerebral),vómitos,dor_de_cabeça,fraqueza_num_lado_do_corpo,alteração_do_sensório,,,,,,,,,,,,,
Paralisia (Hemorragia Cerebral),dor_de_cabeça,fraqueza_num_lado_do_corpo,alteração_do_sensório,,,,,,,,,,,,,,
Paralisia (Hemorragia Cerebral),vómitos,fraqueza_num_lado_do_corpo,alteração_do_sensório,,,,,,,,,,,,,,
Paralisia (Hemorragia Cerebral),vómitos,dor_de_cabeça,alteração_do_sensório,,,,,,,,,,,,,,
Paralisia (Hemorragia Cerebral),vómitos,dor_de_cabeça,fraqueza_num_lado_do_corpo,,,,,,,,,,,,,,
Paralisia (Hemorragia Cerebral),vómitos,dor_de_cabeça,fraqueza_num_lado_do_corpo,alteração_do_sensório,,,,,,,,,,,,,
Paralisia (Hemorragia Cerebral),dor_de_cabeça,fraqueza_num_lado_do_corpo,alteração_do_sensório,,,,,,,,,,,,,,
Paralisia (Hemorragia Cerebral),vómitos,fraqueza_num_lado_do_corpo,alteração_do_sensório,,,,,,,,,,,,,,
Paralisia (Hemorragia Cerebral),vómitos,dor_de_cabeça,alteração_do_sensório,,,,,,,,,,,,,,
Icterícia,comichão,vómitos,fadiga,perda_de_peso,febre_alta,pele_amarelada,urina_escura,dor_abdominal,,,,,,,,,
Icterícia,comichão,vómitos,fadiga,perda_de_peso,febre_alta,pele_amarelada,urina_escura,dor_abdominal,,,,,,,,,
Icterícia,vómitos,fadiga,perda_de_peso,febre_alta,pele_amarelada,urina_escura,dor_abdominal,,,,,,,,,,
Icterícia,comichão,fadiga,perda_de_peso,febre_alta,pele_amarelada,urina_escura,dor_abdominal,,,,,,,,,,
Icterícia,comichão,vómitos,perda_de_peso,febre_alta,pele_amarelada,urina_escura,dor_abdominal,,,,,,,,,,
Icterícia,comichão,vómitos,fadiga,febre_alta,pele_amarelada,urina_escura,dor_abdominal,,,,,,,,,,
Icterícia,comichão,vómitos,fadiga,perda_de_peso,pele_amarelada,urina_escura,dor_abdominal,,,,,,,,,,
Icterícia,comichão,vómitos,fadiga,perda_de_peso,febre_alta,urina_escura,dor_abdominal,,,,,,,,,,
Icterícia,comichão,vómitos,fadiga,perda_de_peso,febre_alta,pele_amarelada,dor_abdominal,,,,,,,,,,
Icterícia,comichão,vómitos,fadiga,perda_de_peso,febre_alta,pele_amarelada,urina_escura,,,,,,,,,,
Malária,arrepios,vómitos,febre_alta,sudorese,dor_de_cabeça,náuseas,dor_muscular,,,,,,,,,,
Malária,arrepios,vómitos,febre_alta,sudorese,dor_de_cabeça,náuseas,diarreia,dor_muscular,,,,,,,,,
Malária,arrepios,vómitos,febre_alta,sudorese,dor_de_cabeça,náuseas,diarreia,dor_muscular,,,,,,,,,
Malária,vómitos,febre_alta,sudorese,dor_de_cabeça,náuseas,diarreia,dor_muscular,,,,,,,,,,
Malária,arrepios,febre_alta,sudorese,dor_de_cabeça,náuseas,diarreia,dor_muscular,,,,,,,,,,
Malária,arrepios,vómitos,sudorese,dor_de_cabeça,náuseas,diarreia,dor_muscular,,,,,,,,,,
Malária,arrepios,vómitos,febre_alta,dor_de_cabeça,náuseas,diarreia,dor_muscular,,,,,,,,,,
Malária,arrepios,vómitos,febre_alta,sudorese,náuseas,diarreia,dor_muscular,,,,,,,,,,
Malária,arrepios,vómitos,febre_alta,sudorese,dor_de_cabeça,diarreia,dor_muscular,,,,,,,,,,
Malária,arrepios,vómitos,febre_alta,sudorese,dor_de_cabeça,náuseas,dor_muscular,,,,,,,,,,
Varicela,comichão,erupção_cutânea,fadiga,letargia,febre_alta,dor_de_cabeça,perda_de_apetite,febre_ligeira,gânglios_linfáticos_inchados,mal_estar,manchas_vermelhas_pelo_corpo,,,,,,
Varicela,erupção_cutânea,fadiga,letargia,febre_alta,dor_de_cabeça,perda_de_apetite,febre_ligeira,gânglios_linfáticos_inchados,mal_estar,manchas_vermelhas_pelo_corpo,,,,,,,
Varicela,comichão,fadiga,letargia,febre_alta,dor_de_cabeça,perda_de_apetite,febre_ligeira,gânglios_linfáticos_inchados,mal_estar,manchas_vermelhas_pelo_corpo,,,,,,,
Varicela,comichão,erupção_cutânea,letargia,febre_alta,dor_de_cabeça,perda_de_apetite,febre_ligeira,gânglios_linfáticos_inchados,mal_estar,manchas_vermelhas_pelo_corpo,,,,,,,
Varicela,comichão,erupção_cutânea,fadiga,febre_alta,dor_de_cabeça,perda_de_apetite,febre_ligeira,gânglios_linfáticos_inchados,mal_estar,manchas_vermelhas_pelo_corpo,,,,,,,
Varicela,comichão,erupção_cutânea,fadiga,letargia,dor_de_cabeça,perda_de_apetite,febre_ligeira,gânglios_linfáticos_inchados,mal_estar,manchas_vermelhas_pelo_corpo,,,,,,,
Varicela,comichão,erupção_cutânea,fadiga,letargia,febre_alta,perda_de_apetite,febre_ligeira,gânglios_linfáticos_inchados,mal_estar,manchas_vermelhas_pelo_corpo,,,,,,,
Varicela,comichão,erupção_cutânea,fadiga,letargia,febre_alta,dor_de_cabeça,febre_ligeira,gânglios_linfáticos_inchados,mal_estar,manchas_vermelhas_pelo_corpo,,,,,,,
Varicela,comichão,erupção_cutânea,fadiga,letargia,febre_alta,dor_de_cabeça,perda_de_apetite,gânglios_linfáticos_inchados,mal_estar,manchas_vermelhas_pelo_corpo,,,,,,,
Varicela,comichão,erupção_cutânea,fadiga,letargia,febre_alta,dor_de_cabeça,perda_de_apetite,febre_ligeira,mal_estar,manchas_vermelhas_pelo_corpo,,,,,,,
Dengue,erupção_cutânea,arrepios,dor_nas_articulações,vómitos,fadiga,febre_alta,dor_de_cabeça,náuseas,perda_de_apetite,dor_atrás_dos_olhos,dor_nas_costas,dor_muscular,manchas_vermelhas_pelo_corpo,,,,
Dengue,erupção_cutânea,arrepios,dor_nas_articulações,vómitos,fadiga,febre_alta,dor_de_cabeça,náuseas,perda_de_apetite,dor_atrás_dos_olhos,dor_nas_costas,mal_estar,manchas_vermelhas_pelo_corpo,,,,
Dengue,erupção_cutânea,arrepios,dor_nas_articulações,vómitos,fadiga,febre_alta,dor_de_cabeça,náuseas,perda_de_apetite,dor_atrás_dos_olhos,dor_nas_costas,mal_estar,dor_muscular,,,,
Dengue,erupção_cutânea,arrepios,dor_nas_articulações,vómitos,fadiga,febre_alta,dor_de_cabeça,náuseas,perda_de_apetite,dor_atrás_dos_olhos,dor_nas_costas,mal_estar,dor_muscular,manchas_vermelhas_pelo_corpo,,,
Dengue,arrepios,dor_nas_articulações,vómitos,fadiga,febre_alta,dor_de_cabeça,náuseas,perda_de_apetite,dor_atrás_dos_olhos,dor_nas_costas,mal_estar,dor_muscular,manchas_vermelhas_pelo_corpo,,,,
Dengue,erupção_cutânea,dor_nas_articulações,vómitos,fadiga,febre_alta,dor_de_cabeça,náuseas,perda_de_apetite,dor_atrás_dos_olhos,dor_nas_costas,mal_estar,dor_muscular,manchas_vermelhas_pelo_corpo,,,,
Dengue,erupção_cutânea,arrepios,vómitos,fadiga,febre_alta,dor_de_cabeça,náuseas,perda_de_apetite,dor_atrás_dos_olhos,dor_nas_costas,mal_estar,dor_muscular,manchas_vermelhas_pelo_corpo,,,,
Dengue,erupção_cutânea,arrepios,dor_nas_articulações,fadiga,febre_alta,dor_de_cabeça,náuseas,perda_de_apetite,dor_atrás_dos_olhos,dor_nas_costas,mal_estar,dor_muscular,manchas_vermelhas_pelo_corpo,,,,
Dengue,erupção_cutânea,arrepios,dor_nas_articulações,vómitos,febre_alta,dor_de_cabeça,náuseas,perda_de_apetite,dor_atrás_dos_olhos,dor_nas_costas,mal_estar,dor_muscular,manchas_vermelhas_pelo_corpo,,,,
Dengue,erupção_cutânea,arrepios,dor_nas_articulações,vómitos,fadiga,dor_de_cabeça,náuseas,perda_de_apetite,dor_atrás_dos_olhos,dor_nas_costas,mal_estar,dor_muscular,manchas_vermelhas_pelo_corpo,,,,
Febre Tifóide,arrepios,vómitos,fadiga,febre_alta,náuseas,obstipação,dor_abdominal,diarreia,aspeto_tóxico_(tifo),dor_na_barriga,,,,,,,
Febre Tifóide,arrepios,vómitos,fadiga,febre_alta,dor_de_cabeça,obstipação,dor_abdominal,diarreia,aspeto_tóxico_(tifo),dor_na_barriga,,,,,,,
Febre Tifóide,arrepios,vómitos,fadiga,febre_alta,dor_de_cabeça,náuseas,dor_abdominal,diarreia,aspeto_tóxico_(tifo),dor_na_barriga,,,,,,,
Febre Tifóide,arrepios,vómitos,fadiga,febre_alta,dor_de_cabeça,náuseas,obstipação,diarreia,aspeto_tóxico_(tifo),dor_na_barriga,,,,,,,
Febre Tifóide,arrepios,vómitos,fadiga,febre_alta,dor_de_cabeça,náuseas,obstipação,dor_abdominal,aspeto_tóxico_(tifo),dor_na_barriga,,,,,,,
Febre Tifóide,arrepios,vómitos,fadiga,febre_alta,dor_de_cabeça,náuseas,obstipação,dor_abdominal,diarreia,dor_na_barriga,,,,,,,
Febre Tifóide,arrepios,vómitos,fadiga,febre_alta,dor_de_cabeça,náuseas,obstipação,dor_abdominal,diarreia,aspeto_tóxico_(tifo),,,,,,,
Febre Tifóide,arrepios,vómitos,fadiga,febre_alta,dor_de_cabeça,náuseas,obstipação,dor_abdominal,diarreia,aspeto_tóxico_(tifo),dor_na_barriga,,,,,,
Febre Tifóide,arrepios,vómitos,fadiga,febre_alta,dor_de_cabeça,náuseas,obstipação,dor_abdominal,diarreia,aspeto_tóxico_(tifo),dor_na_barriga,,,,,,
Febre Tifóide,arrepios,fadiga,febre_alta,dor_de_cabeça,náuseas,obstipação,dor_abdominal,diarreia,aspeto_tóxico_(tifo),dor_na_barriga,,,,,,,
Hepatite A,dor_nas_articulações,vómitos,pele_amarelada,urina_escura,náuseas,perda_de_apetite,dor_abdominal,diarreia,febre_ligeira,amarelecimento_dos_olhos,dor_muscular,,,,,,
Hepatite A,dor_nas_articulações,vómitos,pele_amarelada,urina_escura,náuseas,perda_de_apetite,dor_abdominal,diarreia,febre_ligeira,amarelecimento_dos_olhos,dor_muscular,,,,,,
Hepatite A,vómitos,pele_amarelada,urina_escura,náuseas,perda_de_apetite,dor_abdominal,diarreia,febre_ligeira,amarelecimento_dos_olhos,dor_muscular,,,,,,,
Hepatite A,dor_nas_articulações,pele_amarelada,urina_escura,náuseas,perda_de_apetite,dor_abdominal,diarreia,febre_ligeira,amarelecimento_dos_olhos,dor_muscular,,,,,,,
Hepatite A,dor_nas_articulações,vómitos,urina_escura,náuseas,perda_de_apetite,dor_abdominal,diarreia,febre_ligeira,amarelecimento_dos_olhos,dor_muscular,,,,,,,
Hepatite A,dor_nas_articulações,vómitos,pele_amarelada,náuseas,perda_de_apetite,dor_abdominal,diarreia,febre_ligeira,amarelecimento_dos_olhos,dor_muscular,,,,,,,
Hepatite A,dor_nas_articulações,vómitos,pele_amarelada,urina_escura,perda_de_apetite,dor_abdominal,diarreia,febre_ligeira,amarelecimento_dos_olhos,dor_muscular,,,,,,,
Hepatite A,dor_nas_articulações,vómitos,pele_amarelada,urina_escura,náuseas,dor_abdominal,diarreia,febre_ligeira,amarelecimento_dos_olhos,dor_muscular,,,,,,,
Hepatite A,dor_nas_articulações,vómitos,pele_amarelada,urina_escura,náuseas,perda_de_apetite,diarreia,febre_ligeira,amarelecimento_dos_olhos,dor_muscular,,,,,,,
Hepatite A,dor_nas_articulações,vómitos,pele_amarelada,urina_escura,náuseas,perda_de_apetite,dor_abdominal,febre_ligeira,amarelecimento_dos_olhos,dor_muscular,,,,,,,
Hepatite B,comichão,fadiga,letargia,pele_amarelada,urina_escura,perda_de_apetite,dor_abdominal,urina_amarela,amarelecimento_dos_olhos,mal_estar,receção_de_transfusão_de_sangue,receção_de_injeções_não_esterilizadas,,,,,
Hepatite B,comichão,fadiga,letargia,pele_amarelada,urina_escura,perda_de_apetite,dor_abdominal,urina_amarela,amarelecimento_dos_olhos,mal_estar,receção_de_transfusão_de_sangue,receção_de_injeções_não_esterilizadas,,,,,
Hepatite B,fadiga,letargia,pele_amarelada,urina_escura,perda_de_apetite,dor_abdominal,urina_amarela,amarelecimento_dos_olhos,mal_estar,receção_de_transfusão_de_sangue,receção_de_injeções_não_esterilizadas,,,,,,
Hepatite B,comichão,letargia,pele_amarelada,urina_escura,perda_de_apetite,dor_abdominal,urina_amarela,amarelecimento_dos_olhos,mal_estar,receção_de_transfusão_de_sangue,receção_de_injeções_não_esterilizadas,,,,,,
Hepatite B,comichão,fadiga,pele_amarelada,urina_escura,perda_de_apetite,dor_abdominal,urina_amarela,amarelecimento_dos_olhos,mal_estar,receção_de_transfusão_de_sangue,receção_de_injeções_não_esterilizadas,,,,,,
Hepatite B,comichão,fadiga,letargia,urina_escura,perda_de_apetite,dor_abdominal,urina_amarela,amarelecimento_dos_olhos,mal_estar,receção_de_transfusão_de_sangue,receção_de_injeções_não_esterilizadas,,,,,,
Hepatite B,comichão,fadiga,letargia,pele_amarelada,perda_de_apetite,dor_abdominal,urina_amarela,amarelecimento_dos_olhos,mal_estar,receção_de_transfusão_de_sangue,receção_de_injeções_não_esterilizadas,,,,,,
Hepatite B,comichão,fadiga,letargia,pele_amarelada,urina_escura,dor_abdominal,urina_amarela,amarelecimento_dos_olhos,mal_estar,receção_de_transfusão_de_sangue,receção_de_injeções_não_esterilizadas,,,,,,
Hepatite B,comichão,fadiga,letargia,pele_amarelada,urina_escura,perda_de_apetite,urina_amarela,amarelecimento_dos_olhos,mal_estar,receção_de_transfusão_de_sangue,receção_de_injeções_não_esterilizadas,,,,,,
Hepatite B,comichão,fadiga,letargia,pele_amarelada,urina_escura,perda_de_apetite,dor_abdominal,amarelecimento_dos_olhos,mal_estar,receção_de_transfusão_de_sangue,receção_de_injeções_não_esterilizadas,,,,,,
Hepatite C,fadiga,pele_amarelada,náuseas,perda_de_apetite,historial_familiar,,,,,,,,,,,,
Hepatite C,fadiga,pele_amarelada,náuseas,perda_de_apetite,amarelecimento_dos_olhos,historial_familiar,,,,,,,,,,,
Hepatite C,pele_amarelada,náuseas,perda_de_apetite,amarelecimento_dos_olhos,historial_familiar,,,,,,,,,,,,
Hepatite C,fadiga,náuseas,perda_de_apetite,amarelecimento_dos_olhos,historial_familiar,,,,,,,,,,,,
Hepatite C,fadiga,pele_amarelada,perda_de_apetite,amarelecimento_dos_olhos,historial_familiar,,,,,,,,,,,,
Hepatite C,fadiga,pele_amarelada,náuseas,amarelecimento_dos_olhos,historial_familiar,,,,,,,,,,,,
Hepatite C,fadiga,pele_amarelada,náuseas,perda_de_apetite,historial_familiar,,,,,,,,,,,,
Hepatite C,fadiga,pele_amarelada,náuseas,perda_de_apetite,amarelecimento_dos_olhos,,,,,,,,,,,,
Hepatite C,fadiga,pele_amarelada,náuseas,perda_de_apetite,amarelecimento_dos_olhos,historial_familiar,,,,,,,,,,,
Hepatite C,fadiga,pele_amarelada,náuseas,perda_de_apetite,amarelecimento_dos_olhos,historial_familiar,,,,,,,,,,,
Hepatite D,dor_nas_articulações,vómitos,fadiga,pele_amarelada,urina_escura,náuseas,perda_de_apetite,dor_abdominal,amarelecimento_dos_olhos,,,,,,,,
Hepatite D,vómitos,fadiga,pele_amarelada,urina_escura,náuseas,perda_de_apetite,dor_abdominal,amarelecimento_dos_olhos,,,,,,,,,
Hepatite D,dor_nas_articulações,fadiga,pele_amarelada,urina_escura,náuseas,perda_de_apetite,dor_abdominal,amarelecimento_dos_olhos,,,,,,,,,
Hepatite D,dor_nas_articulações,vómitos,pele_amarelada,urina_escura,náuseas,perda_de_apetite,dor_abdominal,amarelecimento_dos_olhos,,,,,,,,,
Hepatite D,dor_nas_articulações,vómitos,fadiga,urina_escura,náuseas,perda_de_apetite,dor_abdominal,amarelecimento_dos_olhos,,,,,,,,,
Hepatite D,dor_nas_articulações,vómitos,fadiga,pele_amarelada,náuseas,perda_de_apetite,dor_abdominal,amarelecimento_dos_olhos,,,,,,,,,
Hepatite D,dor_nas_articulações,vómitos,fadiga,pele_amarelada,urina_escura,perda_de_apetite,dor_abdominal,amarelecimento_dos_olhos,,,,,,,,,
Hepatite D,dor_nas_articulações,vómitos,fadiga,pele_amarelada,urina_escura,náuseas,dor_abdominal,amarelecimento_dos_olhos,,,,,,,,,
Hepatite D,dor_nas_articulações,vómitos,fadiga,pele_amarelada,urina_escura,náuseas,perda_de_apetite,amarelecimento_dos_olhos,,,,,,,,,
Hepatite D,dor_nas_articulações,vómitos,fadiga,pele_amarelada,urina_escura,náuseas,perda_de_apetite,dor_abdominal,,,,,,,,,
Hepatite E,dor_nas_articulações,vómitos,fadiga,febre_alta,pele_amarelada,urina_escura,náuseas,perda_de_apetite,dor_abdominal,amarelecimento_dos_olhos,coma,hemorragia_gástrica,,,,,
Hepatite E,dor_nas_articulações,vómitos,fadiga,febre_alta,pele_amarelada,urina_escura,náuseas,perda_de_apetite,dor_abdominal,amarelecimento_dos_olhos,insuficiência_hepática_aguda,coma,hemorragia_gástrica,,,,
Hepatite E,dor_nas_articulações,vómitos,fadiga,febre_alta,pele_amarelada,urina_escura,náuseas,perda_de_apetite,dor_abdominal,amarelecimento_dos_olhos,insuficiência_hepática_aguda,coma,hemorragia_gástrica,,,,
Hepatite E,vómitos,fadiga,febre_alta,pele_amarelada,urina_escura,náuseas,perda_de_apetite,dor_abdominal,amarelecimento_dos_olhos,insuficiência_hepática_aguda,coma,hemorragia_gástrica,,,,,
Hepatite E,dor_nas_articulações,fadiga,febre_alta,pele_amarelada,urina_escura,náuseas,perda_de_apetite,dor_abdominal,amarelecimento_dos_olhos,insuficiência_hepática_aguda,coma,hemorragia_gástrica,,,,,
Hepatite E,dor_nas_articulações,vómitos,febre_alta,pele_amarelada,urina_escura,náuseas,perda_de_apetite,dor_abdominal,amarelecimento_dos_olhos,insuficiência_hepática_aguda,coma,hemorragia_gástrica,,,,,
Hepatite E,dor_nas_articulações,vómitos,fadiga,pele_amarelada,urina_escura,náuseas,perda_de_apetite,dor_abdominal,amarelecimento_dos_olhos,insuficiência_hepática_aguda,coma,hemorragia_gástrica,,,,,
Hepatite E,dor_nas_articulações,vómitos,fadiga,febre_alta,urina_escura,náuseas,perda_de_apetite,dor_abdominal,amarelecimento_dos_olhos,insuficiência_hepática_aguda,coma,hemorragia_gástrica,,,,,
Hepatite E,dor_nas_articulações,vómitos,fadiga,febre_alta,pele_amarelada,náuseas,perda_de_apetite,dor_abdominal,amarelecimento_dos_olhos,insuficiência_hepática_aguda,coma,hemorragia_gástrica,,,,,
Hepatite E,dor_nas_articulações,vómitos,fadiga,febre_alta,pele_amarelada,urina_escura,perda_de_apetite,dor_abdominal,amarelecimento_dos_olhos,insuficiência_hepática_aguda,coma,hemorragia_gástrica,,,,,
Hepatite Alcoólica,vómitos,pele_amarelada,dor_abdominal,inchaço_do_estômago,distensão_abdominal,historial_de_consumo_de_álcool,sobrecarga_de_fluidos,,,,,,,,,,
Hepatite Alcoólica,vómitos,pele_amarelada,dor_abdominal,inchaço_do_estômago,distensão_abdominal,historial_de_consumo_de_álcool,sobrecarga_de_fluidos,,,,,,,,,,
Hepatite Alcoólica,pele_amarelada,dor_abdominal,inchaço_do_estômago,distensão_abdominal,historial_de_consumo_de_álcool,sobrecarga_de_fluidos,,,,,,,,,,,
Hepatite Alcoólica,vómitos,dor_abdominal,inchaço_do_estômago,distensão_abdominal,historial_de_consumo_de_álcool,sobrecarga_de_fluidos,,,,,,,,,,,
Hepatite Alcoólica,vómitos,pele_amarelada,inchaço_do_estômago,distensão_abdominal,historial_de_consumo_de_álcool,sobrecarga_de_fluidos,,,,,,,,,,,
Hepatite Alcoólica,vómitos,pele_amarelada,dor_abdominal,distensão_abdominal,historial_de_consumo_de_álcool,sobrecarga_de_fluidos,,,,,,,,,,,
Hepatite Alcoólica,vómitos,pele_amarelada,dor_abdominal,inchaço_do_estômago,historial_de_consumo_de_álcool,sobrecarga_de_fluidos,,,,,,,,,,,
Hepatite Alcoólica,vómitos,pele_amarelada,dor_abdominal,inchaço_do_estômago,distensão_abdominal,sobrecarga_de_fluidos,,,,,,,,,,,
Hepatite Alcoólica,vómitos,pele_amarelada,dor_abdominal,inchaço_do_estômago,distensão_abdominal,historial_de_consumo_de_álcool,,,,,,,,,,,
Hepatite Alcoólica,vómitos,pele_amarelada,dor_abdominal,inchaço_do_estômago,distensão_abdominal,historial_de_consumo_de_álcool,sobrecarga_de_fluidos,,,,,,,,,,
Tuberculose,arrepios,vómitos,fadiga,perda_de_peso,tosse,febre_alta,falta_de_ar,sudorese,perda_de_apetite,febre_ligeira,amarelecimento_dos_olhos,gânglios_linfáticos_inchados,mal_estar,fleuma,dor_no_peito,sangue_na_expetoração,
Tuberculose,arrepios,vómitos,fadiga,perda_de_peso,tosse,febre_alta,falta_de_ar,sudorese,perda_de_apetite,febre_ligeira,amarelecimento_dos_olhos,gânglios_linfáticos_inchados,mal_estar,fleuma,dor_no_peito,sangue_na_expetoração,
Tuberculose,vómitos,fadiga,perda_de_peso,tosse,febre_alta,falta_de_ar,sudorese,perda_de_apetite,febre_ligeira,amarelecimento_dos_olhos,gânglios_linfáticos_inchados,mal_estar,fleuma,dor_no_peito,sangue_na_expetoração,,
Tuberculose,arrepios,fadiga,perda_de_peso,tosse,febre_alta,falta_de_ar,sudorese,perda_de_apetite,febre_ligeira,amarelecimento_dos_olhos,gânglios_linfáticos_inchados,mal_estar,fleuma,dor_no_peito,sangue_na_expetoração,,
Tuberculose,arrepios,vómitos,perda_de_peso,tosse,febre_alta,falta_de_ar,sudorese,perda_de_apetite,febre_ligeira,amarelecimento_dos_olhos,gânglios_linfáticos_inchados,mal_estar,fleuma,dor_no_peito,sangue_na_expetoração,,
Tuberculose,arrepios,vómitos,fadiga,tosse,febre_alta,falta_de_ar,sudorese,perda_de_apetite,febre_ligeira,amarelecimento_dos_olhos,gânglios_linfáticos_inchados,mal_estar,fleuma,dor_no_peito,sangue_na_expetoração,,
Tuberculose,arrepios,vómitos,fadiga,perda_de_peso,febre_alta,falta_de_ar,sudorese,perda_de_apetite,febre_ligeira,amarelecimento_dos_olhos,gânglios_linfáticos_inchados,mal_estar,fleuma,dor_no_peito,sangue_na_expetoração,,
Tuberculose,arrepios,vómitos,fadiga,perda_de_peso,tosse,falta_de_ar,sudorese,perda_de_apetite,febre_ligeira,amarelecimento_dos_olhos,gânglios_linfáticos_inchados,mal_estar,fleuma,dor_no_peito,sangue_na_expetoração,,
Tuberculose,arrepios,vómitos,fadiga,perda_de_peso,tosse,febre_alta,sudorese,perda_de_apetite,febre_ligeira,amarelecimento_dos_olhos,gânglios_linfáticos_inchados,mal_estar,fleuma,dor_no_peito,sangue_na_expetoração,,
Tuberculose,arrepios,vómitos,fadiga,perda_de_peso,tosse,febre_alta,falta_de_ar,perda_de_apetite,febre_ligeira,amarelecimento_dos_olhos,gânglios_linfáticos_inchados,mal_estar,fleuma,dor_no_peito,sangue_na_expetoração,,
Constipação Comum,espirros_contínuos,arrepios,fadiga,tosse,febre_alta,dor_de_cabeça,gânglios_linfáticos_inchados,mal_estar,fleuma,irritação_da_garganta,vermelhidão_dos_olhos,pressão_sinusal,nariz_a_pingar,congestão,dor_no_peito,perda_de_olfato,dor_muscular
Constipação Comum,espirros_contínuos,arrepios,fadiga,tosse,febre_alta,dor_de_cabeça,gânglios_linfáticos_inchados,mal_estar,fleuma,irritação_da_garganta,vermelhidão_dos_olhos,pressão_sinusal,nariz_a_pingar,congestão,dor_no_peito,perda_de_olfato,dor_muscular
Constipação Comum,arrepios,fadiga,tosse,febre_alta,dor_de_cabeça,gânglios_linfáticos_inchados,mal_estar,fleuma,irritação_da_garganta,vermelhidão_dos_olhos,pressão_sinusal,nariz_a_pingar,congestão,dor_no_peito,perda_de_olfato,dor_muscular,
Constipação Comum,espirros_contínuos,fadiga,tosse,febre_alta,dor_de_cabeça,gânglios_linfáticos_inchados,mal_estar,fleuma,irritação_da_garganta,vermelhidão_dos_olhos,pressão_sinusal,nariz_a_pingar,congestão,dor_no_peito,perda_de_olfato,dor_muscular,
Constipação Comum,espirros_contínuos,arrepios,tosse,febre_alta,dor_de_cabeça,gânglios_linfáticos_inchados,mal_estar,fleuma,irritação_da_garganta,vermelhidão_dos_olhos,pressão_sinusal,nariz_a_pingar,congestão,dor_no_peito,perda_de_olfato,dor_muscular,
Constipação Comum,espirros_contínuos,arrepios,fadiga,febre_alta,dor_de_cabeça,gânglios_linfáticos_inchados,mal_estar,fleuma,irritação_da_garganta,vermelhidão_dos_olhos,pressão_sinusal,nariz_a_pingar,congestão,dor_no_peito,perda_de_olfato,dor_muscular,
Constipação Comum,espirros_contínuos,arrepios,fadiga,tosse,dor_de_cabeça,gânglios_linfáticos_inchados,mal_estar,fleuma,irritação_da_garganta,vermelhidão_dos_olhos,pressão_sinusal,nariz_a_pingar,congestão,dor_no_peito,perda_de_olfato,dor_muscular,
Constipação Comum,espirros_contínuos,arrepios,fadiga,tosse,febre_alta,gânglios_linfáticos_inchados,mal_estar,fleuma,irritação_da_garganta,vermelhidão_dos_olhos,pressão_sinusal,nariz_a_pingar,congestão,dor_no_peito,perda_de_olfato,dor_muscular,
Constipação Comum,espirros_contínuos,arrepios,fadiga,tosse,febre_alta,dor_de_cabeça,mal_estar,fleuma,irritação_da_garganta,vermelhidão_dos_olhos,pressão_sinusal,nariz_a_pingar,congestão,dor_no_peito,perda_de_olfato,dor_muscular,
Constipação Comum,espirros_contínuos,arrepios,fadiga,tosse,febre_alta,dor_de_cabeça,gânglios_linfáticos_inchados,fleuma,irritação_da_garganta,vermelhidão_dos_olhos,pressão_sinusal,nariz_a_pingar,congestão,dor_no_peito,perda_de_olfato,dor_muscular,
Pneumonia,arrepios,fadiga,tosse,febre_alta,falta_de_ar,sudorese,mal_estar,dor_no_peito,frequência_cardíaca_elevada,expetoração_ferruginosa,,,,,,,
Pneumonia,arrepios,fadiga,tosse,febre_alta,falta_de_ar,sudorese,mal_estar,fleuma,dor_no_peito,frequência_cardíaca_elevada,expetoração_ferruginosa,,,,,,
Pneumonia,arrepios,fadiga,tosse,febre_alta,falta_de_ar,sudorese,mal_estar,fleuma,dor_no_peito,frequência_cardíaca_elevada,expetoração_ferruginosa,,,,,,
Pneumonia,fadiga,tosse,febre_alta,falta_de_ar,sudorese,mal_estar,fleuma,dor_no_peito,frequência_cardíaca_elevada,expetoração_ferruginosa,,,,,,,
Pneumonia,arrepios,tosse,febre_alta,falta_de_ar,sudorese,mal_estar,fleuma,dor_no_peito,frequência_cardíaca_elevada,expetoração_ferruginosa,,,,,,,
Pneumonia,arrepios,fadiga,febre_alta,falta_de_ar,sudorese,mal_estar,fleuma,dor_no_peito,frequência_cardíaca_elevada,expetoração_ferruginosa,,,,,,,
Pneumonia,arrepios,fadiga,tosse,falta_de_ar,sudorese,mal_estar,fleuma,dor_no_peito,frequência_cardíaca_elevada,expetoração_ferruginosa,,,,,,,
Pneumonia,arrepios,fadiga,tosse,febre_alta,sudorese,mal_estar,fleuma,dor_no_peito,frequência_cardíaca_elevada,expetoração_ferruginosa,,,,,,,
Pneumonia,arrepios,fadiga,tosse,febre_alta,falta_de_ar,mal_estar,fleuma,dor_no_peito,frequência_cardíaca_elevada,expetoração_ferruginosa,,,,,,,
Pneumonia,arrepios,fadiga,tosse,febre_alta,falta_de_ar,sudorese,fleuma,dor_no_peito,frequência_cardíaca_elevada,expetoração_ferruginosa,,,,,,,
Hemorroidas Dimórficas,obstipação,dor_durante_a_defecação,dor_na_região_anal,fezes_com_sangue,irritação_no_ânus,,,,,,,,,,,,
Hemorroidas Dimórficas,obstipação,dor_durante_a_defecação,dor_na_região_anal,fezes_com_sangue,irritação_no_ânus,,,,,,,,,,,,
Hemorroidas Dimórficas,obstipação,dor_durante_a_defecação,dor_na_região_anal,fezes_com_sangue,irritação_no_ânus,,,,,,,,,,,,
Hemorroidas Dimórficas,dor_durante_a_defecação,dor_na_região_anal,fezes_com_sangue,irritação_no_ânus,,,,,,,,,,,,,
Hemorroidas Dimórficas,obstipação,dor_na_região_anal,fezes_com_sangue,irritação_no_ânus,,,,,,,,,,,,,
Hemorroidas Dimórficas,obstipação,dor_durante_a_defecação,fezes_com_sangue,irritação_no_ânus,,,,,,,,,,,,,
Hemorroidas Dimórficas,obstipação,dor_durante_a_defecação,dor_na_região_anal,irritação_no_ânus,,,,,,,,,,,,,
Hemorroidas Dimórficas,obstipação,dor_durante_a_defecação,dor_na_região_anal,fezes_com_sangue,,,,,,,,,,,,,
Hemorroidas Dimórficas,obstipação,dor_durante_a_defecação,dor_na_região_anal,fezes_com_sangue,irritação_no_ânus,,,,,,,,,,,,
Hemorroidas Dimórficas,obstipação,dor_durante_a_defecação,dor_na_região_anal,fezes_com_sangue,irritação_no_ânus,,,,,,,,,,,,
Ataque Cardíaco,vómitos,falta_de_ar,sudorese,dor_no_peito,,,,,,,,,,,,,
Ataque Cardíaco,vómitos,falta_de_ar,sudorese,dor_no_peito,,,,,,,,,,,,,
Ataque Cardíaco,falta_de_ar,sudorese,dor_no_peito,,,,,,,,,,,,,,
Ataque Cardíaco,vómitos,sudorese,dor_no_peito,,,,,,,,,,,,,,
Ataque Cardíaco,vómitos,falta_de_ar,dor_no_peito,,,,,,,,,,,,,,
Ataque Cardíaco,vómitos,falta_de_ar,sudorese,,,,,,,,,,,,,,
Ataque Cardíaco,vómitos,falta_de_ar,sudorese,dor_no_peito,,,,,,,,,,,,,
Ataque Cardíaco,falta_de_ar,sudorese,dor_no_peito,,,,,,,,,,,,,,
Ataque Cardíaco,vómitos,sudorese,dor_no_peito,,,,,,,,,,,,,,
Ataque Cardíaco,vómitos,falta_de_ar,dor_no_peito,,,,,,,,,,,,,,
Varizes,fadiga,cãibras,equimoses,obesidade,pernas_inchadas,vasos_sanguíneos_dilatados,veias_proeminentes_na_barriga_da_perna,,,,,,,,,,
Varizes,fadiga,cãibras,equimoses,obesidade,pernas_inchadas,vasos_sanguíneos_dilatados,veias_proeminentes_na_barriga_da_perna,,,,,,,,,,
Varizes,cãibras,equimoses,obesidade,pernas_inchadas,vasos_sanguíneos_dilatados,veias_proeminentes_na_barriga_da_perna,,,,,,,,,,,
Varizes,fadiga,equimoses,obesidade,pernas_inchadas,vasos_sanguíneos_dilatados,veias_proeminentes_na_barriga_da_perna,,,,,,,,,,,
Varizes,fadiga,cãibras,obesidade,pernas_inchadas,vasos_sanguíneos_dilatados,veias_proeminentes_na_barriga_da_perna,,,,,,,,,,,
Varizes,fadiga,cãibras,equimoses,pernas_inchadas,vasos_sanguíneos_dilatados,veias_proeminentes_na_barriga_da_perna,,,,,,,,,,,
Varizes,fadiga,cãibras,equimoses,obesidade,vasos_sanguíneos_dilatados,veias_proeminentes_na_barriga_da_perna,,,,,,,,,,,
Varizes,fadiga,cãibras,equimoses,obesidade,pernas_inchadas,veias_proeminentes_na_barriga_da_perna,,,,,,,,,,,
Varizes,fadiga,cãibras,equimoses,obesidade,pernas_inchadas,vasos_sanguíneos_dilatados,,,,,,,,,,,
Varizes,fadiga,cãibras,equimoses,obesidade,pernas_inchadas,veias_proeminentes_na_barriga_da_perna,,,,,,,,,,,
Hipotiroidismo,fadiga,aumento_de_peso,mãos_e_pés_frios,alterações_de_humor,letargia,tonturas,rosto_e_olhos_inchados,tiróide_aumentada,unhas_frágeis,extremidades_inchadas,depressão,irritabilidade,menstruação_anormal,,,,
Hipotiroidismo,fadiga,aumento_de_peso,mãos_e_pés_frios,alterações_de_humor,letargia,tonturas,rosto_e_olhos_inchados,tiróide_aumentada,unhas_frágeis,extremidades_inchadas,depressão,irritabilidade,menstruação_anormal,,,,
Hipotiroidismo,aumento_de_peso,mãos_e_pés_frios,alterações_de_humor,letargia,tonturas,rosto_e_olhos_inchados,tiróide_aumentada,unhas_frágeis,extremidades_inchadas,depressão,irritabilidade,menstruação_anormal,,,,,
Hipotiroidismo,aumento_de_peso,mãos_e_pés_frios,alterações_de_humor,letargia,tonturas,rosto_e_olhos_inchados,tiróide_aumentada,unhas_frágeis,extremidades_inchadas,depressão,irritabilidade,menstruação_anormal,,,,,
Hipotiroidismo,fadiga,mãos_e_pés_frios,alterações_de_humor,letargia,tonturas,rosto_e_olhos_inchados,tiróide_aumentada,unhas_frágeis,extremidades_inchadas,depressão,irritabilidade,menstruação_anormal,,,,,
Hipotiroidismo,fadiga,aumento_de_peso,alterações_de_humor,letargia,tonturas,rosto_e_olhos_inchados,tiróide_aumentada,unhas_frágeis,extremidades_inchadas,depressão,irritabilidade,menstruação_anormal,,,,,
Hipotiroidismo,fadiga,aumento_de_peso,mãos_e_pés_frios,letargia,tonturas,rosto_e_olhos_inchados,tiróide_aumentada,unhas_frágeis,extremidades_inchadas,depressão,irritabilidade,menstruação_anormal,,,,,
Hipotiroidismo,fadiga,aumento_de_peso,mãos_e_pés_frios,alterações_de_humor,tonturas,rosto_e_olhos_inchados,tiróide_aumentada,unhas_frágeis,extremidades_inchadas,depressão,irritabilidade,menstruação_anormal,,,,,
Hipotiroidismo,fadiga,aumento_de_peso,mãos_e_pés_frios,alterações_de_humor,letargia,rosto_e_olhos_inchados,tiróide_aumentada,unhas_frágeis,extremidades_inchadas,depressão,irritabilidade,menstruação_anormal,,,,,
Hipotiroidismo,fadiga,aumento_de_peso,mãos_e_pés_frios,alterações_de_humor,letargia,tonturas,tiróide_aumentada,unhas_frágeis,extremidades_inchadas,depressão,irritabilidade,menstruação_anormal,,,,,
Hipertiroidismo,fadiga,alterações_de_humor,perda_de_peso,agitação,sudorese,diarreia,frequência_cardíaca_elevada,fome_excessiva,fraqueza_muscular,irritabilidade,menstruação_anormal,,,,,,
Hipertiroidismo,fadiga,alterações_de_humor,perda_de_peso,agitação,sudorese,diarreia,frequência_cardíaca_elevada,fome_excessiva,fraqueza_muscular,irritabilidade,menstruação_anormal,,,,,,
Hipertiroidismo,alterações_de_humor,perda_de_peso,agitação,sudorese,diarreia,frequência_cardíaca_elevada,fome_excessiva,fraqueza_muscular,irritabilidade,menstruação_anormal,,,,,,,
Hipertiroidismo,fadiga,perda_de_peso,agitação,sudorese,diarreia,frequência_cardíaca_elevada,fome_excessiva,fraqueza_muscular,irritabilidade,menstruação_anormal,,,,,,,
Hipertiroidismo,fadiga,alterações_de_humor,agitação,sudorese,diarreia,frequência_cardíaca_elevada,fome_excessiva,fraqueza_muscular,irritabilidade,menstruação_anormal,,,,,,,
Hipertiroidismo,fadiga,alterações_de_humor,perda_de_peso,sudorese,diarreia,frequência_cardíaca_elevada,fome_excessiva,fraqueza_muscular,irritabilidade,menstruação_anormal,,,,,,,
Hipertiroidismo,fadiga,alterações_de_humor,perda_de_peso,agitação,diarreia,frequência_cardíaca_elevada,fome_excessiva,fraqueza_muscular,irritabilidade,menstruação_anormal,,,,,,,
Hipertiroidismo,fadiga,alterações_de_humor,perda_de_peso,agitação,sudorese,frequência_cardíaca_elevada,fome_excessiva,fraqueza_muscular,irritabilidade,menstruação_anormal,,,,,,,
Hipertiroidismo,fadiga,alterações_de_humor,perda_de_peso,agitação,sudorese,diarreia,fome_excessiva,fraqueza_muscular,irritabilidade,menstruação_anormal,,,,,,,
Hipertiroidismo,fadiga,alterações_de_humor,perda_de_peso,agitação,sudorese,diarreia,frequência_cardíaca_elevada,fraqueza_muscular,irritabilidade,menstruação_anormal,,,,,,,
Hipoglicemia,vómitos,fadiga,ansiedade,sudorese,dor_de_cabeça,náuseas,visão_turva_e_distorcida,fome_excessiva,discurso_arrastado,irritabilidade,palpitações,,,,,,
Hipoglicemia,vómitos,fadiga,ansiedade,sudorese,dor_de_cabeça,náuseas,visão_turva_e_distorcida,fome_excessiva,lábios_secos_e_com_formigueiro,discurso_arrastado,irritabilidade,palpitações,,,,,
Hipoglicemia,vómitos,fadiga,ansiedade,sudorese,dor_de_cabeça,náuseas,visão_turva_e_distorcida,fome_excessiva,lábios_secos_e_com_formigueiro,discurso_arrastado,irritabilidade,palpitações,,,,,
Hipoglicemia,fadiga,ansiedade,sudorese,dor_de_cabeça,náuseas,visão_turva_e_distorcida,fome_excessiva,lábios_secos_e_com_formigueiro,discurso_arrastado,irritabilidade,palpitações,,,,,,
Hipoglicemia,vómitos,ansiedade,sudorese,dor_de_cabeça,náuseas,visão_turva_e_distorcida,fome_excessiva,lábios_secos_e_com_formigueiro,discurso_arrastado,irritabilidade,palpitações,,,,,,
Hipoglicemia,vómitos,fadiga,sudorese,dor_de_cabeça,náuseas,visão_turva_e_distorcida,fome_excessiva,lábios_secos_e_com_formigueiro,discurso_arrastado,irritabilidade,palpitações,,,,,,
Hipoglicemia,vómitos,fadiga,ansiedade,dor_de_cabeça,náuseas,visão_turva_e_distorcida,fome_excessiva,lábios_secos_e_com_formigueiro,discurso_arrastado,irritabilidade,palpitações,,,,,,
Hipoglicemia,vómitos,fadiga,ansiedade,sudorese,náuseas,visão_turva_e_distorcida,fome_excessiva,lábios_secos_e_com_formigueiro,discurso_arrastado,irritabilidade,palpitações,,,,,,
Hipoglicemia,vómitos,fadiga,ansiedade,sudorese,dor_de_cabeça,visão_turva_e_distorcida,fome_excessiva,lábios_secos_e_com_formigueiro,discurso_arrastado,irritabilidade,palpitações,,,,,,
Hipoglicemia,vómitos,fadiga,ansiedade,sudorese,dor_de_cabeça,náuseas,fome_excessiva,lábios_secos_e_com_formigueiro,discurso_arrastado,irritabilidade,palpitações,,,,,,
Osteoartrite,dor_nas_articulações,dor_no_pescoço,dor_no_joelho,dor_na_articulação_da_anca,inchaço_das_articulações,dor_ao_caminhar,,,,,,,,,,,
Osteoartrite,dor_nas_articulações,dor_no_pescoço,dor_no_joelho,dor_na_articulação_da_anca,inchaço_das_articulações,dor_ao_caminhar,,,,,,,,,,,
Osteoartrite,dor_no_pescoço,dor_no_joelho,dor_na_articulação_da_anca,inchaço_das_articulações,dor_ao_caminhar,,,,,,,,,,,,
Osteoartrite,dor_nas_articulações,dor_no_joelho,dor_na_articulação_da_anca,inchaço_das_articulações,dor_ao_caminhar,,,,,,,,,,,,
Osteoartrite,dor_nas_articulações,dor_no_pescoço,dor_na_articulação_da_anca,inchaço_das_articulações,dor_ao_caminhar,,,,,,,,,,,,
Osteoartrite,dor_nas_articulações,dor_no_pescoço,dor_no_joelho,inchaço_das_articulações,dor_ao_caminhar,,,,,,,,,,,,
Osteoartrite,dor_nas_articulações,dor_no_pescoço,dor_no_joelho,dor_na_articulação_da_anca,dor_ao_caminhar,,,,,,,,,,,,
Osteoartrite,dor_nas_articulações,dor_no_pescoço,dor_no_joelho,dor_na_articulação_da_anca,inchaço_das_articulações,,,,,,,,,,,,
Osteoartrite,dor_nas_articulações,dor_no_pescoço,dor_no_joelho,dor_na_articulação_da_anca,inchaço_das_articulações,dor_ao_caminhar,,,,,,,,,,,
Osteoartrite,dor_nas_articulações,dor_no_pescoço,dor_no_joelho,dor_na_articulação_da_anca,inchaço_das_articulações,dor_ao_caminhar,,,,,,,,,,,
Artrite,fraqueza_muscular,rigidez_cervical,inchaço_das_articulações,rigidez_de_movimentos,dor_ao_caminhar,,,,,,,,,,,,
Artrite,fraqueza_muscular,rigidez_cervical,inchaço_das_articulações,rigidez_de_movimentos,dor_ao_caminhar,,,,,,,,,,,,
Artrite,rigidez_cervical,inchaço_das_articulações,rigidez_de_movimentos,dor_ao_caminhar,,,,,,,,,,,,,
Artrite,fraqueza_muscular,inchaço_das_articulações,rigidez_de_movimentos,dor_ao_caminhar,,,,,,,,,,,,,
Artrite,fraqueza_muscular,rigidez_cervical,rigidez_de_movimentos,dor_ao_caminhar,,,,,,,,,,,,,
Artrite,fraqueza_muscular,rigidez_cervical,inchaço_das_articulações,dor_ao_caminhar,,,,,,,,,,,,,
Artrite,fraqueza_muscular,rigidez_cervical,inchaço_das_articulações,rigidez_de_movimentos,dor_ao_caminhar,,,,,,,,,,,,
Artrite,fraqueza_muscular,rigidez_cervical,inchaço_das_articulações,rigidez_de_movimentos,,,,,,,,,,,,,
Artrite,fraqueza_muscular,rigidez_cervical,inchaço_das_articulações,rigidez_de_movimentos,dor_ao_caminhar,,,,,,,,,,,,
Artrite,fraqueza_muscular,rigidez_cervical,inchaço_das_articulações,rigidez_de_movimentos,dor_ao_caminhar,,,,,,,,,,,,
Vertigem Posicional Paroxística Benigna,vómitos,dor_de_cabeça,náuseas,movimentos_de_rotação,perda_de_equilíbrio,instabilidade,,,,,,,,,,,
Vertigem Posicional Paroxística Benigna,vómitos,dor_de_cabeça,náuseas,movimentos_de_rotação,perda_de_equilíbrio,instabilidade,,,,,,,,,,,
Vertigem Posicional Paroxística Benigna,dor_de_cabeça,náuseas,movimentos_de_rotação,perda_de_equilíbrio,instabilidade,,,,,,,,,,,,
Vertigem Posicional Paroxística Benigna,vómitos,náuseas,movimentos_de_rotação,perda_de_equilíbrio,instabilidade,,,,,,,,,,,,
Vertigem Posicional Paroxística Benigna,vómitos,dor_de_cabeça,movimentos_de_rotação,perda_de_equilíbrio,instabilidade,,,,,,,,,,,,
Vertigem Posicional Paroxística Benigna,vómitos,dor_de_cabeça,náuseas,perda_de_equilíbrio,instabilidade,,,,,,,,,,,,
Vertigem Posicional Paroxística Benigna,vómitos,dor_de_cabeça,náuseas,movimentos_de_rotação,instabilidade,,,,,,,,,,,,
Vertigem Posicional Paroxística Benigna,vómitos,dor_de_cabeça,náuseas,movimentos_de_rotação,perda_de_equilíbrio,,,,,,,,,,,,
Vertigem Posicional Paroxística Benigna,vómitos,dor_de_cabeça,náuseas,movimentos_de_rotação,perda_de_equilíbrio,instabilidade,,,,,,,,,,,
Vertigem Posicional Paroxística Benigna,vómitos,dor_de_cabeça,náuseas,perda_de_equilíbrio,instabilidade,,,,,,,,,,,,
Acne,erupção_cutânea,borbulhas_com_pus,pontos_negros,descamação,,,,,,,,,,,,,
Acne,erupção_cutânea,borbulhas_com_pus,pontos_negros,descamação,,,,,,,,,,,,,
Acne,borbulhas_com_pus,pontos_negros,descamação,,,,,,,,,,,,,,
Acne,erupção_cutânea,pontos_negros,descamação,,,,,,,,,,,,,,
Acne,erupção_cutânea,borbulhas_com_pus,descamação,,,,,,,,,,,,,,
Acne,erupção_cutânea,borbulhas_com_pus,pontos_negros,,,,,,,,,,,,,,
Acne,erupção_cutânea,borbulhas_com_pus,pontos_negros,descamação,,,,,,,,,,,,,
Acne,erupção_cutânea,borbulhas_com_pus,pontos_negros,,,,,,,,,,,,,,
Acne,erupção_cutânea,borbulhas_com_pus,descamação,,,,,,,,,,,,,,
Acne,erupção_cutânea,pontos_negros,descamação,,,,,,,,,,,,,,
Infeção do Trato Urinário,micção_ardente,desconforto_na_bexiga,odor_fétido_na_urina,sensação_contínua_de_urinar,,,,,,,,,,,,,
Infeção do Trato Urinário,micção_ardente,desconforto_na_bexiga,odor_fétido_na_urina,sensação_contínua_de_urinar,,,,,,,,,,,,,
Infeção do Trato Urinário,desconforto_na_bexiga,odor_fétido_na_urina,sensação_contínua_de_urinar,,,,,,,,,,,,,,
Infeção do Trato Urinário,micção_ardente,odor_fétido_na_urina,sensação_contínua_de_urinar,,,,,,,,,,,,,,
Infeção do Trato Urinário,micção_ardente,desconforto_na_bexiga,sensação_contínua_de_urinar,,,,,,,,,,,,,,
Infeção do Trato Urinário,micção_ardente,desconforto_na_bexiga,odor_fétido_na_urina,,,,,,,,,,,,,,
Infeção do Trato Urinário,micção_ardente,desconforto_na_bexiga,odor_fétido_na_urina,sensação_contínua_de_urinar,,,,,,,,,,,,,
Infeção do Trato Urinário,micção_ardente,desconforto_na_bexiga,sensação_contínua_de_urinar,,,,,,,,,,,,,,
Infeção do Trato Urinário,desconforto_na_bexiga,odor_fétido_na_urina,sensação_contínua_de_urinar,,,,,,,,,,,,,,
Infeção do Trato Urinário,micção_ardente,desconforto_na_bexiga,sensação_contínua_de_urinar,,,,,,,,,,,,,,
Psoríase,erupção_cutânea,dor_nas_articulações,descamação_da_pele,aspeto_prateado_na_pele,pequenas_depressões_nas_unhas,unhas_inflamadas,,,,,,,,,,,
Psoríase,erupção_cutânea,dor_nas_articulações,descamação_da_pele,aspeto_prateado_na_pele,pequenas_depressões_nas_unhas,unhas_inflamadas,,,,,,,,,,,
Psoríase,dor_nas_articulações,descamação_da_pele,aspeto_prateado_na_pele,pequenas_depressões_nas_unhas,unhas_inflamadas,,,,,,,,,,,,
Psoríase,erupção_cutânea,descamação_da_pele,aspeto_prateado_na_pele,pequenas_depressões_nas_unhas,unhas_inflamadas,,,,,,,,,,,,
Psoríase,erupção_cutânea,dor_nas_articulações,aspeto_prateado_na_pele,pequenas_depressões_nas_unhas,unhas_inflamadas,,,,,,,,,,,,
Psoríase,erupção_cutânea,dor_nas_articulações,descamação_da_pele,pequenas_depressões_nas_unhas,unhas_inflamadas,,,,,,,,,,,,
Psoríase,erupção_cutânea,dor_nas_articulações,descamação_da_pele,aspeto_prateado_na_pele,unhas_inflamadas,,,,,,,,,,,,
Psoríase,erupção_cutânea,dor_nas_articulações,descamação_da_pele,aspeto_prateado_na_pele,pequenas_depressões_nas_unhas,,,,,,,,,,,,
Psoríase,erupção_cutânea,dor_nas_articulações,descamação_da_pele,aspeto_prateado_na_pele,pequenas_depressões_nas_unhas,unhas_inflamadas,,,,,,,,,,,
Psoríase,erupção_cutânea,dor_nas_articulações,descamação_da_pele,aspeto_prateado_na_pele,pequenas_depressões_nas_unhas,unhas_inflamadas,,,,,,,,,,,
Impétigo,erupção_cutânea,febre_alta,bolha,ferida_vermelha_à_volta_do_nariz,crostas_amarelas_com_exsudado,,,,,,,,,,,,
Impétigo,erupção_cutânea,febre_alta,bolha,ferida_vermelha_à_volta_do_nariz,crostas_amarelas_com_exsudado,,,,,,,,,,,,
Impétigo,febre_alta,bolha,ferida_vermelha_à_volta_do_nariz,crostas_amarelas_com_exsudado,,,,,,,,,,,,,
Impétigo,erupção_cutânea,bolha,ferida_vermelha_à_volta_do_nariz,crostas_amarelas_com_exsudado,,,,,,,,,,,,,
Impétigo,erupção_cutânea,bolha,ferida_vermelha_à_volta_do_nariz,crostas_amarelas_com_exsudado,,,,,,,,,,,,,
Impétigo,erupção_cutânea,febre_alta,ferida_vermelha_à_volta_do_nariz,crostas_amarelas_com_exsudado,,,,,,,,,,,,,
Impétigo,erupção_cutânea,febre_alta,bolha,crostas_amarelas_com_exsudado,,,,,,,,,,,,,
Impétigo,erupção_cutânea,febre_alta,bolha,ferida_vermelha_à_volta_do_nariz,,,,,,,,,,,,,
Impétigo,erupção_cutânea,febre_alta,bolha,ferida_vermelha_à_volta_do_nariz,crostas_amarelas_com_exsudado,,,,,,,,,,,,
Impétigo,erupção_cutânea,bolha,ferida_vermelha_à_volta_do_nariz,crostas_amarelas_com_exsudado,,,,,,,,,,,,,
Infeção Fúngica,comichão,erupção_cutânea,erupções_cutâneas_nodulares,manchas_discrómicas,,,,,,,,,,,,,
Infeção Fúngica,erupção_cutânea,erupções_cutâneas_nodulares,manchas_discrómicas,,,,,,,,,,,,,,
Infeção Fúngica,comichão,erupções_cutâneas_nodulares,manchas_discrómicas,,,,,,,,,,,,,,
Infeção Fúngica,comichão,erupção_cutânea,manchas_discrómicas,,,,,,,,,,,,,,
Infeção Fúngica,comichão,erupção_cutânea,erupções_cutâneas_nodulares,,,,,,,,,,,,,,
Infeção Fúngica,erupção_cutânea,erupções_cutâneas_nodulares,manchas_discrómicas,,,,,,,,,,,,,,
Infeção Fúngica,comichão,erupções_cutâneas_nodulares,manchas_discrómicas,,,,,,,,,,,,,,
Infeção Fúngica,comichão,erupção_cutânea,manchas_discrómicas,,,,,,,,,,,,,,
Infeção Fúngica,comichão,erupção_cutânea,erupções_cutâneas_nodulares,,,,,,,,,,,,,,
Infeção Fúngica,comichão,erupção_cutânea,erupções_cutâneas_nodulares,manchas_discrómicas,,,,,,,,,,,,,
Alergia,espirros_contínuos,tremores,arrepios,lacrimejo,,,,,,,,,,,,,
Alergia,tremores,arrepios,lacrimejo,,,,,,,,,,,,,,
Alergia,espirros_contínuos,arrepios,lacrimejo,,,,,,,,,,,,,,
Alergia,espirros_contínuos,tremores,lacrimejo,,,,,,,,,,,,,,
Alergia,espirros_contínuos,tremores,arrepios,,,,,,,,,,,,,,
Alergia,tremores,arrepios,lacrimejo,,,,,,,,,,,,,,
Alergia,espirros_contínuos,arrepios,lacrimejo,,,,,,,,,,,,,,
Alergia,espirros_contínuos,tremores,lacrimejo,,,,,,,,,,,,,,
Alergia,espirros_contínuos,tremores,arrepios,,,,,,,,,,,,,,
Alergia,espirros_contínuos,tremores,arrepios,lacrimejo,,,,,,,,,,,,,
DRGE,dor_de_estômago,acidez,úlceras_na_língua,vómitos,tosse,dor_no_peito,,,,,,,,,,,
DRGE,dor_de_estômago,úlceras_na_língua,vómitos,tosse,dor_no_peito,,,,,,,,,,,,
DRGE,dor_de_estômago,acidez,vómitos,tosse,dor_no_peito,,,,,,,,,,,,
DRGE,dor_de_estômago,acidez,úlceras_na_língua,tosse,dor_no_peito,,,,,,,,,,,,
DRGE,dor_de_estômago,acidez,úlceras_na_língua,vómitos,dor_no_peito,,,,,,,,,,,,
DRGE,dor_de_estômago,acidez,úlceras_na_língua,vómitos,tosse,,,,,,,,,,,,
DRGE,acidez,úlceras_na_língua,vómitos,tosse,dor_no_peito,,,,,,,,,,,,
DRGE,dor_de_estômago,úlceras_na_língua,vómitos,tosse,dor_no_peito,,,,,,,,,,,,
DRGE,dor_de_estômago,acidez,vómitos,tosse,dor_no_peito,,,,,,,,,,,,
DRGE,dor_de_estômago,acidez,úlceras_na_língua,tosse,dor_no_peito,,,,,,,,,,,,
Colestase Crónica,comichão,vómitos,pele_amarelada,náuseas,perda_de_apetite,dor_abdominal,amarelecimento_dos_olhos,,,,,,,,,,
Colestase Crónica,vómitos,pele_amarelada,náuseas,perda_de_apetite,dor_abdominal,amarelecimento_dos_olhos,,,,,,,,,,,
Colestase Crónica,comichão,pele_amarelada,náuseas,perda_de_apetite,dor_abdominal,amarelecimento_dos_olhos,,,,,,,,,,,
Colestase Crónica,comichão,vómitos,náuseas,perda_de_apetite,dor_abdominal,amarelecimento_dos_olhos,,,,,,,,,,,
Colestase Crónica,comichão,vómitos,pele_amarelada,perda_de_apetite,dor_abdominal,amarelecimento_dos_olhos,,,,,,,,,,,
Colestase Crónica,comichão,vómitos,pele_amarelada,náuseas,dor_abdominal,amarelecimento_dos_olhos,,,,,,,,,,,
Colestase Crónica,comichão,vómitos,pele_amarelada,náuseas,perda_de_apetite,amarelecimento_dos_olhos,,,,,,,,,,,
Colestase Crónica,comichão,vómitos,pele_amarelada,náuseas,perda_de_apetite,dor_abdominal,,,,,,,,,,,
Colestase Crónica,comichão,vómitos,pele_amarelada,náuseas,perda_de_apetite,dor_abdominal,amarelecimento_dos_olhos,,,,,,,,,,
Colestase Crónica,comichão,vómitos,pele_amarelada,náuseas,perda_de_apetite,dor_abdominal,amarelecimento_dos_olhos,,,,,,,,,,
Reação a Medicamentos,comichão,erupção_cutânea,dor_de_estômago,micção_ardente,perdas_urinárias,,,,,,,,,,,,
Reação a Medicamentos,comichão,dor_de_estômago,micção_ardente,perdas_urinárias,,,,,,,,,,,,,
Reação a Medicamentos,comichão,erupção_cutânea,micção_ardente,perdas_urinárias,,,,,,,,,,,,,
Reação a Medicamentos,comichão,erupção_cutânea,dor_de_estômago,perdas_urinárias,,,,,,,,,,,,,
Reação a Medicamentos,comichão,erupção_cutânea,dor_de_estômago,micção_ardente,,,,,,,,,,,,,
Reação a Medicamentos,erupção_cutânea,dor_de_estômago,micção_ardente,perdas_urinárias,,,,,,,,,,,,,
Reação a Medicamentos,comichão,dor_de_estômago,micção_ardente,perdas_urinárias,,,,,,,,,,,,,
Reação a Medicamentos,comichão,erupção_cutânea,micção_ardente,perdas_urinárias,,,,,,,,,,,,,
Reação a Medicamentos,comichão,erupção_cutânea,dor_de_estômago,perdas_urinárias,,,,,,,,,,,,,
Reação a Medicamentos,comichão,erupção_cutânea,dor_de_estômago,micção_ardente,,,,,,,,,,,,,
Úlcera Péptica,vómitos,perda_de_apetite,dor_abdominal,passagem_de_gases,comichão_interna,,,,,,,,,,,,
Úlcera Péptica,vómitos,indigestão,dor_abdominal,passagem_de_gases,comichão_interna,,,,,,,,,,,,
Úlcera Péptica,indigestão,perda_de_apetite,dor_abdominal,passagem_de_gases,comichão_interna,,,,,,,,,,,,
Úlcera Péptica,vómitos,perda_de_apetite,dor_abdominal,passagem_de_gases,comichão_interna,,,,,,,,,,,,
Úlcera Péptica,vómitos,indigestão,dor_abdominal,passagem_de_gases,comichão_interna,,,,,,,,,,,,
Úlcera Péptica,vómitos,indigestão,perda_de_apetite,passagem_de_gases,comichão_interna,,,,,,,,,,,,
Úlcera Péptica,vómitos,indigestão,perda_de_apetite,dor_abdominal,comichão_interna,,,,,,,,,,,,
Úlcera Péptica,vómitos,indigestão,perda_de_apetite,dor_abdominal,passagem_de_gases,,,,,,,,,,,,
Úlcera Péptica,vómitos,indigestão,perda_de_apetite,dor_abdominal,passagem_de_gases,comichão_interna,,,,,,,,,,,
Úlcera Péptica,vómitos,indigestão,perda_de_apetite,dor_abdominal,passagem_de_gases,comichão_interna,,,,,,,,,,,
SIDA,atrofia_muscular,manchas_na_garganta,febre_alta,contactos_extraconjugais,,,,,,,,,,,,,
SIDA,manchas_na_garganta,febre_alta,contactos_extraconjugais,,,,,,,,,,,,,,
SIDA,atrofia_muscular,febre_alta,contactos_extraconjugais,,,,,,,,,,,,,,
SIDA,atrofia_muscular,manchas_na_garganta,contactos_extraconjugais,,,,,,,,,,,,,,
SIDA,atrofia_muscular,manchas_na_garganta,febre_alta,,,,,,,,,,,,,,
SIDA,atrofia_muscular,manchas_na_garganta,febre_alta,contactos_extraconjugais,,,,,,,,,,,,,
SIDA,atrofia_muscular,manchas_na_garganta,febre_alta,contactos_extraconjugais,,,,,,,,,,,,,
SIDA,manchas_na_garganta,febre_alta,contactos_extraconjugais,,,,,,,,,,,,,,
SIDA,atrofia_muscular,febre_alta,contactos_extraconjugais,,,,,,,,,,,,,,
SIDA,atrofia_muscular,manchas_na_garganta,febre_alta,,,,,,,,,,,,,,
Diabetes,fadiga,perda_de_peso,agitação,letargia,nível_de_açúcar_irregular,visão_turva_e_distorcida,obesidade,fome_excessiva,apetite_aumentado,poliúria,,,,,,,
Diabetes,fadiga,perda_de_peso,agitação,letargia,nível_de_açúcar_irregular,visão_turva_e_distorcida,obesidade,fome_excessiva,apetite_aumentado,poliúria,,,,,,,
Diabetes,perda_de_peso,agitação,letargia,nível_de_açúcar_irregular,visão_turva_e_distorcida,obesidade,fome_excessiva,apetite_aumentado,poliúria,,,,,,,,
Diabetes,fadiga,agitação,letargia,nível_de_açúcar_irregular,visão_turva_e_distorcida,obesidade,fome_excessiva,apetite_aumentado,poliúria,,,,,,,,
Diabetes,fadiga,perda_de_peso,letargia,nível_de_açúcar_irregular,visão_turva_e_distorcida,obesidade,fome_excessiva,apetite_aumentado,poliúria,,,,,,,,
Diabetes,fadiga,perda_de_peso,agitação,nível_de_açúcar_irregular,visão_turva_e_distorcida,obesidade,fome_excessiva,apetite_aumentado,poliúria,,,,,,,,
Diabetes,fadiga,perda_de_peso,agitação,letargia,visão_turva_e_distorcida,obesidade,fome_excessiva,apetite_aumentado,poliúria,,,,,,,,
Diabetes,fadiga,perda_de_peso,agitação,letargia,nível_de_açúcar_irregular,obesidade,fome_excessiva,apetite_aumentado,poliúria,,,,,,,,
Diabetes,fadiga,perda_de_peso,agitação,letargia,nível_de_açúcar_irregular,visão_turva_e_distorcida,fome_excessiva,apetite_aumentado,poliúria,,,,,,,,
Diabetes,fadiga,perda_de_peso,agitação,letargia,nível_de_açúcar_irregular,visão_turva_e_distorcida,obesidade,apetite_aumentado,poliúria,,,,,,,,
Gastroenterite,vómitos,olhos_encovados,desidratação,diarreia,,,,,,,,,,,,,
Gastroenterite,vómitos,olhos_encovados,desidratação,diarreia,,,,,,,,,,,,,
Gastroenterite,olhos_encovados,desidratação,diarreia,,,,,,,,,,,,,,
Gastroenterite,vómitos,desidratação,diarreia,,,,,,,,,,,,,,
Gastroenterite,vómitos,olhos_encovados,diarreia,,,,,,,,,,,,,,
Gastroenterite,vómitos,olhos_encovados,desidratação,,,,,,,,,,,,,,
Gastroenterite,vómitos,olhos_encovados,desidratação,diarreia,,,,,,,,,,,,,
Gastroenterite,olhos_encovados,desidratação,diarreia,,,,,,,,,,,,,,
Gastroenterite,vómitos,desidratação,diarreia,,,,,,,,,,,,,,
Gastroenterite,vómitos,olhos_encovados,diarreia,,,,,,,,,,,,,,
Asma Brônquica,fadiga,tosse,febre_alta,falta_de_ar,historial_familiar,expetoração_mucoide,,,,,,,,,,,
Asma Brônquica,tosse,febre_alta,falta_de_ar,historial_familiar,expetoração_mucoide,,,,,,,,,,,,
Asma Brônquica,fadiga,febre_alta,falta_de_ar,historial_familiar,expetoração_mucoide,,,,,,,,,,,,
Asma Brônquica,fadiga,tosse,falta_de_ar,historial_familiar,expetoração_mucoide,,,,,,,,,,,,
Asma Brônquica,fadiga,tosse,febre_alta,historial_familiar,expetoração_mucoide,,,,,,,,,,,,
Asma Brônquica,fadiga,tosse,febre_alta,falta_de_ar,expetoração_mucoide,,,,,,,,,,,,
Asma Brônquica,fadiga,tosse,febre_alta,falta_de_ar,historial_familiar,,,,,,,,,,,,
Asma Brônquica,fadiga,tosse,febre_alta,falta_de_ar,historial_familiar,expetoração_mucoide,,,,,,,,,,,
Asma Brônquica,tosse,febre_alta,falta_de_ar,historial_familiar,expetoração_mucoide,,,,,,,,,,,,
Asma Brônquica,fadiga,febre_alta,falta_de_ar,historial_familiar,expetoração_mucoide,,,,,,,,,,,,
Hipertensão,dor_de_cabeça,dor_no_peito,tonturas,perda_de_equilíbrio,falta_de_concentração,,,,,,,,,,,,
Hipertensão,dor_no_peito,tonturas,perda_de_equilíbrio,falta_de_concentração,,,,,,,,,,,,,
Hipertensão,dor_de_cabeça,tonturas,perda_de_equilíbrio,falta_de_concentração,,,,,,,,,,,,,
Hipertensão,dor_de_cabeça,dor_no_peito,perda_de_equilíbrio,falta_de_concentração,,,,,,,,,,,,,
Hipertensão,dor_de_cabeça,dor_no_peito,tonturas,falta_de_concentração,,,,,,,,,,,,,
Hipertensão,dor_de_cabeça,dor_no_peito,tonturas,perda_de_equilíbrio,,,,,,,,,,,,,
Hipertensão,dor_de_cabeça,dor_no_peito,tonturas,perda_de_equilíbrio,falta_de_concentração,,,,,,,,,,,,
Hipertensão,dor_no_peito,tonturas,perda_de_equilíbrio,falta_de_concentração,,,,,,,,,,,,,
Hipertensão,dor_de_cabeça,tonturas,perda_de_equilíbrio,falta_de_concentração,,,,,,,,,,,,,
Hipertensão,dor_de_cabeça,dor_no_peito,perda_de_equilíbrio,falta_de_concentração,,,,,,,,,,,,,
Enxaqueca,acidez,indigestão,dor_de_cabeça,visão_turva_e_distorcida,fome_excessiva,rigidez_cervical,depressão,irritabilidade,perturbações_visuais,,,,,,,,
Enxaqueca,indigestão,dor_de_cabeça,visão_turva_e_distorcida,fome_excessiva,rigidez_cervical,depressão,irritabilidade,perturbações_visuais,,,,,,,,,
Enxaqueca,acidez,dor_de_cabeça,visão_turva_e_distorcida,fome_excessiva,rigidez_cervical,depressão,irritabilidade,perturbações_visuais,,,,,,,,,
Enxaqueca,acidez,indigestão,visão_turva_e_distorcida,fome_excessiva,rigidez_cervical,depressão,irritabilidade,perturbações_visuais,,,,,,,,,
Enxaqueca,acidez,indigestão,dor_de_cabeça,fome_excessiva,rigidez_cervical,depressão,irritabilidade,perturbações_visuais,,,,,,,,,
Enxaqueca,acidez,indigestão,dor_de_cabeça,visão_turva_e_distorcida,rigidez_cervical,depressão,irritabilidade,perturbações_visuais,,,,,,,,,
Enxaqueca,acidez,indigestão,dor_de_cabeça,visão_turva_e_distorcida,fome_excessiva,depressão,irritabilidade,perturbações_visuais,,,,,,,,,
Enxaqueca,acidez,indigestão,dor_de_cabeça,visão_turva_e_distorcida,fome_excessiva,rigidez_cervical,irritabilidade,perturbações_visuais,,,,,,,,,
Enxaqueca,acidez,indigestão,dor_de_cabeça,visão_turva_e_distorcida,fome_excessiva,rigidez_cervical,depressão,perturbações_visuais,,,,,,,,,
Enxaqueca,acidez,indigestão,dor_de_cabeça,visão_turva_e_distorcida,fome_excessiva,rigidez_cervical,depressão,irritabilidade,,,,,,,,,
Espondilose Cervical,dor_nas_costas,fraqueza_nos_membros,dor_no_pescoço,tonturas,perda_de_equilíbrio,,,,,,,,,,,,
Espondilose Cervical,dor_nas_costas,fraqueza_nos_membros,dor_no_pescoço,tonturas,perda_de_equilíbrio,,,,,,,,,,,,
Espondilose Cervical,fraqueza_nos_membros,dor_no_pescoço,tonturas,perda_de_equilíbrio,,,,,,,,,,,,,
Espondilose Cervical,dor_nas_costas,dor_no_pescoço,tonturas,perda_de_equilíbrio,,,,,,,,,,,,,
Espondilose Cervical,dor_nas_costas,fraqueza_nos_membros,tonturas,perda_de_equilíbrio,,,,,,,,,,,,,
Espondilose Cervical,dor_nas_costas,fraqueza_nos_membros,dor_no_pescoço,perda_de_equilíbrio,,,,,,,,,,,,,
Espondilose Cervical,dor_nas_costas,fraqueza_nos_membros,dor_no_pescoço,tonturas,,,,,,,,,,,,,
Espondilose Cervical,dor_nas_costas,fraqueza_nos_membros,dor_no_pescoço,tonturas,perda_de_equilíbrio,,,,,,,,,,,,
Espondilose Cervical,fraqueza_nos_membros,dor_no_pescoço,tonturas,perda_de_equilíbrio,,,,,,,,,,,,,
Espondilose Cervical,dor_nas_costas,dor_no_pescoço,tonturas,perda_de_equilíbrio,,,,,,,,,,,,,
Paralisia (Hemorragia Cerebral),vómitos,dor_de_cabeça,fraqueza_num_lado_do_corpo,alteração_do_sensório,,,,,,,,,,,,,
Paralisia (Hemorragia Cerebral),vómitos,dor_de_cabeça,fraqueza_num_lado_do_corpo,alteração_do_sensório,,,,,,,,,,,,,
Paralisia (Hemorragia Cerebral),dor_de_cabeça,fraqueza_num_lado_do_corpo,alteração_do_sensório,,,,,,,,,,,,,,
Paralisia (Hemorragia Cerebral),vómitos,fraqueza_num_lado_do_corpo,alteração_do_sensório,,,,,,,,,,,,,,
Paralisia (Hemorragia Cerebral),vómitos,dor_de_cabeça,alteração_do_sensório,,,,,,,,,,,,,,
Paralisia (Hemorragia Cerebral),vómitos,dor_de_cabeça,fraqueza_num_lado_do_corpo,,,,,,,,,,,,,,
Paralisia (Hemorragia Cerebral),vómitos,dor_de_cabeça,fraqueza_num_lado_do_corpo,alteração_do_sensório,,,,,,,,,,,,,
Paralisia (Hemorragia Cerebral),dor_de_cabeça,fraqueza_num_lado_do_corpo,alteração_do_sensório,,,,,,,,,,,,,,
Paralisia (Hemorragia Cerebral),vómitos,fraqueza_num_lado_do_corpo,alteração_do_sensório,,,,,,,,,,,,,,
Paralisia (Hemorragia Cerebral),vómitos,dor_de_cabeça,alteração_do_sensório,,,,,,,,,,,,,,
Icterícia,comichão,vómitos,fadiga,perda_de_peso,febre_alta,pele_amarelada,urina_escura,dor_abdominal,,,,,,,,,
Icterícia,comichão,vómitos,fadiga,perda_de_peso,febre_alta,pele_amarelada,urina_escura,dor_abdominal,,,,,,,,,
Icterícia,vómitos,fadiga,perda_de_peso,febre_alta,pele_amarelada,urina_escura,dor_abdominal,,,,,,,,,,
Icterícia,comichão,fadiga,perda_de_peso,febre_alta,pele_amarelada,urina_escura,dor_abdominal,,,,,,,,,,
Icterícia,comichão,vómitos,perda_de_peso,febre_alta,pele_amarelada,urina_escura,dor_abdominal,,,,,,,,,,
Icterícia,comichão,vómitos,fadiga,febre_alta,pele_amarelada,urina_escura,dor_abdominal,,,,,,,,,,
Icterícia,comichão,vómitos,fadiga,perda_de_peso,pele_amarelada,urina_escura,dor_abdominal,,,,,,,,,,
Icterícia,comichão,vómitos,fadiga,perda_de_peso,febre_alta,urina_escura,dor_abdominal,,,,,,,,,,
Icterícia,comichão,vómitos,fadiga,perda_de_peso,febre_alta,pele_amarelada,dor_abdominal,,,,,,,,,,
Icterícia,comichão,vómitos,fadiga,perda_de_peso,febre_alta,pele_amarelada,urina_escura,,,,,,,,,,
Malária,arrepios,vómitos,febre_alta,sudorese,dor_de_cabeça,náuseas,dor_muscular,,,,,,,,,,
Malária,arrepios,vómitos,febre_alta,sudorese,dor_de_cabeça,náuseas,diarreia,dor_muscular,,,,,,,,,
Malária,arrepios,vómitos,febre_alta,sudorese,dor_de_cabeça,náuseas,diarreia,dor_muscular,,,,,,,,,
Malária,vómitos,febre_alta,sudorese,dor_de_cabeça,náuseas,diarreia,dor_muscular,,,,,,,,,,
Malária,arrepios,febre_alta,sudorese,dor_de_cabeça,náuseas,diarreia,dor_muscular,,,,,,,,,,
Malária,arrepios,vómitos,sudorese,dor_de_cabeça,náuseas,diarreia,dor_muscular,,,,,,,,,,
Malária,arrepios,vómitos,febre_alta,dor_de_cabeça,náuseas,diarreia,dor_muscular,,,,,,,,,,
Malária,arrepios,vómitos,febre_alta,sudorese,náuseas,diarreia,dor_muscular,,,,,,,,,,
Malária,arrepios,vómitos,febre_alta,sudorese,dor_de_cabeça,diarreia,dor_muscular,,,,,,,,,,
Malária,arrepios,vómitos,febre_alta,sudorese,dor_de_cabeça,náuseas,dor_muscular,,,,,,,,,,
Varicela,comichão,erupção_cutânea,fadiga,letargia,febre_alta,dor_de_cabeça,perda_de_apetite,febre_ligeira,gânglios_linfáticos_inchados,mal_estar,manchas_vermelhas_pelo_corpo,,,,,,
Varicela,erupção_cutânea,fadiga,letargia,febre_alta,dor_de_cabeça,perda_de_apetite,febre_ligeira,gânglios_linfáticos_inchados,mal_estar,manchas_vermelhas_pelo_corpo,,,,,,,
Varicela,comichão,fadiga,letargia,febre_alta,dor_de_cabeça,perda_de_apetite,febre_ligeira,gânglios_linfáticos_inchados,mal_estar,manchas_vermelhas_pelo_corpo,,,,,,,
Varicela,comichão,erupção_cutânea,letargia,febre_alta,dor_de_cabeça,perda_de_apetite,febre_ligeira,gânglios_linfáticos_inchados,mal_estar,manchas_vermelhas_pelo_corpo,,,,,,,
Varicela,comichão,erupção_cutânea,fadiga,febre_alta,dor_de_cabeça,perda_de_apetite,febre_ligeira,gânglios_linfáticos_inchados,mal_estar,manchas_vermelhas_pelo_corpo,,,,,,,
Varicela,comichão,erupção_cutânea,fadiga,letargia,dor_de_cabeça,perda_de_apetite,febre_ligeira,gânglios_linfáticos_inchados,mal_estar,manchas_vermelhas_pelo_corpo,,,,,,,
Varicela,comichão,erupção_cutânea,fadiga,letargia,febre_alta,perda_de_apetite,febre_ligeira,gânglios_linfáticos_inchados,mal_estar,manchas_vermelhas_pelo_corpo,,,,,,,
Varicela,comichão,erupção_cutânea,fadiga,letargia,febre_alta,dor_de_cabeça,febre_ligeira,gânglios_linfáticos_inchados,mal_estar,manchas_vermelhas_pelo_corpo,,,,,,,
Varicela,comichão,erupção_cutânea,fadiga,letargia,febre_alta,dor_de_cabeça,perda_de_apetite,gânglios_linfáticos_inchados,mal_estar,manchas_vermelhas_pelo_corpo,,,,,,,
Varicela,comichão,erupção_cutânea,fadiga,letargia,febre_alta,dor_de_cabeça,perda_de_apetite,febre_ligeira,mal_estar,manchas_vermelhas_pelo_corpo,,,,,,,
Dengue,erupção_cutânea,arrepios,dor_nas_articulações,vómitos,fadiga,febre_alta,dor_de_cabeça,náuseas,perda_de_apetite,dor_atrás_dos_olhos,dor_nas_costas,dor_muscular,manchas_vermelhas_pelo_corpo,,,,
Dengue,erupção_cutânea,arrepios,dor_nas_articulações,vómitos,fadiga,febre_alta,dor_de_cabeça,náuseas,perda_de_apetite,dor_atrás_dos_olhos,dor_nas_costas,mal_estar,manchas_vermelhas_pelo_corpo,,,,
Dengue,erupção_cutânea,arrepios,dor_nas_articulações,vómitos,fadiga,febre_alta,dor_de_cabeça,náuseas,perda_de_apetite,dor_atrás_dos_olhos,dor_nas_costas,mal_estar,dor_muscular,,,,
Dengue,erupção_cutânea,arrepios,dor_nas_articulações,vómitos,fadiga,febre_alta,dor_de_cabeça,náuseas,perda_de_apetite,dor_atrás_dos_olhos,dor_nas_costas,mal_estar,dor_muscular,manchas_vermelhas_pelo_corpo,,,
Dengue,arrepios,dor_nas_articulações,vómitos,fadiga,febre_alta,dor_de_cabeça,náuseas,perda_de_apetite,dor_atrás_dos_olhos,dor_nas_costas,mal_estar,dor_muscular,manchas_vermelhas_pelo_corpo,,,,
Dengue,erupção_cutânea,dor_nas_articulações,vómitos,fadiga,febre_alta,dor_de_cabeça,náuseas,perda_de_apetite,dor_atrás_dos_olhos,dor_nas_costas,mal_estar,dor_muscular,manchas_vermelhas_pelo_corpo,,,,
Dengue,erupção_cutânea,arrepios,vómitos,fadiga,febre_alta,dor_de_cabeça,náuseas,perda_de_apetite,dor_atrás_dos_olhos,dor_nas_costas,mal_estar,dor_muscular,manchas_vermelhas_pelo_corpo,,,,
Dengue,erupção_cutânea,arrepios,dor_nas_articulações,fadiga,febre_alta,dor_de_cabeça,náuseas,perda_de_apetite,dor_atrás_dos_olhos,dor_nas_costas,mal_estar,dor_muscular,manchas_vermelhas_pelo_corpo,,,,
Dengue,erupção_cutânea,arrepios,dor_nas_articulações,vómitos,febre_alta,dor_de_cabeça,náuseas,perda_de_apetite,dor_atrás_dos_olhos,dor_nas_costas,mal_estar,dor_muscular,manchas_vermelhas_pelo_corpo,,,,
Dengue,erupção_cutânea,arrepios,dor_nas_articulações,vómitos,fadiga,dor_de_cabeça,náuseas,perda_de_apetite,dor_atrás_dos_olhos,dor_nas_costas,mal_estar,dor_muscular,manchas_vermelhas_pelo_corpo,,,,
Febre Tifóide,arrepios,vómitos,fadiga,febre_alta,náuseas,obstipação,dor_abdominal,diarreia,aspeto_tóxico_(tifo),dor_na_barriga,,,,,,,
Febre Tifóide,arrepios,vómitos,fadiga,febre_alta,dor_de_cabeça,obstipação,dor_abdominal,diarreia,aspeto_tóxico_(tifo),dor_na_barriga,,,,,,,
Febre Tifóide,arrepios,vómitos,fadiga,febre_alta,dor_de_cabeça,náuseas,dor_abdominal,diarreia,aspeto_tóxico_(tifo),dor_na_barriga,,,,,,,
Febre Tifóide,arrepios,vómitos,fadiga,febre_alta,dor_de_cabeça,náuseas,obstipação,diarreia,aspeto_tóxico_(tifo),dor_na_barriga,,,,,,,
Febre Tifóide,arrepios,vómitos,fadiga,febre_alta,dor_de_cabeça,náuseas,obstipação,dor_abdominal,aspeto_tóxico_(tifo),dor_na_barriga,,,,,,,
Febre Tifóide,arrepios,vómitos,fadiga,febre_alta,dor_de_cabeça,náuseas,obstipação,dor_abdominal,diarreia,dor_na_barriga,,,,,,,
Febre Tifóide,arrepios,vómitos,fadiga,febre_alta,dor_de_cabeça,náuseas,obstipação,dor_abdominal,diarreia,aspeto_tóxico_(tifo),,,,,,,
Febre Tifóide,arrepios,vómitos,fadiga,febre_alta,dor_de_cabeça,náuseas,obstipação,dor_abdominal,diarreia,aspeto_tóxico_(tifo),dor_na_barriga,,,,,,
Febre Tifóide,arrepios,vómitos,fadiga,febre_alta,dor_de_cabeça,náuseas,obstipação,dor_abdominal,diarreia,aspeto_tóxico_(tifo),dor_na_barriga,,,,,,
Febre Tifóide,arrepios,fadiga,febre_alta,dor_de_cabeça,náuseas,obstipação,dor_abdominal,diarreia,aspeto_tóxico_(tifo),dor_na_barriga,,,,,,,
Hepatite A,dor_nas_articulações,vómitos,pele_amarelada,urina_escura,náuseas,perda_de_apetite,dor_abdominal,diarreia,febre_ligeira,amarelecimento_dos_olhos,dor_muscular,,,,,,
Hepatite A,dor_nas_articulações,vómitos,pele_amarelada,urina_escura,náuseas,perda_de_apetite,dor_abdominal,diarreia,febre_ligeira,amarelecimento_dos_olhos,dor_muscular,,,,,,
Hepatite A,vómitos,pele_amarelada,urina_escura,náuseas,perda_de_apetite,dor_abdominal,diarreia,febre_ligeira,amarelecimento_dos_olhos,dor_muscular,,,,,,,
Hepatite A,dor_nas_articulações,pele_amarelada,urina_escura,náuseas,perda_de_apetite,dor_abdominal,diarreia,febre_ligeira,amarelecimento_dos_olhos,dor_muscular,,,,,,,
Hepatite A,dor_nas_articulações,vómitos,urina_escura,náuseas,perda_de_apetite,dor_abdominal,diarreia,febre_ligeira,amarelecimento_dos_olhos,dor_muscular,,,,,,,
Hepatite A,dor_nas_articulações,vómitos,pele_amarelada,náuseas,perda_de_apetite,dor_abdominal,diarreia,febre_ligeira,amarelecimento_dos_olhos,dor_muscular,,,,,,,
Hepatite A,dor_nas_articulações,vómitos,pele_amarelada,urina_escura,perda_de_apetite,dor_abdominal,diarreia,febre_ligeira,amarelecimento_dos_olhos,dor_muscular,,,,,,,
Hepatite A,dor_nas_articulações,vómitos,pele_amarelada,urina_escura,náuseas,dor_abdominal,diarreia,febre_ligeira,amarelecimento_dos_olhos,dor_muscular,,,,,,,
Hepatite A,dor_nas_articulações,vómitos,pele_amarelada,urina_escura,náuseas,perda_de_apetite,diarreia,febre_ligeira,amarelecimento_dos_olhos,dor_muscular,,,,,,,
Hepatite A,dor_nas_articulações,vómitos,pele_amarelada,urina_escura,náuseas,perda_de_apetite,dor_abdominal,febre_ligeira,amarelecimento_dos_olhos,dor_muscular,,,,,,,
Hepatite B,comichão,fadiga,letargia,pele_amarelada,urina_escura,perda_de_apetite,dor_abdominal,urina_amarela,amarelecimento_dos_olhos,mal_estar,receção_de_transfusão_de_sangue,receção_de_injeções_não_esterilizadas,,,,,
Hepatite B,comichão,fadiga,letargia,pele_amarelada,urina_escura,perda_de_apetite,dor_abdominal,urina_amarela,amarelecimento_dos_olhos,mal_estar,receção_de_transfusão_de_sangue,receção_de_injeções_não_esterilizadas,,,,,
Hepatite B,fadiga,letargia,pele_amarelada,urina_escura,perda_de_apetite,dor_abdominal,urina_amarela,amarelecimento_dos_olhos,mal_estar,receção_de_transfusão_de_sangue,receção_de_injeções_não_esterilizadas,,,,,,
Hepatite B,comichão,letargia,pele_amarelada,urina_escura,perda_de_apetite,dor_abdominal,urina_amarela,amarelecimento_dos_olhos,mal_estar,receção_de_transfusão_de_sangue,receção_de_injeções_não_esterilizadas,,,,,,
Hepatite B,comichão,fadiga,pele_amarelada,urina_escura,perda_de_apetite,dor_abdominal,urina_amarela,amarelecimento_dos_olhos,mal_estar,receção_de_transfusão_de_sangue,receção_de_injeções_não_esterilizadas,,,,,,
Hepatite B,comichão,fadiga,letargia,urina_escura,perda_de_apetite,dor_abdominal,urina_amarela,amarelecimento_dos_olhos,mal_estar,receção_de_transfusão_de_sangue,receção_de_injeções_não_esterilizadas,,,,,,
Hepatite B,comichão,fadiga,letargia,pele_amarelada,perda_de_apetite,dor_abdominal,urina_amarela,amarelecimento_dos_olhos,mal_estar,receção_de_transfusão_de_sangue,receção_de_injeções_não_esterilizadas,,,,,,
Hepatite B,comichão,fadiga,letargia,pele_amarelada,urina_escura,dor_abdominal,urina_amarela,amarelecimento_dos_olhos,mal_estar,receção_de_transfusão_de_sangue,receção_de_injeções_não_esterilizadas,,,,,,
Hepatite B,comichão,fadiga,letargia,pele_amarelada,urina_escura,perda_de_apetite,urina_amarela,amarelecimento_dos_olhos,mal_estar,receção_de_transfusão_de_sangue,receção_de_injeções_não_esterilizadas,,,,,,
Hepatite B,comichão,fadiga,letargia,pele_amarelada,urina_escura,perda_de_apetite,dor_abdominal,amarelecimento_dos_olhos,mal_estar,receção_de_transfusão_de_sangue,receção_de_injeções_não_esterilizadas,,,,,,
Hepatite C,fadiga,pele_amarelada,náuseas,perda_de_apetite,historial_familiar,,,,,,,,,,,,
Hepatite C,fadiga,pele_amarelada,náuseas,perda_de_apetite,amarelecimento_dos_olhos,historial_familiar,,,,,,,,,,,
Hepatite C,pele_amarelada,náuseas,perda_de_apetite,amarelecimento_dos_olhos,historial_familiar,,,,,,,,,,,,
Hepatite C,fadiga,náuseas,perda_de_apetite,amarelecimento_dos_olhos,historial_familiar,,,,,,,,,,,,
Hepatite C,fadiga,pele_amarelada,perda_de_apetite,amarelecimento_dos_olhos,historial_familiar,,,,,,,,,,,,
Hepatite C,fadiga,pele_amarelada,náuseas,amarelecimento_dos_olhos,historial_familiar,,,,,,,,,,,,
Hepatite C,fadiga,pele_amarelada,náuseas,perda_de_apetite,historial_familiar,,,,,,,,,,,,
Hepatite C,fadiga,pele_amarelada,náuseas,perda_de_apetite,amarelecimento_dos_olhos,,,,,,,,,,,,
Hepatite C,fadiga,pele_amarelada,náuseas,perda_de_apetite,amarelecimento_dos_olhos,historial_familiar,,,,,,,,,,,
Hepatite C,fadiga,pele_amarelada,náuseas,perda_de_apetite,amarelecimento_dos_olhos,historial_familiar,,,,,,,,,,,
Hepatite D,dor_nas_articulações,vómitos,fadiga,pele_amarelada,urina_escura,náuseas,perda_de_apetite,dor_abdominal,amarelecimento_dos_olhos,,,,,,,,
Hepatite D,vómitos,fadiga,pele_amarelada,urina_escura,náuseas,perda_de_apetite,dor_abdominal,amarelecimento_dos_olhos,,,,,,,,,
Hepatite D,dor_nas_articulações,fadiga,pele_amarelada,urina_escura,náuseas,perda_de_apetite,dor_abdominal,amarelecimento_dos_olhos,,,,,,,,,
Hepatite D,dor_nas_articulações,vómitos,pele_amarelada,urina_escura,náuseas,perda_de_apetite,dor_abdominal,amarelecimento_dos_olhos,,,,,,,,,
Hepatite D,dor_nas_articulações,vómitos,fadiga,urina_escura,náuseas,perda_de_apetite,dor_abdominal,amarelecimento_dos_olhos,,,,,,,,,
Hepatite D,dor_nas_articulações,vómitos,fadiga,pele_amarelada,náuseas,perda_de_apetite,dor_abdominal,amarelecimento_dos_olhos,,,,,,,,,
Hepatite D,dor_nas_articulações,vómitos,fadiga,pele_amarelada,urina_escura,perda_de_apetite,dor_abdominal,amarelecimento_dos_olhos,,,,,,,,,
Hepatite D,dor_nas_articulações,vómitos,fadiga,pele_amarelada,urina_escura,náuseas,dor_abdominal,amarelecimento_dos_olhos,,,,,,,,,
Hepatite D,dor_nas_articulações,vómitos,fadiga,pele_amarelada,urina_escura,náuseas,perda_de_apetite,amarelecimento_dos_olhos,,,,,,,,,
Hepatite D,dor_nas_articulações,vómitos,fadiga,pele_amarelada,urina_escura,náuseas,perda_de_apetite,dor_abdominal,,,,,,,,,
Hepatite E,dor_nas_articulações,vómitos,fadiga,febre_alta,pele_amarelada,urina_escura,náuseas,perda_de_apetite,dor_abdominal,amarelecimento_dos_olhos,coma,hemorragia_gástrica,,,,,
Hepatite E,dor_nas_articulações,vómitos,fadiga,febre_alta,pele_amarelada,urina_escura,náuseas,perda_de_apetite,dor_abdominal,amarelecimento_dos_olhos,insuficiência_hepática_aguda,coma,hemorragia_gástrica,,,,
Hepatite E,dor_nas_articulações,vómitos,fadiga,febre_alta,pele_amarelada,urina_escura,náuseas,perda_de_apetite,dor_abdominal,amarelecimento_dos_olhos,insuficiência_hepática_aguda,coma,hemorragia_gástrica,,,,
Hepatite E,vómitos,fadiga,febre_alta,pele_amarelada,urina_escura,náuseas,perda_de_apetite,dor_abdominal,amarelecimento_dos_olhos,insuficiência_hepática_aguda,coma,hemorragia_gástrica,,,,,
Hepatite E,dor_nas_articulações,fadiga,febre_alta,pele_amarelada,urina_escura,náuseas,perda_de_apetite,dor_abdominal,amarelecimento_dos_olhos,insuficiência_hepática_aguda,coma,hemorragia_gástrica,,,,,
Hepatite E,dor_nas_articulações,vómitos,febre_alta,pele_amarelada,urina_escura,náuseas,perda_de_apetite,dor_abdominal,amarelecimento_dos_olhos,insuficiência_hepática_aguda,coma,hemorragia_gástrica,,,,,
Hepatite E,dor_nas_articulações,vómitos,fadiga,pele_amarelada,urina_escura,náuseas,perda_de_apetite,dor_abdominal,amarelecimento_dos_olhos,insuficiência_hepática_aguda,coma,hemorragia_gástrica,,,,,
Hepatite E,dor_nas_articulações,vómitos,fadiga,febre_alta,urina_escura,náuseas,perda_de_apetite,dor_abdominal,amarelecimento_dos_olhos,insuficiência_hepática_aguda,coma,hemorragia_gástrica,,,,,
Hepatite E,dor_nas_articulações,vómitos,fadiga,febre_alta,pele_amarelada,náuseas,perda_de_apetite,dor_abdominal,amarelecimento_dos_olhos,insuficiência_hepática_aguda,coma,hemorragia_gástrica,,,,,
Hepatite E,dor_nas_articulações,vómitos,fadiga,febre_alta,pele_amarelada,urina_escura,perda_de_apetite,dor_abdominal,amarelecimento_dos_olhos,insuficiência_hepática_aguda,coma,hemorragia_gástrica,,,,,
Hepatite Alcoólica,vómitos,pele_amarelada,dor_abdominal,inchaço_do_estômago,distensão_abdominal,historial_de_consumo_de_álcool,sobrecarga_de_fluidos,,,,,,,,,,
Hepatite Alcoólica,vómitos,pele_amarelada,dor_abdominal,inchaço_do_estômago,distensão_abdominal,historial_de_consumo_de_álcool,sobrecarga_de_fluidos,,,,,,,,,,
Hepatite Alcoólica,pele_amarelada,dor_abdominal,inchaço_do_estômago,distensão_abdominal,historial_de_consumo_de_álcool,sobrecarga_de_fluidos,,,,,,,,,,,
Hepatite Alcoólica,vómitos,dor_abdominal,inchaço_do_estômago,distensão_abdominal,historial_de_consumo_de_álcool,sobrecarga_de_fluidos,,,,,,,,,,,
Hepatite Alcoólica,vómitos,pele_amarelada,inchaço_do_estômago,distensão_abdominal,historial_de_consumo_de_álcool,sobrecarga_de_fluidos,,,,,,,,,,,
Hepatite Alcoólica,vómitos,pele_amarelada,dor_abdominal,distensão_abdominal,historial_de_consumo_de_álcool,sobrecarga_de_fluidos,,,,,,,,,,,
Hepatite Alcoólica,vómitos,pele_amarelada,dor_abdominal,inchaço_do_estômago,historial_de_consumo_de_álcool,sobrecarga_de_fluidos,,,,,,,,,,,
Hepatite Alcoólica,vómitos,pele_amarelada,dor_abdominal,inchaço_do_estômago,distensão_abdominal,sobrecarga_de_fluidos,,,,,,,,,,,
Hepatite Alcoólica,vómitos,pele_amarelada,dor_abdominal,inchaço_do_estômago,distensão_abdominal,historial_de_consumo_de_álcool,,,,,,,,,,,
Hepatite Alcoólica,vómitos,pele_amarelada,dor_abdominal,inchaço_do_estômago,distensão_abdominal,historial_de_consumo_de_álcool,sobrecarga_de_fluidos,,,,,,,,,,
Tuberculose,arrepios,vómitos,fadiga,perda_de_peso,tosse,febre_alta,falta_de_ar,sudorese,perda_de_apetite,febre_ligeira,amarelecimento_dos_olhos,gânglios_linfáticos_inchados,mal_estar,fleuma,dor_no_peito,sangue_na_expetoração,
Tuberculose,arrepios,vómitos,fadiga,perda_de_peso,tosse,febre_alta,falta_de_ar,sudorese,perda_de_apetite,febre_ligeira,amarelecimento_dos_olhos,gânglios_linfáticos_inchados,mal_estar,fleuma,dor_no_peito,sangue_na_expetoração,
Tuberculose,vómitos,fadiga,perda_de_peso,tosse,febre_alta,falta_de_ar,sudorese,perda_de_apetite,febre_ligeira,amarelecimento_dos_olhos,gânglios_linfáticos_inchados,mal_estar,fleuma,dor_no_peito,sangue_na_expetoração,,
Tuberculose,arrepios,fadiga,perda_de_peso,tosse,febre_alta,falta_de_ar,sudorese,perda_de_apetite,febre_ligeira,amarelecimento_dos_olhos,gânglios_linfáticos_inchados,mal_estar,fleuma,dor_no_peito,sangue_na_expetoração,,
Tuberculose,arrepios,vómitos,perda_de_peso,tosse,febre_alta,falta_de_ar,sudorese,perda_de_apetite,febre_ligeira,amarelecimento_dos_olhos,gânglios_linfáticos_inchados,mal_estar,fleuma,dor_no_peito,sangue_na_expetoração,,
Tuberculose,arrepios,vómitos,fadiga,tosse,febre_alta,falta_de_ar,sudorese,perda_de_apetite,febre_ligeira,amarelecimento_dos_olhos,gânglios_linfáticos_inchados,mal_estar,fleuma,dor_no_peito,sangue_na_expetoração,,
Tuberculose,arrepios,vómitos,fadiga,perda_de_peso,febre_alta,falta_de_ar,sudorese,perda_de_apetite,febre_ligeira,amarelecimento_dos_olhos,gânglios_linfáticos_inchados,mal_estar,fleuma,dor_no_peito,sangue_na_expetoração,,
Tuberculose,arrepios,vómitos,fadiga,perda_de_peso,tosse,falta_de_ar,sudorese,perda_de_apetite,febre_ligeira,amarelecimento_dos_olhos,gânglios_linfáticos_inchados,mal_estar,fleuma,dor_no_peito,sangue_na_expetoração,,
Tuberculose,arrepios,vómitos,fadiga,perda_de_peso,tosse,febre_alta,sudorese,perda_de_apetite,febre_ligeira,amarelecimento_dos_olhos,gânglios_linfáticos_inchados,mal_estar,fleuma,dor_no_peito,sangue_na_expetoração,,
Tuberculose,arrepios,vómitos,fadiga,perda_de_peso,tosse,febre_alta,falta_de_ar,perda_de_apetite,febre_ligeira,amarelecimento_dos_olhos,gânglios_linfáticos_inchados,mal_estar,fleuma,dor_no_peito,sangue_na_expetoração,,
Constipação Comum,espirros_contínuos,arrepios,fadiga,tosse,febre_alta,dor_de_cabeça,gânglios_linfáticos_inchados,mal_estar,fleuma,irritação_da_garganta,vermelhidão_dos_olhos,pressão_sinusal,nariz_a_pingar,congestão,dor_no_peito,perda_de_olfato,dor_muscular
Constipação Comum,espirros_contínuos,arrepios,fadiga,tosse,febre_alta,dor_de_cabeça,gânglios_linfáticos_inchados,mal_estar,fleuma,irritação_da_garganta,vermelhidão_dos_olhos,pressão_sinusal,nariz_a_pingar,congestão,dor_no_peito,perda_de_olfato,dor_muscular
Constipação Comum,arrepios,fadiga,tosse,febre_alta,dor_de_cabeça,gânglios_linfáticos_inchados,mal_estar,fleuma,irritação_da_garganta,vermelhidão_dos_olhos,pressão_sinusal,nariz_a_pingar,congestão,dor_no_peito,perda_de_olfato,dor_muscular,
Constipação Comum,espirros_contínuos,fadiga,tosse,febre_alta,dor_de_cabeça,gânglios_linfáticos_inchados,mal_estar,fleuma,irritação_da_garganta,vermelhidão_dos_olhos,pressão_sinusal,nariz_a_pingar,congestão,dor_no_peito,perda_de_olfato,dor_muscular,
Constipação Comum,espirros_contínuos,arrepios,tosse,febre_alta,dor_de_cabeça,gânglios_linfáticos_inchados,mal_estar,fleuma,irritação_da_garganta,vermelhidão_dos_olhos,pressão_sinusal,nariz_a_pingar,congestão,dor_no_peito,perda_de_olfato,dor_muscular,
Constipação Comum,espirros_contínuos,arrepios,fadiga,febre_alta,dor_de_cabeça,gânglios_linfáticos_inchados,mal_estar,fleuma,irritação_da_garganta,vermelhidão_dos_olhos,pressão_sinusal,nariz_a_pingar,congestão,dor_no_peito,perda_de_olfato,dor_muscular,
Constipação Comum,espirros_contínuos,arrepios,fadiga,tosse,dor_de_cabeça,gânglios_linfáticos_inchados,mal_estar,fleuma,irritação_da_garganta,vermelhidão_dos_olhos,pressão_sinusal,nariz_a_pingar,congestão,dor_no_peito,perda_de_olfato,dor_muscular,
Constipação Comum,espirros_contínuos,arrepios,fadiga,tosse,febre_alta,gânglios_linfáticos_inchados,mal_estar,fleuma,irritação_da_garganta,vermelhidão_dos_olhos,pressão_sinusal,nariz_a_pingar,congestão,dor_no_peito,perda_de_olfato,dor_muscular,
Constipação Comum,espirros_contínuos,arrepios,fadiga,tosse,febre_alta,dor_de_cabeça,mal_estar,fleuma,irritação_da_garganta,vermelhidão_dos_olhos,pressão_sinusal,nariz_a_pingar,congestão,dor_no_peito,perda_de_olfato,dor_muscular,
Constipação Comum,espirros_contínuos,arrepios,fadiga,tosse,febre_alta,dor_de_cabeça,gânglios_linfáticos_inchados,fleuma,irritação_da_garganta,vermelhidão_dos_olhos,pressão_sinusal,nariz_a_pingar,congestão,dor_no_peito,perda_de_olfato,dor_muscular,
Pneumonia,arrepios,fadiga,tosse,febre_alta,falta_de_ar,sudorese,mal_estar,dor_no_peito,frequência_cardíaca_elevada,expetoração_ferruginosa,,,,,,,
Pneumonia,arrepios,fadiga,tosse,febre_alta,falta_de_ar,sudorese,mal_estar,fleuma,dor_no_peito,frequência_cardíaca_elevada,expetoração_ferruginosa,,,,,,
Pneumonia,arrepios,fadiga,tosse,febre_alta,falta_de_ar,sudorese,mal_estar,fleuma,dor_no_peito,frequência_cardíaca_elevada,expetoração_ferruginosa,,,,,,
Pneumonia,fadiga,tosse,febre_alta,falta_de_ar,sudorese,mal_estar,fleuma,dor_no_peito,frequência_cardíaca_elevada,expetoração_ferruginosa,,,,,,,
Pneumonia,arrepios,tosse,febre_alta,falta_de_ar,sudorese,mal_estar,fleuma,dor_no_peito,frequência_cardíaca_elevada,expetoração_ferruginosa,,,,,,,
Pneumonia,arrepios,fadiga,febre_alta,falta_de_ar,sudorese,mal_estar,fleuma,dor_no_peito,frequência_cardíaca_elevada,expetoração_ferruginosa,,,,,,,
Pneumonia,arrepios,fadiga,tosse,falta_de_ar,sudorese,mal_estar,fleuma,dor_no_peito,frequência_cardíaca_elevada,expetoração_ferruginosa,,,,,,,
Pneumonia,arrepios,fadiga,tosse,febre_alta,sudorese,mal_estar,fleuma,dor_no_peito,frequência_cardíaca_elevada,expetoração_ferruginosa,,,,,,,
Pneumonia,arrepios,fadiga,tosse,febre_alta,falta_de_ar,mal_estar,fleuma,dor_no_peito,frequência_cardíaca_elevada,expetoração_ferruginosa,,,,,,,
Pneumonia,arrepios,fadiga,tosse,febre_alta,falta_de_ar,sudorese,fleuma,dor_no_peito,frequência_cardíaca_elevada,expetoração_ferruginosa,,,,,,,
Hemorroidas Dimórficas,obstipação,dor_durante_a_defecação,dor_na_região_anal,fezes_com_sangue,irritação_no_ânus,,,,,,,,,,,,
Hemorroidas Dimórficas,obstipação,dor_durante_a_defecação,dor_na_região_anal,fezes_com_sangue,irritação_no_ânus,,,,,,,,,,,,
Hemorroidas Dimórficas,obstipação,dor_durante_a_defecação,dor_na_região_anal,fezes_com_sangue,irritação_no_ânus,,,,,,,,,,,,
Hemorroidas Dimórficas,dor_durante_a_defecação,dor_na_região_anal,fezes_com_sangue,irritação_no_ânus,,,,,,,,,,,,,
Hemorroidas Dimórficas,obstipação,dor_na_região_anal,fezes_com_sangue,irritação_no_ânus,,,,,,,,,,,,,
Hemorroidas Dimórficas,obstipação,dor_durante_a_defecação,fezes_com_sangue,irritação_no_ânus,,,,,,,,,,,,,
Hemorroidas Dimórficas,obstipação,dor_durante_a_defecação,dor_na_região_anal,irritação_no_ânus,,,,,,,,,,,,,
Hemorroidas Dimórficas,obstipação,dor_durante_a_defecação,dor_na_região_anal,fezes_com_sangue,,,,,,,,,,,,,
Hemorroidas Dimórficas,obstipação,dor_durante_a_defecação,dor_na_região_anal,fezes_com_sangue,irritação_no_ânus,,,,,,,,,,,,
Hemorroidas Dimórficas,obstipação,dor_durante_a_defecação,dor_na_região_anal,fezes_com_sangue,irritação_no_ânus,,,,,,,,,,,,
Ataque Cardíaco,vómitos,falta_de_ar,sudorese,dor_no_peito,,,,,,,,,,,,,
Ataque Cardíaco,vómitos,falta_de_ar,sudorese,dor_no_peito,,,,,,,,,,,,,
Ataque Cardíaco,falta_de_ar,sudorese,dor_no_peito,,,,,,,,,,,,,,
Ataque Cardíaco,vómitos,sudorese,dor_no_peito,,,,,,,,,,,,,,
Ataque Cardíaco,vómitos,falta_de_ar,dor_no_peito,,,,,,,,,,,,,,
Ataque Cardíaco,vómitos,falta_de_ar,sudorese,,,,,,,,,,,,,,
Ataque Cardíaco,vómitos,falta_de_ar,sudorese,dor_no_peito,,,,,,,,,,,,,
Ataque Cardíaco,falta_de_ar,sudorese,dor_no_peito,,,,,,,,,,,,,,
Ataque Cardíaco,vómitos,sudorese,dor_no_peito,,,,,,,,,,,,,,
Ataque Cardíaco,vómitos,falta_de_ar,dor_no_peito,,,,,,,,,,,,,,
Varizes,fadiga,cãibras,equimoses,obesidade,pernas_inchadas,vasos_sanguíneos_dilatados,veias_proeminentes_na_barriga_da_perna,,,,,,,,,,
Varizes,fadiga,cãibras,equimoses,obesidade,pernas_inchadas,vasos_sanguíneos_dilatados,veias_proeminentes_na_barriga_da_perna,,,,,,,,,,
Varizes,cãibras,equimoses,obesidade,pernas_inchadas,vasos_sanguíneos_dilatados,veias_proeminentes_na_barriga_da_perna,,,,,,,,,,,
Varizes,fadiga,equimoses,obesidade,pernas_inchadas,vasos_sanguíneos_dilatados,veias_proeminentes_na_barriga_da_perna,,,,,,,,,,,
Varizes,fadiga,cãibras,obesidade,pernas_inchadas,vasos_sanguíneos_dilatados,veias_proeminentes_na_barriga_da_perna,,,,,,,,,,,
Varizes,fadiga,cãibras,equimoses,pernas_inchadas,vasos_sanguíneos_dilatados,veias_proeminentes_na_barriga_da_perna,,,,,,,,,,,
Varizes,fadiga,cãibras,equimoses,obesidade,vasos_sanguíneos_dilatados,veias_proeminentes_na_barriga_da_perna,,,,,,,,,,,
Varizes,fadiga,cãibras,equimoses,obesidade,pernas_inchadas,veias_proeminentes_na_barriga_da_perna,,,,,,,,,,,
Varizes,fadiga,cãibras,equimoses,obesidade,pernas_inchadas,vasos_sanguíneos_dilatados,,,,,,,,,,,
Varizes,fadiga,cãibras,equimoses,obesidade,pernas_inchadas,veias_proeminentes_na_barriga_da_perna,,,,,,,,,,,
Hipotiroidismo,fadiga,aumento_de_peso,mãos_e_pés_frios,alterações_de_humor,letargia,tonturas,rosto_e_olhos_inchados,tiróide_aumentada,unhas_frágeis,extremidades_inchadas,depressão,irritabilidade,menstruação_anormal,,,,
Hipotiroidismo,fadiga,aumento_de_peso,mãos_e_pés_frios,alterações_de_humor,letargia,tonturas,rosto_e_olhos_inchados,tiróide_aumentada,unhas_frágeis,extremidades_inchadas,depressão,irritabilidade,menstruação_anormal,,,,
Hipotiroidismo,aumento_de_peso,mãos_e_pés_frios,alterações_de_humor,letargia,tonturas,rosto_e_olhos_inchados,tiróide_aumentada,unhas_frágeis,extremidades_inchadas,depressão,irritabilidade,menstruação_anormal,,,,,
Hipotiroidismo,aumento_de_peso,mãos_e_pés_frios,alterações_de_humor,letargia,tonturas,rosto_e_olhos_inchados,tiróide_aumentada,unhas_frágeis,extremidades_inchadas,depressão,irritabilidade,menstruação_anormal,,,,,
Hipotiroidismo,fadiga,mãos_e_pés_frios,alterações_de_humor,letargia,tonturas,rosto_e_olhos_inchados,tiróide_aumentada,unhas_frágeis,extremidades_inchadas,depressão,irritabilidade,menstruação_anormal,,,,,
Hipotiroidismo,fadiga,aumento_de_peso,alterações_de_humor,letargia,tonturas,rosto_e_olhos_inchados,tiróide_aumentada,unhas_frágeis,extremidades_inchadas,depressão,irritabilidade,menstruação_anormal,,,,,
Hipotiroidismo,fadiga,aumento_de_peso,mãos_e_pés_frios,letargia,tonturas,rosto_e_olhos_inchados,tiróide_aumentada,unhas_frágeis,extremidades_inchadas,depressão,irritabilidade,menstruação_anormal,,,,,
Hipotiroidismo,fadiga,aumento_de_peso,mãos_e_pés_frios,alterações_de_humor,tonturas,rosto_e_olhos_inchados,tiróide_aumentada,unhas_frágeis,extremidades_inchadas,depressão,irritabilidade,menstruação_anormal,,,,,
Hipotiroidismo,fadiga,aumento_de_peso,mãos_e_pés_frios,alterações_de_humor,letargia,rosto_e_olhos_inchados,tiróide_aumentada,unhas_frágeis,extremidades_inchadas,depressão,irritabilidade,menstruação_anormal,,,,,
Hipotiroidismo,fadiga,aumento_de_peso,mãos_e_pés_frios,alterações_de_humor,letargia,tonturas,tiróide_aumentada,unhas_frágeis,extremidades_inchadas,depressão,irritabilidade,menstruação_anormal,,,,,
Hipertiroidismo,fadiga,alterações_de_humor,perda_de_peso,agitação,sudorese,diarreia,frequência_cardíaca_elevada,fome_excessiva,fraqueza_muscular,irritabilidade,menstruação_anormal,,,,,,
Hipertiroidismo,fadiga,alterações_de_humor,perda_de_peso,agitação,sudorese,diarreia,frequência_cardíaca_elevada,fome_excessiva,fraqueza_muscular,irritabilidade,menstruação_anormal,,,,,,
Hipertiroidismo,alterações_de_humor,perda_de_peso,agitação,sudorese,diarreia,frequência_cardíaca_elevada,fome_excessiva,fraqueza_muscular,irritabilidade,menstruação_anormal,,,,,,,
Hipertiroidismo,fadiga,perda_de_peso,agitação,sudorese,diarreia,frequência_cardíaca_elevada,fome_excessiva,fraqueza_muscular,irritabilidade,menstruação_anormal,,,,,,,
Hipertiroidismo,fadiga,alterações_de_humor,agitação,sudorese,diarreia,frequência_cardíaca_elevada,fome_excessiva,fraqueza_muscular,irritabilidade,menstruação_anormal,,,,,,,
Hipertiroidismo,fadiga,alterações_de_humor,perda_de_peso,sudorese,diarreia,frequência_cardíaca_elevada,fome_excessiva,fraqueza_muscular,irritabilidade,menstruação_anormal,,,,,,,
Hipertiroidismo,fadiga,alterações_de_humor,perda_de_peso,agitação,diarreia,frequência_cardíaca_elevada,fome_excessiva,fraqueza_muscular,irritabilidade,menstruação_anormal,,,,,,,
Hipertiroidismo,fadiga,alterações_de_humor,perda_de_peso,agitação,sudorese,frequência_cardíaca_elevada,fome_excessiva,fraqueza_muscular,irritabilidade,menstruação_anormal,,,,,,,
Hipertiroidismo,fadiga,alterações_de_humor,perda_de_peso,agitação,sudorese,diarreia,fome_excessiva,fraqueza_muscular,irritabilidade,menstruação_anormal,,,,,,,
Hipertiroidismo,fadiga,alterações_de_humor,perda_de_peso,agitação,sudorese,diarreia,frequência_cardíaca_elevada,fraqueza_muscular,irritabilidade,menstruação_anormal,,,,,,,
Hipoglicemia,vómitos,fadiga,ansiedade,sudorese,dor_de_cabeça,náuseas,visão_turva_e_distorcida,fome_excessiva,discurso_arrastado,irritabilidade,palpitações,,,,,,
Hipoglicemia,vómitos,fadiga,ansiedade,sudorese,dor_de_cabeça,náuseas,visão_turva_e_distorcida,fome_excessiva,lábios_secos_e_com_formigueiro,discurso_arrastado,irritabilidade,palpitações,,,,,
Hipoglicemia,vómitos,fadiga,ansiedade,sudorese,dor_de_cabeça,náuseas,visão_turva_e_distorcida,fome_excessiva,lábios_secos_e_com_formigueiro,discurso_arrastado,irritabilidade,palpitações,,,,,
Hipoglicemia,fadiga,ansiedade,sudorese,dor_de_cabeça,náuseas,visão_turva_e_distorcida,fome_excessiva,lábios_secos_e_com_formigueiro,discurso_arrastado,irritabilidade,palpitações,,,,,,
Hipoglicemia,vómitos,ansiedade,sudorese,dor_de_cabeça,náuseas,visão_turva_e_distorcida,fome_excessiva,lábios_secos_e_com_formigueiro,discurso_arrastado,irritabilidade,palpitações,,,,,,
Hipoglicemia,vómitos,fadiga,sudorese,dor_de_cabeça,náuseas,visão_turva_e_distorcida,fome_excessiva,lábios_secos_e_com_formigueiro,discurso_arrastado,irritabilidade,palpitações,,,,,,
Hipoglicemia,vómitos,fadiga,ansiedade,dor_de_cabeça,náuseas,visão_turva_e_distorcida,fome_excessiva,lábios_secos_e_com_formigueiro,discurso_arrastado,irritabilidade,palpitações,,,,,,
Hipoglicemia,vómitos,fadiga,ansiedade,sudorese,náuseas,visão_turva_e_distorcida,fome_excessiva,lábios_secos_e_com_formigueiro,discurso_arrastado,irritabilidade,palpitações,,,,,,
Hipoglicemia,vómitos,fadiga,ansiedade,sudorese,dor_de_cabeça,visão_turva_e_distorcida,fome_excessiva,lábios_secos_e_com_formigueiro,discurso_arrastado,irritabilidade,palpitações,,,,,,
Hipoglicemia,vómitos,fadiga,ansiedade,sudorese,dor_de_cabeça,náuseas,fome_excessiva,lábios_secos_e_com_formigueiro,discurso_arrastado,irritabilidade,palpitações,,,,,,
Osteoartrite,dor_nas_articulações,dor_no_pescoço,dor_no_joelho,dor_na_articulação_da_anca,inchaço_das_articulações,dor_ao_caminhar,,,,,,,,,,,
Osteoartrite,dor_nas_articulações,dor_no_pescoço,dor_no_joelho,dor_na_articulação_da_anca,inchaço_das_articulações,dor_ao_caminhar,,,,,,,,,,,
Osteoartrite,dor_no_pescoço,dor_no_joelho,dor_na_articulação_da_anca,inchaço_das_articulações,dor_ao_caminhar,,,,,,,,,,,,
Osteoartrite,dor_nas_articulações,dor_no_joelho,dor_na_articulação_da_anca,inchaço_das_articulações,dor_ao_caminhar,,,,,,,,,,,,
Osteoartrite,dor_nas_articulações,dor_no_pescoço,dor_na_articulação_da_anca,inchaço_das_articulações,dor_ao_caminhar,,,,,,,,,,,,
Osteoartrite,dor_nas_articulações,dor_no_pescoço,dor_no_joelho,inchaço_das_articulações,dor_ao_caminhar,,,,,,,,,,,,
Osteoartrite,dor_nas_articulações,dor_no_pescoço,dor_no_joelho,dor_na_articulação_da_anca,dor_ao_caminhar,,,,,,,,,,,,
Osteoartrite,dor_nas_articulações,dor_no_pescoço,dor_no_joelho,dor_na_articulação_da_anca,inchaço_das_articulações,,,,,,,,,,,,
Osteoartrite,dor_nas_articulações,dor_no_pescoço,dor_no_joelho,dor_na_articulação_da_anca,inchaço_das_articulações,dor_ao_caminhar,,,,,,,,,,,
Osteoartrite,dor_nas_articulações,dor_no_pescoço,dor_no_joelho,dor_na_articulação_da_anca,inchaço_das_articulações,dor_ao_caminhar,,,,,,,,,,,
Artrite,fraqueza_muscular,rigidez_cervical,inchaço_das_articulações,rigidez_de_movimentos,dor_ao_caminhar,,,,,,,,,,,,
Artrite,fraqueza_muscular,rigidez_cervical,inchaço_das_articulações,rigidez_de_movimentos,dor_ao_caminhar,,,,,,,,,,,,
Artrite,rigidez_cervical,inchaço_das_articulações,rigidez_de_movimentos,dor_ao_caminhar,,,,,,,,,,,,,
Artrite,fraqueza_muscular,inchaço_das_articulações,rigidez_de_movimentos,dor_ao_caminhar,,,,,,,,,,,,,
Artrite,fraqueza_muscular,rigidez_cervical,rigidez_de_movimentos,dor_ao_caminhar,,,,,,,,,,,,,
Artrite,fraqueza_muscular,rigidez_cervical,inchaço_das_articulações,dor_ao_caminhar,,,,,,,,,,,,,
Artrite,fraqueza_muscular,rigidez_cervical,inchaço_das_articulações,rigidez_de_movimentos,dor_ao_caminhar,,,,,,,,,,,,
Artrite,fraqueza_muscular,rigidez_cervical,inchaço_das_articulações,rigidez_de_movimentos,,,,,,,,,,,,,
Artrite,fraqueza_muscular,rigidez_cervical,inchaço_das_articulações,rigidez_de_movimentos,dor_ao_caminhar,,,,,,,,,,,,
Artrite,fraqueza_muscular,rigidez_cervical,inchaço_das_articulações,rigidez_de_movimentos,dor_ao_caminhar,,,,,,,,,,,,
Vertigem Posicional Paroxística Benigna,vómitos,dor_de_cabeça,náuseas,movimentos_de_rotação,perda_de_equilíbrio,instabilidade,,,,,,,,,,,
Vertigem Posicional Paroxística Benigna,vómitos,dor_de_cabeça,náuseas,movimentos_de_rotação,perda_de_equilíbrio,instabilidade,,,,,,,,,,,
Vertigem Posicional Paroxística Benigna,dor_de_cabeça,náuseas,movimentos_de_rotação,perda_de_equilíbrio,instabilidade,,,,,,,,,,,,
Vertigem Posicional Paroxística Benigna,vómitos,náuseas,movimentos_de_rotação,perda_de_equilíbrio,instabilidade,,,,,,,,,,,,
Vertigem Posicional Paroxística Benigna,vómitos,dor_de_cabeça,movimentos_de_rotação,perda_de_equilíbrio,instabilidade,,,,,,,,,,,,
Vertigem Posicional Paroxística Benigna,vómitos,dor_de_cabeça,náuseas,perda_de_equilíbrio,instabilidade,,,,,,,,,,,,
Vertigem Posicional Paroxística Benigna,vómitos,dor_de_cabeça,náuseas,movimentos_de_rotação,instabilidade,,,,,,,,,,,,
Vertigem Posicional Paroxística Benigna,vómitos,dor_de_cabeça,náuseas,movimentos_de_rotação,perda_de_equilíbrio,,,,,,,,,,,,
Vertigem Posicional Paroxística Benigna,vómitos,dor_de_cabeça,náuseas,movimentos_de_rotação,perda_de_equilíbrio,instabilidade,,,,,,,,,,,
Vertigem Posicional Paroxística Benigna,vómitos,dor_de_cabeça,náuseas,perda_de_equilíbrio,instabilidade,,,,,,,,,,,,
Acne,erupção_cutânea,borbulhas_com_pus,pontos_negros,descamação,,,,,,,,,,,,,
Acne,erupção_cutânea,borbulhas_com_pus,pontos_negros,descamação,,,,,,,,,,,,,
Acne,borbulhas_com_pus,pontos_negros,descamação,,,,,,,,,,,,,,
Acne,erupção_cutânea,pontos_negros,descamação,,,,,,,,,,,,,,
Acne,erupção_cutânea,borbulhas_com_pus,descamação,,,,,,,,,,,,,,
Acne,erupção_cutânea,borbulhas_com_pus,pontos_negros,,,,,,,,,,,,,,
Acne,erupção_cutânea,borbulhas_com_pus,pontos_negros,descamação,,,,,,,,,,,,,
Acne,erupção_cutânea,borbulhas_com_pus,pontos_negros,,,,,,,,,,,,,,
Acne,erupção_cutânea,borbulhas_com_pus,descamação,,,,,,,,,,,,,,
Acne,erupção_cutânea,pontos_negros,descamação,,,,,,,,,,,,,,
Infeção do Trato Urinário,micção_ardente,desconforto_na_bexiga,odor_fétido_na_urina,sensação_contínua_de_urinar,,,,,,,,,,,,,
Infeção do Trato Urinário,micção_ardente,desconforto_na_bexiga,odor_fétido_na_urina,sensação_contínua_de_urinar,,,,,,,,,,,,,
Infeção do Trato Urinário,desconforto_na_bexiga,odor_fétido_na_urina,sensação_contínua_de_urinar,,,,,,,,,,,,,,
Infeção do Trato Urinário,micção_ardente,odor_fétido_na_urina,sensação_contínua_de_urinar,,,,,,,,,,,,,,
Infeção do Trato Urinário,micção_ardente,desconforto_na_bexiga,sensação_contínua_de_urinar,,,,,,,,,,,,,,
Infeção do Trato Urinário,micção_ardente,desconforto_na_bexiga,odor_fétido_na_urina,,,,,,,,,,,,,,
Infeção do Trato Urinário,micção_ardente,desconforto_na_bexiga,odor_fétido_na_urina,sensação_contínua_de_urinar,,,,,,,,,,,,,
Infeção do Trato Urinário,micção_ardente,desconforto_na_bexiga,sensação_contínua_de_urinar,,,,,,,,,,,,,,
Infeção do Trato Urinário,desconforto_na_bexiga,odor_fétido_na_urina,sensação_contínua_de_urinar,,,,,,,,,,,,,,
Infeção do Trato Urinário,micção_ardente,desconforto_na_bexiga,sensação_contínua_de_urinar,,,,,,,,,,,,,,
Psoríase,erupção_cutânea,dor_nas_articulações,descamação_da_pele,aspeto_prateado_na_pele,pequenas_depressões_nas_unhas,unhas_inflamadas,,,,,,,,,,,
Psoríase,erupção_cutânea,dor_nas_articulações,descamação_da_pele,aspeto_prateado_na_pele,pequenas_depressões_nas_unhas,unhas_inflamadas,,,,,,,,,,,
Psoríase,dor_nas_articulações,descamação_da_pele,aspeto_prateado_na_pele,pequenas_depressões_nas_unhas,unhas_inflamadas,,,,,,,,,,,,
Psoríase,erupção_cutânea,descamação_da_pele,aspeto_prateado_na_pele,pequenas_depressões_nas_unhas,unhas_inflamadas,,,,,,,,,,,,
Psoríase,erupção_cutânea,dor_nas_articulações,aspeto_prateado_na_pele,pequenas_depressões_nas_unhas,unhas_inflamadas,,,,,,,,,,,,
Psoríase,erupção_cutânea,dor_nas_articulações,descamação_da_pele,pequenas_depressões_nas_unhas,unhas_inflamadas,,,,,,,,,,,,
Psoríase,erupção_cutânea,dor_nas_articulações,descamação_da_pele,aspeto_prateado_na_pele,unhas_inflamadas,,,,,,,,,,,,
Psoríase,erupção_cutânea,dor_nas_articulações,descamação_da_pele,aspeto_prateado_na_pele,pequenas_depressões_nas_unhas,,,,,,,,,,,,
Psoríase,erupção_cutânea,dor_nas_articulações,descamação_da_pele,aspeto_prateado_na_pele,pequenas_depressões_nas_unhas,unhas_inflamadas,,,,,,,,,,,
Psoríase,erupção_cutânea,dor_nas_articulações,descamação_da_pele,aspeto_prateado_na_pele,pequenas_depressões_nas_unhas,unhas_inflamadas,,,,,,,,,,,
Impétigo,erupção_cutânea,febre_alta,bolha,ferida_vermelha_à_volta_do_nariz,crostas_amarelas_com_exsudado,,,,,,,,,,,,
Impétigo,erupção_cutânea,febre_alta,bolha,ferida_vermelha_à_volta_do_nariz,crostas_amarelas_com_exsudado,,,,,,,,,,,,
Impétigo,febre_alta,bolha,ferida_vermelha_à_volta_do_nariz,crostas_amarelas_com_exsudado,,,,,,,,,,,,,
Impétigo,erupção_cutânea,bolha,ferida_vermelha_à_volta_do_nariz,crostas_amarelas_com_exsudado,,,,,,,,,,,,,
Impétigo,erupção_cutânea,bolha,ferida_vermelha_à_volta_do_nariz,crostas_amarelas_com_exsudado,,,,,,,,,,,,,
Impétigo,erupção_cutânea,febre_alta,ferida_vermelha_à_volta_do_nariz,crostas_amarelas_com_exsudado,,,,,,,,,,,,,
Impétigo,erupção_cutânea,febre_alta,bolha,crostas_amarelas_com_exsudado,,,,,,,,,,,,,
Impétigo,erupção_cutânea,febre_alta,bolha,ferida_vermelha_à_volta_do_nariz,,,,,,,,,,,,,
Impétigo,erupção_cutânea,febre_alta,bolha,ferida_vermelha_à_volta_do_nariz,crostas_amarelas_com_exsudado,,,,,,,,,,,,
Impétigo,erupção_cutânea,bolha,ferida_vermelha_à_volta_do_nariz,crostas_amarelas_com_exsudado,,,,,,,,,,,,,
Infeção Fúngica,comichão,erupção_cutânea,erupções_cutâneas_nodulares,manchas_discrómicas,,,,,,,,,,,,,
Alergia,espirros_contínuos,tremores,arrepios,lacrimejo,,,,,,,,,,,,,
DRGE,dor_de_estômago,acidez,úlceras_na_língua,vómitos,tosse,dor_no_peito,,,,,,,,,,,
Colestase Crónica,comichão,vómitos,pele_amarelada,náuseas,perda_de_apetite,dor_abdominal,amarelecimento_dos_olhos,,,,,,,,,,
Reação a Medicamentos,comichão,erupção_cutânea,dor_de_estômago,micção_ardente,perdas_urinárias,,,,,,,,,,,,
Úlcera Péptica,vómitos,indigestão,perda_de_apetite,dor_abdominal,passagem_de_gases,comichão_interna,,,,,,,,,,,
SIDA,atrofia_muscular,manchas_na_garganta,febre_alta,contactos_extraconjugais,,,,,,,,,,,,,
Diabetes,fadiga,perda_de_peso,agitação,letargia,nível_de_açúcar_irregular,visão_turva_e_distorcida,obesidade,fome_excessiva,apetite_aumentado,poliúria,,,,,,,
Gastroenterite,vómitos,olhos_encovados,desidratação,diarreia,,,,,,,,,,,,,
Asma Brônquica,fadiga,tosse,febre_alta,falta_de_ar,historial_familiar,expetoração_mucoide,,,,,,,,,,,
Hipertensão,dor_de_cabeça,dor_no_peito,tonturas,perda_de_equilíbrio,falta_de_concentração,,,,,,,,,,,,
Enxaqueca,acidez,indigestão,dor_de_cabeça,visão_turva_e_distorcida,fome_excessiva,rigidez_cervical,depressão,irritabilidade,perturbações_visuais,,,,,,,,
Espondilose Cervical,dor_nas_costas,fraqueza_nos_membros,dor_no_pescoço,tonturas,perda_de_equilíbrio,,,,,,,,,,,,
Paralisia (Hemorragia Cerebral),vómitos,dor_de_cabeça,fraqueza_num_lado_do_corpo,alteração_do_sensório,,,,,,,,,,,,,
Icterícia,comichão,vómitos,fadiga,perda_de_peso,febre_alta,pele_amarelada,urina_escura,dor_abdominal,,,,,,,,,
Malária,arrepios,vómitos,febre_alta,sudorese,dor_de_cabeça,náuseas,diarreia,dor_muscular,,,,,,,,,
Varicela,comichão,erupção_cutânea,fadiga,letargia,febre_alta,dor_de_cabeça,perda_de_apetite,febre_ligeira,gânglios_linfáticos_inchados,mal_estar,manchas_vermelhas_pelo_corpo,,,,,,
Dengue,erupção_cutânea,arrepios,dor_nas_articulações,vómitos,fadiga,febre_alta,dor_de_cabeça,náuseas,perda_de_apetite,dor_atrás_dos_olhos,dor_nas_costas,mal_estar,dor_muscular,manchas_vermelhas_pelo_corpo,,,
Febre Tifóide,arrepios,vómitos,fadiga,febre_alta,dor_de_cabeça,náuseas,obstipação,dor_abdominal,diarreia,aspeto_tóxico_(tifo),dor_na_barriga,,,,,,
Hepatite A,dor_nas_articulações,vómitos,pele_amarelada,urina_escura,náuseas,perda_de_apetite,dor_abdominal,diarreia,febre_ligeira,amarelecimento_dos_olhos,dor_muscular,,,,,,
Hepatite B,comichão,fadiga,letargia,pele_amarelada,urina_escura,perda_de_apetite,dor_abdominal,urina_amarela,amarelecimento_dos_olhos,mal_estar,receção_de_transfusão_de_sangue,receção_de_injeções_não_esterilizadas,,,,,
Hepatite C,fadiga,pele_amarelada,náuseas,perda_de_apetite,amarelecimento_dos_olhos,historial_familiar,,,,,,,,,,,
Hepatite D,dor_nas_articulações,vómitos,fadiga,pele_amarelada,urina_escura,náuseas,perda_de_apetite,dor_abdominal,amarelecimento_dos_olhos,,,,,,,,
Hepatite E,dor_nas_articulações,vómitos,fadiga,febre_alta,pele_amarelada,urina_escura,náuseas,perda_de_apetite,dor_abdominal,amarelecimento_dos_olhos,insuficiência_hepática_aguda,coma,hemorragia_gástrica,,,,
Hepatite Alcoólica,vómitos,pele_amarelada,dor_abdominal,inchaço_do_estômago,distensão_abdominal,historial_de_consumo_de_álcool,sobrecarga_de_fluidos,,,,,,,,,,
Tuberculose,arrepios,vómitos,fadiga,perda_de_peso,tosse,febre_alta,falta_de_ar,sudorese,perda_de_apetite,febre_ligeira,amarelecimento_dos_olhos,gânglios_linfáticos_inchados,mal_estar,fleuma,dor_no_peito,sangue_na_expetoração,
Constipação Comum,espirros_contínuos,arrepios,fadiga,tosse,febre_alta,dor_de_cabeça,gânglios_linfáticos_inchados,mal_estar,fleuma,irritação_da_garganta,vermelhidão_dos_olhos,pressão_sinusal,nariz_a_pingar,congestão,dor_no_peito,perda_de_olfato,dor_muscular
Pneumonia,arrepios,fadiga,tosse,febre_alta,falta_de_ar,sudorese,mal_estar,fleuma,dor_no_peito,frequência_cardíaca_elevada,expetoração_ferruginosa,,,,,,
Hemorroidas Dimórficas,obstipação,dor_durante_a_defecação,dor_na_região_anal,fezes_com_sangue,irritação_no_ânus,,,,,,,,,,,,
Ataque Cardíaco,vómitos,falta_de_ar,sudorese,dor_no_peito,,,,,,,,,,,,,
Varizes,fadiga,cãibras,equimoses,obesidade,pernas_inchadas,vasos_sanguíneos_dilatados,veias_proeminentes_na_barriga_da_perna,,,,,,,,,,
Hipotiroidismo,fadiga,aumento_de_peso,mãos_e_pés_frios,alterações_de_humor,letargia,tonturas,rosto_e_olhos_inchados,tiróide_aumentada,unhas_frágeis,extremidades_inchadas,depressão,irritabilidade,menstruação_anormal,,,,
Hipertiroidismo,fadiga,alterações_de_humor,perda_de_peso,agitação,sudorese,diarreia,frequência_cardíaca_elevada,fome_excessiva,fraqueza_muscular,irritabilidade,menstruação_anormal,,,,,,
Hipoglicemia,vómitos,fadiga,ansiedade,sudorese,dor_de_cabeça,náuseas,visão_turva_e_distorcida,fome_excessiva,lábios_secos_e_com_formigueiro,discurso_arrastado,irritabilidade,palpitações,,,,,
Osteoartrite,dor_nas_articulações,dor_no_pescoço,dor_no_joelho,dor_na_articulação_da_anca,inchaço_das_articulações,dor_ao_caminhar,,,,,,,,,,,
Artrite,fraqueza_muscular,rigidez_cervical,inchaço_das_articulações,rigidez_de_movimentos,dor_ao_caminhar,,,,,,,,,,,,
Vertigem Posicional Paroxística Benigna,vómitos,dor_de_cabeça,náuseas,movimentos_de_rotação,perda_de_equilíbrio,instabilidade,,,,,,,,,,,
Acne,erupção_cutânea,borbulhas_com_pus,pontos_negros,descamação,,,,,,,,,,,,,
Infeção do Trato Urinário,micção_ardente,desconforto_na_bexiga,odor_fétido_na_urina,sensação_contínua_de_urinar,,,,,,,,,,,,,
Psoríase,erupção_cutânea,dor_nas_articulações,descamação_da_pele,aspeto_prateado_na_pele,pequenas_depressões_nas_unhas,unhas_inflamadas,,,,,,,,,,,
Impétigo,erupção_cutânea,febre_alta,bolha,ferida_vermelha_à_volta_do_nariz,crostas_amarelas_com_exsudado,,,,,,,,,,,,
Infeção Fúngica,comichão,erupção_cutânea,erupções_cutâneas_nodulares,manchas_discrómicas,,,,,,,,,,,,,
Alergia,espirros_contínuos,tremores,arrepios,lacrimejo,,,,,,,,,,,,,
DRGE,dor_de_estômago,acidez,úlceras_na_língua,vómitos,tosse,dor_no_peito,,,,,,,,,,,
Colestase Crónica,comichão,vómitos,pele_amarelada,náuseas,perda_de_apetite,dor_abdominal,amarelecimento_dos_olhos,,,,,,,,,,
Reação a Medicamentos,comichão,erupção_cutânea,dor_de_estômago,micção_ardente,perdas_urinárias,,,,,,,,,,,,
Úlcera Péptica,vómitos,indigestão,perda_de_apetite,dor_abdominal,passagem_de_gases,comichão_interna,,,,,,,,,,,
SIDA,atrofia_muscular,manchas_na_garganta,febre_alta,contactos_extraconjugais,,,,,,,,,,,,,
Diabetes,fadiga,perda_de_peso,agitação,letargia,nível_de_açúcar_irregular,visão_turva_e_distorcida,obesidade,fome_excessiva,apetite_aumentado,poliúria,,,,,,,
Gastroenterite,vómitos,olhos_encovados,desidratação,diarreia,,,,,,,,,,,,,
Asma Brônquica,fadiga,tosse,febre_alta,falta_de_ar,historial_familiar,expetoração_mucoide,,,,,,,,,,,
Hipertensão,dor_de_cabeça,dor_no_peito,tonturas,perda_de_equilíbrio,falta_de_concentração,,,,,,,,,,,,
Enxaqueca,acidez,indigestão,dor_de_cabeça,visão_turva_e_distorcida,fome_excessiva,rigidez_cervical,depressão,irritabilidade,perturbações_visuais,,,,,,,,
Espondilose Cervical,dor_nas_costas,fraqueza_nos_membros,dor_no_pescoço,tonturas,perda_de_equilíbrio,,,,,,,,,,,,
Paralisia (Hemorragia Cerebral),vómitos,dor_de_cabeça,fraqueza_num_lado_do_corpo,alteração_do_sensório,,,,,,,,,,,,,
Icterícia,comichão,vómitos,fadiga,perda_de_peso,febre_alta,pele_amarelada,urina_escura,dor_abdominal,,,,,,,,,
Malária,arrepios,vómitos,febre_alta,sudorese,dor_de_cabeça,náuseas,diarreia,dor_muscular,,,,,,,,,
Varicela,comichão,erupção_cutânea,fadiga,letargia,febre_alta,dor_de_cabeça,perda_de_apetite,febre_ligeira,gânglios_linfáticos_inchados,mal_estar,manchas_vermelhas_pelo_corpo,,,,,,
Dengue,erupção_cutânea,arrepios,dor_nas_articulações,vómitos,fadiga,febre_alta,dor_de_cabeça,náuseas,perda_de_apetite,dor_atrás_dos_olhos,dor_nas_costas,mal_estar,dor_muscular,manchas_vermelhas_pelo_corpo,,,
Febre Tifóide,arrepios,vómitos,fadiga,febre_alta,dor_de_cabeça,náuseas,obstipação,dor_abdominal,diarreia,aspeto_tóxico_(tifo),dor_na_barriga,,,,,,
Hepatite A,dor_nas_articulações,vómitos,pele_amarelada,urina_escura,náuseas,perda_de_apetite,dor_abdominal,diarreia,febre_ligeira,amarelecimento_dos_olhos,dor_muscular,,,,,,
Hepatite B,comichão,fadiga,letargia,pele_amarelada,urina_escura,perda_de_apetite,dor_abdominal,urina_amarela,amarelecimento_dos_olhos,mal_estar,receção_de_transfusão_de_sangue,receção_de_injeções_não_esterilizadas,,,,,
Hepatite C,fadiga,pele_amarelada,náuseas,perda_de_apetite,amarelecimento_dos_olhos,historial_familiar,,,,,,,,,,,
Hepatite D,dor_nas_articulações,vómitos,fadiga,pele_amarelada,urina_escura,náuseas,perda_de_apetite,dor_abdominal,amarelecimento_dos_olhos,,,,,,,,
Hepatite E,dor_nas_articulações,vómitos,fadiga,febre_alta,pele_amarelada,urina_escura,náuseas,perda_de_apetite,dor_abdominal,amarelecimento_dos_olhos,insuficiência_hepática_aguda,coma,hemorragia_gástrica,,,,
Hepatite Alcoólica,vómitos,pele_amarelada,dor_abdominal,inchaço_do_estômago,distensão_abdominal,historial_de_consumo_de_álcool,sobrecarga_de_fluidos,,,,,,,,,,
Tuberculose,arrepios,vómitos,fadiga,perda_de_peso,tosse,febre_alta,falta_de_ar,sudorese,perda_de_apetite,febre_ligeira,amarelecimento_dos_olhos,gânglios_linfáticos_inchados,mal_estar,fleuma,dor_no_peito,sangue_na_expetoração,
Constipação Comum,espirros_contínuos,arrepios,fadiga,tosse,febre_alta,dor_de_cabeça,gânglios_linfáticos_inchados,mal_estar,fleuma,irritação_da_garganta,vermelhidão_dos_olhos,pressão_sinusal,nariz_a_pingar,congestão,dor_no_peito,perda_de_olfato,dor_muscular
Pneumonia,arrepios,fadiga,tosse,febre_alta,falta_de_ar,sudorese,mal_estar,fleuma,dor_no_peito,frequência_cardíaca_elevada,expetoração_ferruginosa,,,,,,
Hemorroidas Dimórficas,obstipação,dor_durante_a_defecação,dor_na_região_anal,fezes_com_sangue,irritação_no_ânus,,,,,,,,,,,,
Ataque Cardíaco,vómitos,falta_de_ar,sudorese,dor_no_peito,,,,,,,,,,,,,
Varizes,fadiga,cãibras,equimoses,obesidade,pernas_inchadas,vasos_sanguíneos_dilatados,veias_proeminentes_na_barriga_da_perna,,,,,,,,,,
Hipotiroidismo,fadiga,aumento_de_peso,mãos_e_pés_frios,alterações_de_humor,letargia,tonturas,rosto_e_olhos_inchados,tiróide_aumentada,unhas_frágeis,extremidades_inchadas,depressão,irritabilidade,menstruação_anormal,,,,
Hipertiroidismo,fadiga,alterações_de_humor,perda_de_peso,agitação,sudorese,diarreia,frequência_cardíaca_elevada,fome_excessiva,fraqueza_muscular,irritabilidade,menstruação_anormal,,,,,,
Hipoglicemia,vómitos,fadiga,ansiedade,sudorese,dor_de_cabeça,náuseas,visão_turva_e_distorcida,fome_excessiva,lábios_secos_e_com_formigueiro,discurso_arrastado,irritabilidade,palpitações,,,,,
Osteoartrite,dor_nas_articulações,dor_no_pescoço,dor_no_joelho,dor_na_articulação_da_anca,inchaço_das_articulações,dor_ao_caminhar,,,,,,,,,,,
Artrite,fraqueza_muscular,rigidez_cervical,inchaço_das_articulações,rigidez_de_movimentos,dor_ao_caminhar,,,,,,,,,,,,
Vertigem Posicional Paroxística Benigna,vómitos,dor_de_cabeça,náuseas,movimentos_de_rotação,perda_de_equilíbrio,instabilidade,,,,,,,,,,,
Acne,erupção_cutânea,borbulhas_com_pus,pontos_negros,descamação,,,,,,,,,,,,,
Infeção do Trato Urinário,micção_ardente,desconforto_na_bexiga,odor_fétido_na_urina,sensação_contínua_de_urinar,,,,,,,,,,,,,
Psoríase,erupção_cutânea,dor_nas_articulações,descamação_da_pele,aspeto_prateado_na_pele,pequenas_depressões_nas_unhas,unhas_inflamadas,,,,,,,,,,,
Impétigo,erupção_cutânea,febre_alta,bolha,ferida_vermelha_à_volta_do_nariz,crostas_amarelas_com_exsudado,,,,,,,,,,,,
Infeção Fúngica,comichão,erupção_cutânea,erupções_cutâneas_nodulares,manchas_discrómicas,,,,,,,,,,,,,
Alergia,espirros_contínuos,tremores,arrepios,lacrimejo,,,,,,,,,,,,,
DRGE,dor_de_estômago,acidez,úlceras_na_língua,vómitos,tosse,dor_no_peito,,,,,,,,,,,
Colestase Crónica,comichão,vómitos,pele_amarelada,náuseas,perda_de_apetite,dor_abdominal,amarelecimento_dos_olhos,,,,,,,,,,
Reação a Medicamentos,comichão,erupção_cutânea,dor_de_estômago,micção_ardente,perdas_urinárias,,,,,,,,,,,,
Úlcera Péptica,vómitos,indigestão,perda_de_apetite,dor_abdominal,passagem_de_gases,comichão_interna,,,,,,,,,,,
SIDA,atrofia_muscular,manchas_na_garganta,febre_alta,contactos_extraconjugais,,,,,,,,,,,,,
Diabetes,fadiga,perda_de_peso,agitação,letargia,nível_de_açúcar_irregular,visão_turva_e_distorcida,obesidade,fome_excessiva,apetite_aumentado,poliúria,,,,,,,
Gastroenterite,vómitos,olhos_encovados,desidratação,diarreia,,,,,,,,,,,,,
Asma Brônquica,fadiga,tosse,febre_alta,falta_de_ar,historial_familiar,expetoração_mucoide,,,,,,,,,,,
Hipertensão,dor_de_cabeça,dor_no_peito,tonturas,perda_de_equilíbrio,falta_de_concentração,,,,,,,,,,,,
Enxaqueca,acidez,indigestão,dor_de_cabeça,visão_turva_e_distorcida,fome_excessiva,rigidez_cervical,depressão,irritabilidade,perturbações_visuais,,,,,,,,
Espondilose Cervical,dor_nas_costas,fraqueza_nos_membros,dor_no_pescoço,tonturas,perda_de_equilíbrio,,,,,,,,,,,,
Paralisia (Hemorragia Cerebral),vómitos,dor_de_cabeça,fraqueza_num_lado_do_corpo,alteração_do_sensório,,,,,,,,,,,,,
Icterícia,comichão,vómitos,fadiga,perda_de_peso,febre_alta,pele_amarelada,urina_escura,dor_abdominal,,,,,,,,,
Malária,arrepios,vómitos,febre_alta,sudorese,dor_de_cabeça,náuseas,diarreia,dor_muscular,,,,,,,,,
Varicela,comichão,erupção_cutânea,fadiga,letargia,febre_alta,dor_de_cabeça,perda_de_apetite,febre_ligeira,gânglios_linfáticos_inchados,mal_estar,manchas_vermelhas_pelo_corpo,,,,,,
Dengue,erupção_cutânea,arrepios,dor_nas_articulações,vómitos,fadiga,febre_alta,dor_de_cabeça,náuseas,perda_de_apetite,dor_atrás_dos_olhos,dor_nas_costas,mal_estar,dor_muscular,manchas_vermelhas_pelo_corpo,,,
Febre Tifóide,arrepios,vómitos,fadiga,febre_alta,dor_de_cabeça,náuseas,obstipação,dor_abdominal,diarreia,aspeto_tóxico_(tifo),dor_na_barriga,,,,,,
Hepatite A,dor_nas_articulações,vómitos,pele_amarelada,urina_escura,náuseas,perda_de_apetite,dor_abdominal,diarreia,febre_ligeira,amarelecimento_dos_olhos,dor_muscular,,,,,,
Hepatite B,comichão,fadiga,letargia,pele_amarelada,urina_escura,perda_de_apetite,dor_abdominal,urina_amarela,amarelecimento_dos_olhos,mal_estar,receção_de_transfusão_de_sangue,receção_de_injeções_não_esterilizadas,,,,,
Hepatite C,fadiga,pele_amarelada,náuseas,perda_de_apetite,amarelecimento_dos_olhos,historial_familiar,,,,,,,,,,,
Hepatite D,dor_nas_articulações,vómitos,fadiga,pele_amarelada,urina_escura,náuseas,perda_de_apetite,dor_abdominal,amarelecimento_dos_olhos,,,,,,,,
Hepatite E,dor_nas_articulações,vómitos,fadiga,febre_alta,pele_amarelada,urina_escura,náuseas,perda_de_apetite,dor_abdominal,amarelecimento_dos_olhos,insuficiência_hepática_aguda,coma,hemorragia_gástrica,,,,
Hepatite Alcoólica,vómitos,pele_amarelada,dor_abdominal,inchaço_do_estômago,distensão_abdominal,historial_de_consumo_de_álcool,sobrecarga_de_fluidos,,,,,,,,,,
Tuberculose,arrepios,vómitos,fadiga,perda_de_peso,tosse,febre_alta,falta_de_ar,sudorese,perda_de_apetite,febre_ligeira,amarelecimento_dos_olhos,gânglios_linfáticos_inchados,mal_estar,fleuma,dor_no_peito,sangue_na_expetoração,
Constipação Comum,espirros_contínuos,arrepios,fadiga,tosse,febre_alta,dor_de_cabeça,gânglios_linfáticos_inchados,mal_estar,fleuma,irritação_da_garganta,vermelhidão_dos_olhos,pressão_sinusal,nariz_a_pingar,congestão,dor_no_peito,perda_de_olfato,dor_muscular
Pneumonia,arrepios,fadiga,tosse,febre_alta,falta_de_ar,sudorese,mal_estar,fleuma,dor_no_peito,frequência_cardíaca_elevada,expetoração_ferruginosa,,,,,,
Hemorroidas Dimórficas,obstipação,dor_durante_a_defecação,dor_na_região_anal,fezes_com_sangue,irritação_no_ânus,,,,,,,,,,,,
Ataque Cardíaco,vómitos,falta_de_ar,sudorese,dor_no_peito,,,,,,,,,,,,,
Varizes,fadiga,cãibras,equimoses,obesidade,pernas_inchadas,vasos_sanguíneos_dilatados,veias_proeminentes_na_barriga_da_perna,,,,,,,,,,
Hipotiroidismo,fadiga,aumento_de_peso,mãos_e_pés_frios,alterações_de_humor,letargia,tonturas,rosto_e_olhos_inchados,tiróide_aumentada,unhas_frágeis,extremidades_inchadas,depressão,irritabilidade,menstruação_anormal,,,,
Hipertiroidismo,fadiga,alterações_de_humor,perda_de_peso,agitação,sudorese,diarreia,frequência_cardíaca_elevada,fome_excessiva,fraqueza_muscular,irritabilidade,menstruação_anormal,,,,,,
Hipoglicemia,vómitos,fadiga,ansiedade,sudorese,dor_de_cabeça,náuseas,visão_turva_e_distorcida,fome_excessiva,lábios_secos_e_com_formigueiro,discurso_arrastado,irritabilidade,palpitações,,,,,
Osteoartrite,dor_nas_articulações,dor_no_pescoço,dor_no_joelho,dor_na_articulação_da_anca,inchaço_das_articulações,dor_ao_caminhar,,,,,,,,,,,
Artrite,fraqueza_muscular,rigidez_cervical,inchaço_das_articulações,rigidez_de_movimentos,dor_ao_caminhar,,,,,,,,,,,,
Vertigem Posicional Paroxística Benigna,vómitos,dor_de_cabeça,náuseas,movimentos_de_rotação,perda_de_equilíbrio,instabilidade,,,,,,,,,,,
Acne,erupção_cutânea,borbulhas_com_pus,pontos_negros,descamação,,,,,,,,,,,,,
Infeção do Trato Urinário,micção_ardente,desconforto_na_bexiga,odor_fétido_na_urina,sensação_contínua_de_urinar,,,,,,,,,,,,,
Psoríase,erupção_cutânea,dor_nas_articulações,descamação_da_pele,aspeto_prateado_na_pele,pequenas_depressões_nas_unhas,unhas_inflamadas,,,,,,,,,,,
Impétigo,erupção_cutânea,febre_alta,bolha,ferida_vermelha_à_volta_do_nariz,crostas_amarelas_com_exsudado,,,,,,,,,,,,
Infeção Fúngica,comichão,erupção_cutânea,erupções_cutâneas_nodulares,manchas_discrómicas,,,,,,,,,,,,,
Alergia,espirros_contínuos,tremores,arrepios,lacrimejo,,,,,,,,,,,,,
DRGE,dor_de_estômago,acidez,úlceras_na_língua,vómitos,tosse,dor_no_peito,,,,,,,,,,,
Colestase Crónica,comichão,vómitos,pele_amarelada,náuseas,perda_de_apetite,dor_abdominal,amarelecimento_dos_olhos,,,,,,,,,,
Reação a Medicamentos,comichão,erupção_cutânea,dor_de_estômago,micção_ardente,perdas_urinárias,,,,,,,,,,,,
Úlcera Péptica,vómitos,indigestão,perda_de_apetite,dor_abdominal,passagem_de_gases,comichão_interna,,,,,,,,,,,
SIDA,atrofia_muscular,manchas_na_garganta,febre_alta,contactos_extraconjugais,,,,,,,,,,,,,
Diabetes,fadiga,perda_de_peso,agitação,letargia,nível_de_açúcar_irregular,visão_turva_e_distorcida,obesidade,fome_excessiva,apetite_aumentado,poliúria,,,,,,,
Gastroenterite,vómitos,olhos_encovados,desidratação,diarreia,,,,,,,,,,,,,
Asma Brônquica,fadiga,tosse,febre_alta,falta_de_ar,historial_familiar,expetoração_mucoide,,,,,,,,,,,
Hipertensão,dor_de_cabeça,dor_no_peito,tonturas,perda_de_equilíbrio,falta_de_concentração,,,,,,,,,,,,
Enxaqueca,acidez,indigestão,dor_de_cabeça,visão_turva_e_distorcida,fome_excessiva,rigidez_cervical,depressão,irritabilidade,perturbações_visuais,,,,,,,,
Espondilose Cervical,dor_nas_costas,fraqueza_nos_membros,dor_no_pescoço,tonturas,perda_de_equilíbrio,,,,,,,,,,,,
Paralisia (Hemorragia Cerebral),vómitos,dor_de_cabeça,fraqueza_num_lado_do_corpo,alteração_do_sensório,,,,,,,,,,,,,
Icterícia,comichão,vómitos,fadiga,perda_de_peso,febre_alta,pele_amarelada,urina_escura,dor_abdominal,,,,,,,,,
Malária,arrepios,vómitos,febre_alta,sudorese,dor_de_cabeça,náuseas,diarreia,dor_muscular,,,,,,,,,
Varicela,comichão,erupção_cutânea,fadiga,letargia,febre_alta,dor_de_cabeça,perda_de_apetite,febre_ligeira,gânglios_linfáticos_inchados,mal_estar,manchas_vermelhas_pelo_corpo,,,,,,
Dengue,erupção_cutânea,arrepios,dor_nas_articulações,vómitos,fadiga,febre_alta,dor_de_cabeça,náuseas,perda_de_apetite,dor_atrás_dos_olhos,dor_nas_costas,mal_estar,dor_muscular,manchas_vermelhas_pelo_corpo,,,
Febre Tifóide,arrepios,vómitos,fadiga,febre_alta,dor_de_cabeça,náuseas,obstipação,dor_abdominal,diarreia,aspeto_tóxico_(tifo),dor_na_barriga,,,,,,
Hepatite A,dor_nas_articulações,vómitos,pele_amarelada,urina_escura,náuseas,perda_de_apetite,dor_abdominal,diarreia,febre_ligeira,amarelecimento_dos_olhos,dor_muscular,,,,,,
Hepatite B,comichão,fadiga,letargia,pele_amarelada,urina_escura,perda_de_apetite,dor_abdominal,urina_amarela,amarelecimento_dos_olhos,mal_estar,receção_de_transfusão_de_sangue,receção_de_injeções_não_esterilizadas,,,,,
Hepatite C,fadiga,pele_amarelada,náuseas,perda_de_apetite,amarelecimento_dos_olhos,historial_familiar,,,,,,,,,,,
Hepatite D,dor_nas_articulações,vómitos,fadiga,pele_amarelada,urina_escura,náuseas,perda_de_apetite,dor_abdominal,amarelecimento_dos_olhos,,,,,,,,
Hepatite E,dor_nas_articulações,vómitos,fadiga,febre_alta,pele_amarelada,urina_escura,náuseas,perda_de_apetite,dor_abdominal,amarelecimento_dos_olhos,insuficiência_hepática_aguda,coma,hemorragia_gástrica,,,,
Hepatite Alcoólica,vómitos,pele_amarelada,dor_abdominal,inchaço_do_estômago,distensão_abdominal,historial_de_consumo_de_álcool,sobrecarga_de_fluidos,,,,,,,,,,
Tuberculose,arrepios,vómitos,fadiga,perda_de_peso,tosse,febre_alta,falta_de_ar,sudorese,perda_de_apetite,febre_ligeira,amarelecimento_dos_olhos,gânglios_linfáticos_inchados,mal_estar,fleuma,dor_no_peito,sangue_na_expetoração,
Constipação Comum,espirros_contínuos,arrepios,fadiga,tosse,febre_alta,dor_de_cabeça,gânglios_linfáticos_inchados,mal_estar,fleuma,irritação_da_garganta,vermelhidão_dos_olhos,pressão_sinusal,nariz_a_pingar,congestão,dor_no_peito,perda_de_olfato,dor_muscular
Pneumonia,arrepios,fadiga,tosse,febre_alta,falta_de_ar,sudorese,mal_estar,fleuma,dor_no_peito,frequência_cardíaca_elevada,expetoração_ferruginosa,,,,,,
Hemorroidas Dimórficas,obstipação,dor_durante_a_defecação,dor_na_região_anal,fezes_com_sangue,irritação_no_ânus,,,,,,,,,,,,
Ataque Cardíaco,vómitos,falta_de_ar,sudorese,dor_no_peito,,,,,,,,,,,,,
Varizes,fadiga,cãibras,equimoses,obesidade,pernas_inchadas,vasos_sanguíneos_dilatados,veias_proeminentes_na_barriga_da_perna,,,,,,,,,,
Hipotiroidismo,fadiga,aumento_de_peso,mãos_e_pés_frios,alterações_de_humor,letargia,tonturas,rosto_e_olhos_inchados,tiróide_aumentada,unhas_frágeis,extremidades_inchadas,depressão,irritabilidade,menstruação_anormal,,,,
Hipertiroidismo,fadiga,alterações_de_humor,perda_de_peso,agitação,sudorese,diarreia,frequência_cardíaca_elevada,fome_excessiva,fraqueza_muscular,irritabilidade,menstruação_anormal,,,,,,
Hipoglicemia,vómitos,fadiga,ansiedade,sudorese,dor_de_cabeça,náuseas,visão_turva_e_distorcida,fome_excessiva,lábios_secos_e_com_formigueiro,discurso_arrastado,irritabilidade,palpitações,,,,,
Osteoartrite,dor_nas_articulações,dor_no_pescoço,dor_no_joelho,dor_na_articulação_da_anca,inchaço_das_articulações,dor_ao_caminhar,,,,,,,,,,,
Artrite,fraqueza_muscular,rigidez_cervical,inchaço_das_articulações,rigidez_de_movimentos,dor_ao_caminhar,,,,,,,,,,,,
Vertigem Posicional Paroxística Benigna,vómitos,dor_de_cabeça,náuseas,movimentos_de_rotação,perda_de_equilíbrio,instabilidade,,,,,,,,,,,
Acne,erupção_cutânea,borbulhas_com_pus,pontos_negros,descamação,,,,,,,,,,,,,
Infeção do Trato Urinário,micção_ardente,desconforto_na_bexiga,odor_fétido_na_urina,sensação_contínua_de_urinar,,,,,,,,,,,,,
Psoríase,erupção_cutânea,dor_nas_articulações,descamação_da_pele,aspeto_prateado_na_pele,pequenas_depressões_nas_unhas,unhas_inflamadas,,,,,,,,,,,
Impétigo,erupção_cutânea,febre_alta,bolha,ferida_vermelha_à_volta_do_nariz,crostas_amarelas_com_exsudado,,,,,,,,,,,,
Infeção Fúngica,comichão,erupção_cutânea,erupções_cutâneas_nodulares,manchas_discrómicas,,,,,,,,,,,,,
Alergia,espirros_contínuos,tremores,arrepios,lacrimejo,,,,,,,,,,,,,
DRGE,dor_de_estômago,acidez,úlceras_na_língua,vómitos,tosse,dor_no_peito,,,,,,,,,,,
Colestase Crónica,comichão,vómitos,pele_amarelada,náuseas,perda_de_apetite,dor_abdominal,amarelecimento_dos_olhos,,,,,,,,,,
Reação a Medicamentos,comichão,erupção_cutânea,dor_de_estômago,micção_ardente,perdas_urinárias,,,,,,,,,,,,
Úlcera Péptica,vómitos,indigestão,perda_de_apetite,dor_abdominal,passagem_de_gases,comichão_interna,,,,,,,,,,,
SIDA,atrofia_muscular,manchas_na_garganta,febre_alta,contactos_extraconjugais,,,,,,,,,,,,,
Diabetes,fadiga,perda_de_peso,agitação,letargia,nível_de_açúcar_irregular,visão_turva_e_distorcida,obesidade,fome_excessiva,apetite_aumentado,poliúria,,,,,,,
Gastroenterite,vómitos,olhos_encovados,desidratação,diarreia,,,,,,,,,,,,,
Asma Brônquica,fadiga,tosse,febre_alta,falta_de_ar,historial_familiar,expetoração_mucoide,,,,,,,,,,,
Hipertensão,dor_de_cabeça,dor_no_peito,tonturas,perda_de_equilíbrio,falta_de_concentração,,,,,,,,,,,,
Enxaqueca,acidez,indigestão,dor_de_cabeça,visão_turva_e_distorcida,fome_excessiva,rigidez_cervical,depressão,irritabilidade,perturbações_visuais,,,,,,,,
Espondilose Cervical,dor_nas_costas,fraqueza_nos_membros,dor_no_pescoço,tonturas,perda_de_equilíbrio,,,,,,,,,,,,
Paralisia (Hemorragia Cerebral),vómitos,dor_de_cabeça,fraqueza_num_lado_do_corpo,alteração_do_sensório,,,,,,,,,,,,,
Icterícia,comichão,vómitos,fadiga,perda_de_peso,febre_alta,pele_amarelada,urina_escura,dor_abdominal,,,,,,,,,
Malária,arrepios,vómitos,febre_alta,sudorese,dor_de_cabeça,náuseas,diarreia,dor_muscular,,,,,,,,,
Varicela,comichão,erupção_cutânea,fadiga,letargia,febre_alta,dor_de_cabeça,perda_de_apetite,febre_ligeira,gânglios_linfáticos_inchados,mal_estar,manchas_vermelhas_pelo_corpo,,,,,,
Dengue,erupção_cutânea,arrepios,dor_nas_articulações,vómitos,fadiga,febre_alta,dor_de_cabeça,náuseas,perda_de_apetite,dor_atrás_dos_olhos,dor_nas_costas,mal_estar,dor_muscular,manchas_vermelhas_pelo_corpo,,,
Febre Tifóide,arrepios,vómitos,fadiga,febre_alta,dor_de_cabeça,náuseas,obstipação,dor_abdominal,diarreia,aspeto_tóxico_(tifo),dor_na_barriga,,,,,,
Hepatite A,dor_nas_articulações,vómitos,pele_amarelada,urina_escura,náuseas,perda_de_apetite,dor_abdominal,diarreia,febre_ligeira,amarelecimento_dos_olhos,dor_muscular,,,,,,
Hepatite B,comichão,fadiga,letargia,pele_amarelada,urina_escura,perda_de_apetite,dor_abdominal,urina_amarela,amarelecimento_dos_olhos,mal_estar,receção_de_transfusão_de_sangue,receção_de_injeções_não_esterilizadas,,,,,
Hepatite C,fadiga,pele_amarelada,náuseas,perda_de_apetite,amarelecimento_dos_olhos,historial_familiar,,,,,,,,,,,
Hepatite D,dor_nas_articulações,vómitos,fadiga,pele_amarelada,urina_escura,náuseas,perda_de_apetite,dor_abdominal,amarelecimento_dos_olhos,,,,,,,,
Hepatite E,dor_nas_articulações,vómitos,fadiga,febre_alta,pele_amarelada,urina_escura,náuseas,perda_de_apetite,dor_abdominal,amarelecimento_dos_olhos,insuficiência_hepática_aguda,coma,hemorragia_gástrica,,,,
Hepatite Alcoólica,vómitos,pele_amarelada,dor_abdominal,inchaço_do_estômago,distensão_abdominal,historial_de_consumo_de_álcool,sobrecarga_de_fluidos,,,,,,,,,,
Tuberculose,arrepios,vómitos,fadiga,perda_de_peso,tosse,febre_alta,falta_de_ar,sudorese,perda_de_apetite,febre_ligeira,amarelecimento_dos_olhos,gânglios_linfáticos_inchados,mal_estar,fleuma,dor_no_peito,sangue_na_expetoração,
Constipação Comum,espirros_contínuos,arrepios,fadiga,tosse,febre_alta,dor_de_cabeça,gânglios_linfáticos_inchados,mal_estar,fleuma,irritação_da_garganta,vermelhidão_dos_olhos,pressão_sinusal,nariz_a_pingar,congestão,dor_no_peito,perda_de_olfato,dor_muscular
Pneumonia,arrepios,fadiga,tosse,febre_alta,falta_de_ar,sudorese,mal_estar,fleuma,dor_no_peito,frequência_cardíaca_elevada,expetoração_ferruginosa,,,,,,
Hemorroidas Dimórficas,obstipação,dor_durante_a_defecação,dor_na_região_anal,fezes_com_sangue,irritação_no_ânus,,,,,,,,,,,,
Ataque Cardíaco,vómitos,falta_de_ar,sudorese,dor_no_peito,,,,,,,,,,,,,
Varizes,fadiga,cãibras,equimoses,obesidade,pernas_inchadas,vasos_sanguíneos_dilatados,veias_proeminentes_na_barriga_da_perna,,,,,,,,,,
Hipotiroidismo,fadiga,aumento_de_peso,mãos_e_pés_frios,alterações_de_humor,letargia,tonturas,rosto_e_olhos_inchados,tiróide_aumentada,unhas_frágeis,extremidades_inchadas,depressão,irritabilidade,menstruação_anormal,,,,
Hipertiroidismo,fadiga,alterações_de_humor,perda_de_peso,agitação,sudorese,diarreia,frequência_cardíaca_elevada,fome_excessiva,fraqueza_muscular,irritabilidade,menstruação_anormal,,,,,,
Hipoglicemia,vómitos,fadiga,ansiedade,sudorese,dor_de_cabeça,náuseas,visão_turva_e_distorcida,fome_excessiva,lábios_secos_e_com_formigueiro,discurso_arrastado,irritabilidade,palpitações,,,,,
Osteoartrite,dor_nas_articulações,dor_no_pescoço,dor_no_joelho,dor_na_articulação_da_anca,inchaço_das_articulações,dor_ao_caminhar,,,,,,,,,,,
Artrite,fraqueza_muscular,rigidez_cervical,inchaço_das_articulações,rigidez_de_movimentos,dor_ao_caminhar,,,,,,,,,,,,
Vertigem Posicional Paroxística Benigna,vómitos,dor_de_cabeça,náuseas,movimentos_de_rotação,perda_de_equilíbrio,instabilidade,,,,,,,,,,,
Acne,erupção_cutânea,borbulhas_com_pus,pontos_negros,descamação,,,,,,,,,,,,,
Infeção do Trato Urinário,micção_ardente,desconforto_na_bexiga,odor_fétido_na_urina,sensação_contínua_de_urinar,,,,,,,,,,,,,
Psoríase,erupção_cutânea,dor_nas_articulações,descamação_da_pele,aspeto_prateado_na_pele,pequenas_depressões_nas_unhas,unhas_inflamadas,,,,,,,,,,,
Impétigo,erupção_cutânea,febre_alta,bolha,ferida_vermelha_à_volta_do_nariz,crostas_amarelas_com_exsudado,,,,,,,,,,,,
Infeção Fúngica,comichão,erupção_cutânea,erupções_cutâneas_nodulares,manchas_discrómicas,,,,,,,,,,,,,
Alergia,espirros_contínuos,tremores,arrepios,lacrimejo,,,,,,,,,,,,,
DRGE,dor_de_estômago,acidez,úlceras_na_língua,vómitos,tosse,dor_no_peito,,,,,,,,,,,
Colestase Crónica,comichão,vómitos,pele_amarelada,náuseas,perda_de_apetite,dor_abdominal,amarelecimento_dos_olhos,,,,,,,,,,
Reação a Medicamentos,comichão,erupção_cutânea,dor_de_estômago,micção_ardente,perdas_urinárias,,,,,,,,,,,,
Úlcera Péptica,vómitos,indigestão,perda_de_apetite,dor_abdominal,passagem_de_gases,comichão_interna,,,,,,,,,,,
SIDA,atrofia_muscular,manchas_na_garganta,febre_alta,contactos_extraconjugais,,,,,,,,,,,,,
Diabetes,fadiga,perda_de_peso,agitação,letargia,nível_de_açúcar_irregular,visão_turva_e_distorcida,obesidade,fome_excessiva,apetite_aumentado,poliúria,,,,,,,
Gastroenterite,vómitos,olhos_encovados,desidratação,diarreia,,,,,,,,,,,,,
Asma Brônquica,fadiga,tosse,febre_alta,falta_de_ar,historial_familiar,expetoração_mucoide,,,,,,,,,,,
Hipertensão,dor_de_cabeça,dor_no_peito,tonturas,perda_de_equilíbrio,falta_de_concentração,,,,,,,,,,,,
Enxaqueca,acidez,indigestão,dor_de_cabeça,visão_turva_e_distorcida,fome_excessiva,rigidez_cervical,depressão,irritabilidade,perturbações_visuais,,,,,,,,
Espondilose Cervical,dor_nas_costas,fraqueza_nos_membros,dor_no_pescoço,tonturas,perda_de_equilíbrio,,,,,,,,,,,,
Paralisia (Hemorragia Cerebral),vómitos,dor_de_cabeça,fraqueza_num_lado_do_corpo,alteração_do_sensório,,,,,,,,,,,,,
Icterícia,comichão,vómitos,fadiga,perda_de_peso,febre_alta,pele_amarelada,urina_escura,dor_abdominal,,,,,,,,,
Malária,arrepios,vómitos,febre_alta,sudorese,dor_de_cabeça,náuseas,diarreia,dor_muscular,,,,,,,,,
Varicela,comichão,erupção_cutânea,fadiga,letargia,febre_alta,dor_de_cabeça,perda_de_apetite,febre_ligeira,gânglios_linfáticos_inchados,mal_estar,manchas_vermelhas_pelo_corpo,,,,,,
Dengue,erupção_cutânea,arrepios,dor_nas_articulações,vómitos,fadiga,febre_alta,dor_de_cabeça,náuseas,perda_de_apetite,dor_atrás_dos_olhos,dor_nas_costas,mal_estar,dor_muscular,manchas_vermelhas_pelo_corpo,,,
Febre Tifóide,arrepios,vómitos,fadiga,febre_alta,dor_de_cabeça,náuseas,obstipação,dor_abdominal,diarreia,aspeto_tóxico_(tifo),dor_na_barriga,,,,,,
Hepatite A,dor_nas_articulações,vómitos,pele_amarelada,urina_escura,náuseas,perda_de_apetite,dor_abdominal,diarreia,febre_ligeira,amarelecimento_dos_olhos,dor_muscular,,,,,,
Hepatite B,comichão,fadiga,letargia,pele_amarelada,urina_escura,perda_de_apetite,dor_abdominal,urina_amarela,amarelecimento_dos_olhos,mal_estar,receção_de_transfusão_de_sangue,receção_de_injeções_não_esterilizadas,,,,,
Hepatite C,fadiga,pele_amarelada,náuseas,perda_de_apetite,amarelecimento_dos_olhos,historial_familiar,,,,,,,,,,,
Hepatite D,dor_nas_articulações,vómitos,fadiga,pele_amarelada,urina_escura,náuseas,perda_de_apetite,dor_abdominal,amarelecimento_dos_olhos,,,,,,,,
Hepatite E,dor_nas_articulações,vómitos,fadiga,febre_alta,pele_amarelada,urina_escura,náuseas,perda_de_apetite,dor_abdominal,amarelecimento_dos_olhos,insuficiência_hepática_aguda,coma,hemorragia_gástrica,,,,
Hepatite Alcoólica,vómitos,pele_amarelada,dor_abdominal,inchaço_do_estômago,distensão_abdominal,historial_de_consumo_de_álcool,sobrecarga_de_fluidos,,,,,,,,,,
Tuberculose,arrepios,vómitos,fadiga,perda_de_peso,tosse,febre_alta,falta_de_ar,sudorese,perda_de_apetite,febre_ligeira,amarelecimento_dos_olhos,gânglios_linfáticos_inchados,mal_estar,fleuma,dor_no_peito,sangue_na_expetoração,
Constipação Comum,espirros_contínuos,arrepios,fadiga,tosse,febre_alta,dor_de_cabeça,gânglios_linfáticos_inchados,mal_estar,fleuma,irritação_da_garganta,vermelhidão_dos_olhos,pressão_sinusal,nariz_a_pingar,congestão,dor_no_peito,perda_de_olfato,dor_muscular
Pneumonia,arrepios,fadiga,tosse,febre_alta,falta_de_ar,sudorese,mal_estar,fleuma,dor_no_peito,frequência_cardíaca_elevada,expetoração_ferruginosa,,,,,,
Hemorroidas Dimórficas,obstipação,dor_durante_a_defecação,dor_na_região_anal,fezes_com_sangue,irritação_no_ânus,,,,,,,,,,,,
Ataque Cardíaco,vómitos,falta_de_ar,sudorese,dor_no_peito,,,,,,,,,,,,,
Varizes,fadiga,cãibras,equimoses,obesidade,pernas_inchadas,vasos_sanguíneos_dilatados,veias_proeminentes_na_barriga_da_perna,,,,,,,,,,
Hipotiroidismo,fadiga,aumento_de_peso,mãos_e_pés_frios,alterações_de_humor,letargia,tonturas,rosto_e_olhos_inchados,tiróide_aumentada,unhas_frágeis,extremidades_inchadas,depressão,irritabilidade,menstruação_anormal,,,,
Hipertiroidismo,fadiga,alterações_de_humor,perda_de_peso,agitação,sudorese,diarreia,frequência_cardíaca_elevada,fome_excessiva,fraqueza_muscular,irritabilidade,menstruação_anormal,,,,,,
Hipoglicemia,vómitos,fadiga,ansiedade,sudorese,dor_de_cabeça,náuseas,visão_turva_e_distorcida,fome_excessiva,lábios_secos_e_com_formigueiro,discurso_arrastado,irritabilidade,palpitações,,,,,
Osteoartrite,dor_nas_articulações,dor_no_pescoço,dor_no_joelho,dor_na_articulação_da_anca,inchaço_das_articulações,dor_ao_caminhar,,,,,,,,,,,
Artrite,fraqueza_muscular,rigidez_cervical,inchaço_das_articulações,rigidez_de_movimentos,dor_ao_caminhar,,,,,,,,,,,,
Vertigem Posicional Paroxística Benigna,vómitos,dor_de_cabeça,náuseas,movimentos_de_rotação,perda_de_equilíbrio,instabilidade,,,,,,,,,,,
Acne,erupção_cutânea,borbulhas_com_pus,pontos_negros,descamação,,,,,,,,,,,,,
Infeção do Trato Urinário,micção_ardente,desconforto_na_bexiga,odor_fétido_na_urina,sensação_contínua_de_urinar,,,,,,,,,,,,,
Psoríase,erupção_cutânea,dor_nas_articulações,descamação_da_pele,aspeto_prateado_na_pele,pequenas_depressões_nas_unhas,unhas_inflamadas,,,,,,,,,,,
Impétigo,erupção_cutânea,febre_alta,bolha,ferida_vermelha_à_volta_do_nariz,crostas_amarelas_com_exsudado,,,,,,,,,,,,
Infeção Fúngica,comichão,erupção_cutânea,erupções_cutâneas_nodulares,manchas_discrómicas,,,,,,,,,,,,,
Alergia,espirros_contínuos,tremores,arrepios,lacrimejo,,,,,,,,,,,,,
DRGE,dor_de_estômago,acidez,úlceras_na_língua,vómitos,tosse,dor_no_peito,,,,,,,,,,,
Colestase Crónica,comichão,vómitos,pele_amarelada,náuseas,perda_de_apetite,dor_abdominal,amarelecimento_dos_olhos,,,,,,,,,,
Reação a Medicamentos,comichão,erupção_cutânea,dor_de_estômago,micção_ardente,perdas_urinárias,,,,,,,,,,,,
Úlcera Péptica,vómitos,indigestão,perda_de_apetite,dor_abdominal,passagem_de_gases,comichão_interna,,,,,,,,,,,
SIDA,atrofia_muscular,manchas_na_garganta,febre_alta,contactos_extraconjugais,,,,,,,,,,,,,
Diabetes,fadiga,perda_de_peso,agitação,letargia,nível_de_açúcar_irregular,visão_turva_e_distorcida,obesidade,fome_excessiva,apetite_aumentado,poliúria,,,,,,,
Gastroenterite,vómitos,olhos_encovados,desidratação,diarreia,,,,,,,,,,,,,
Asma Brônquica,fadiga,tosse,febre_alta,falta_de_ar,historial_familiar,expetoração_mucoide,,,,,,,,,,,
Hipertensão,dor_de_cabeça,dor_no_peito,tonturas,perda_de_equilíbrio,falta_de_concentração,,,,,,,,,,,,
Enxaqueca,acidez,indigestão,dor_de_cabeça,visão_turva_e_distorcida,fome_excessiva,rigidez_cervical,depressão,irritabilidade,perturbações_visuais,,,,,,,,
Espondilose Cervical,dor_nas_costas,fraqueza_nos_membros,dor_no_pescoço,tonturas,perda_de_equilíbrio,,,,,,,,,,,,
Paralisia (Hemorragia Cerebral),vómitos,dor_de_cabeça,fraqueza_num_lado_do_corpo,alteração_do_sensório,,,,,,,,,,,,,
Icterícia,comichão,vómitos,fadiga,perda_de_peso,febre_alta,pele_amarelada,urina_escura,dor_abdominal,,,,,,,,,
Malária,arrepios,vómitos,febre_alta,sudorese,dor_de_cabeça,náuseas,diarreia,dor_muscular,,,,,,,,,
Varicela,comichão,erupção_cutânea,fadiga,letargia,febre_alta,dor_de_cabeça,perda_de_apetite,febre_ligeira,gânglios_linfáticos_inchados,mal_estar,manchas_vermelhas_pelo_corpo,,,,,,
Dengue,erupção_cutânea,arrepios,dor_nas_articulações,vómitos,fadiga,febre_alta,dor_de_cabeça,náuseas,perda_de_apetite,dor_atrás_dos_olhos,dor_nas_costas,mal_estar,dor_muscular,manchas_vermelhas_pelo_corpo,,,
Febre Tifóide,arrepios,vómitos,fadiga,febre_alta,dor_de_cabeça,náuseas,obstipação,dor_abdominal,diarreia,aspeto_tóxico_(tifo),dor_na_barriga,,,,,,
Hepatite A,dor_nas_articulações,vómitos,pele_amarelada,urina_escura,náuseas,perda_de_apetite,dor_abdominal,diarreia,febre_ligeira,amarelecimento_dos_olhos,dor_muscular,,,,,,
Hepatite B,comichão,fadiga,letargia,pele_amarelada,urina_escura,perda_de_apetite,dor_abdominal,urina_amarela,amarelecimento_dos_olhos,mal_estar,receção_de_transfusão_de_sangue,receção_de_injeções_não_esterilizadas,,,,,
Hepatite C,fadiga,pele_amarelada,náuseas,perda_de_apetite,amarelecimento_dos_olhos,historial_familiar,,,,,,,,,,,
Hepatite D,dor_nas_articulações,vómitos,fadiga,pele_amarelada,urina_escura,náuseas,perda_de_apetite,dor_abdominal,amarelecimento_dos_olhos,,,,,,,,
Hepatite E,dor_nas_articulações,vómitos,fadiga,febre_alta,pele_amarelada,urina_escura,náuseas,perda_de_apetite,dor_abdominal,amarelecimento_dos_olhos,insuficiência_hepática_aguda,coma,hemorragia_gástrica,,,,
Hepatite Alcoólica,vómitos,pele_amarelada,dor_abdominal,inchaço_do_estômago,distensão_abdominal,historial_de_consumo_de_álcool,sobrecarga_de_fluidos,,,,,,,,,,
Tuberculose,arrepios,vómitos,fadiga,perda_de_peso,tosse,febre_alta,falta_de_ar,sudorese,perda_de_apetite,febre_ligeira,amarelecimento_dos_olhos,gânglios_linfáticos_inchados,mal_estar,fleuma,dor_no_peito,sangue_na_expetoração,
Constipação Comum,espirros_contínuos,arrepios,fadiga,tosse,febre_alta,dor_de_cabeça,gânglios_linfáticos_inchados,mal_estar,fleuma,irritação_da_garganta,vermelhidão_dos_olhos,pressão_sinusal,nariz_a_pingar,congestão,dor_no_peito,perda_de_olfato,dor_muscular
Pneumonia,arrepios,fadiga,tosse,febre_alta,falta_de_ar,sudorese,mal_estar,fleuma,dor_no_peito,frequência_cardíaca_elevada,expetoração_ferruginosa,,,,,,
Hemorroidas Dimórficas,obstipação,dor_durante_a_defecação,dor_na_região_anal,fezes_com_sangue,irritação_no_ânus,,,,,,,,,,,,
Ataque Cardíaco,vómitos,falta_de_ar,sudorese,dor_no_peito,,,,,,,,,,,,,
Varizes,fadiga,cãibras,equimoses,obesidade,pernas_inchadas,vasos_sanguíneos_dilatados,veias_proeminentes_na_barriga_da_perna,,,,,,,,,,
Hipotiroidismo,fadiga,aumento_de_peso,mãos_e_pés_frios,alterações_de_humor,letargia,tonturas,rosto_e_olhos_inchados,tiróide_aumentada,unhas_frágeis,extremidades_inchadas,depressão,irritabilidade,menstruação_anormal,,,,
Hipertiroidismo,fadiga,alterações_de_humor,perda_de_peso,agitação,sudorese,diarreia,frequência_cardíaca_elevada,fome_excessiva,fraqueza_muscular,irritabilidade,menstruação_anormal,,,,,,
Hipoglicemia,vómitos,fadiga,ansiedade,sudorese,dor_de_cabeça,náuseas,visão_turva_e_distorcida,fome_excessiva,lábios_secos_e_com_formigueiro,discurso_arrastado,irritabilidade,palpitações,,,,,
Osteoartrite,dor_nas_articulações,dor_no_pescoço,dor_no_joelho,dor_na_articulação_da_anca,inchaço_das_articulações,dor_ao_caminhar,,,,,,,,,,,
Artrite,fraqueza_muscular,rigidez_cervical,inchaço_das_articulações,rigidez_de_movimentos,dor_ao_caminhar,,,,,,,,,,,,
Vertigem Posicional Paroxística Benigna,vómitos,dor_de_cabeça,náuseas,movimentos_de_rotação,perda_de_equilíbrio,instabilidade,,,,,,,,,,,
Acne,erupção_cutânea,borbulhas_com_pus,pontos_negros,descamação,,,,,,,,,,,,,
Infeção do Trato Urinário,micção_ardente,desconforto_na_bexiga,odor_fétido_na_urina,sensação_contínua_de_urinar,,,,,,,,,,,,,
Psoríase,erupção_cutânea,dor_nas_articulações,descamação_da_pele,aspeto_prateado_na_pele,pequenas_depressões_nas_unhas,unhas_inflamadas,,,,,,,,,,,
Impétigo,erupção_cutânea,febre_alta,bolha,ferida_vermelha_à_volta_do_nariz,crostas_amarelas_com_exsudado,,,,,,,,,,,,
Infeção Fúngica,comichão,erupção_cutânea,erupções_cutâneas_nodulares,manchas_discrómicas,,,,,,,,,,,,,
Alergia,espirros_contínuos,tremores,arrepios,lacrimejo,,,,,,,,,,,,,
DRGE,dor_de_estômago,acidez,úlceras_na_língua,vómitos,tosse,dor_no_peito,,,,,,,,,,,
Colestase Crónica,comichão,vómitos,pele_amarelada,náuseas,perda_de_apetite,dor_abdominal,amarelecimento_dos_olhos,,,,,,,,,,
Reação a Medicamentos,comichão,erupção_cutânea,dor_de_estômago,micção_ardente,perdas_urinárias,,,,,,,,,,,,
Úlcera Péptica,vómitos,indigestão,perda_de_apetite,dor_abdominal,passagem_de_gases,comichão_interna,,,,,,,,,,,
SIDA,atrofia_muscular,manchas_na_garganta,febre_alta,contactos_extraconjugais,,,,,,,,,,,,,
Diabetes,fadiga,perda_de_peso,agitação,letargia,nível_de_açúcar_irregular,visão_turva_e_distorcida,obesidade,fome_excessiva,apetite_aumentado,poliúria,,,,,,,
Gastroenterite,vómitos,olhos_encovados,desidratação,diarreia,,,,,,,,,,,,,
Asma Brônquica,fadiga,tosse,febre_alta,falta_de_ar,historial_familiar,expetoração_mucoide,,,,,,,,,,,
Hipertensão,dor_de_cabeça,dor_no_peito,tonturas,perda_de_equilíbrio,falta_de_concentração,,,,,,,,,,,,
Enxaqueca,acidez,indigestão,dor_de_cabeça,visão_turva_e_distorcida,fome_excessiva,rigidez_cervical,depressão,irritabilidade,perturbações_visuais,,,,,,,,
Espondilose Cervical,dor_nas_costas,fraqueza_nos_membros,dor_no_pescoço,tonturas,perda_de_equilíbrio,,,,,,,,,,,,
Paralisia (Hemorragia Cerebral),vómitos,dor_de_cabeça,fraqueza_num_lado_do_corpo,alteração_do_sensório,,,,,,,,,,,,,
Icterícia,comichão,vómitos,fadiga,perda_de_peso,febre_alta,pele_amarelada,urina_escura,dor_abdominal,,,,,,,,,
Malária,arrepios,vómitos,febre_alta,sudorese,dor_de_cabeça,náuseas,diarreia,dor_muscular,,,,,,,,,
Varicela,comichão,erupção_cutânea,fadiga,letargia,febre_alta,dor_de_cabeça,perda_de_apetite,febre_ligeira,gânglios_linfáticos_inchados,mal_estar,manchas_vermelhas_pelo_corpo,,,,,,
Dengue,erupção_cutânea,arrepios,dor_nas_articulações,vómitos,fadiga,febre_alta,dor_de_cabeça,náuseas,perda_de_apetite,dor_atrás_dos_olhos,dor_nas_costas,mal_estar,dor_muscular,manchas_vermelhas_pelo_corpo,,,
Febre Tifóide,arrepios,vómitos,fadiga,febre_alta,dor_de_cabeça,náuseas,obstipação,dor_abdominal,diarreia,aspeto_tóxico_(tifo),dor_na_barriga,,,,,,
Hepatite A,dor_nas_articulações,vómitos,pele_amarelada,urina_escura,náuseas,perda_de_apetite,dor_abdominal,diarreia,febre_ligeira,amarelecimento_dos_olhos,dor_muscular,,,,,,
Hepatite B,comichão,fadiga,letargia,pele_amarelada,urina_escura,perda_de_apetite,dor_abdominal,urina_amarela,amarelecimento_dos_olhos,mal_estar,receção_de_transfusão_de_sangue,receção_de_injeções_não_esterilizadas,,,,,
Hepatite C,fadiga,pele_amarelada,náuseas,perda_de_apetite,amarelecimento_dos_olhos,historial_familiar,,,,,,,,,,,
Hepatite D,dor_nas_articulações,vómitos,fadiga,pele_amarelada,urina_escura,náuseas,perda_de_apetite,dor_abdominal,amarelecimento_dos_olhos,,,,,,,,
Hepatite E,dor_nas_articulações,vómitos,fadiga,febre_alta,pele_amarelada,urina_escura,náuseas,perda_de_apetite,dor_abdominal,amarelecimento_dos_olhos,insuficiência_hepática_aguda,coma,hemorragia_gástrica,,,,
Hepatite Alcoólica,vómitos,pele_amarelada,dor_abdominal,inchaço_do_estômago,distensão_abdominal,historial_de_consumo_de_álcool,sobrecarga_de_fluidos,,,,,,,,,,
Tuberculose,arrepios,vómitos,fadiga,perda_de_peso,tosse,febre_alta,falta_de_ar,sudorese,perda_de_apetite,febre_ligeira,amarelecimento_dos_olhos,gânglios_linfáticos_inchados,mal_estar,fleuma,dor_no_peito,sangue_na_expetoração,
Constipação Comum,espirros_contínuos,arrepios,fadiga,tosse,febre_alta,dor_de_cabeça,gânglios_linfáticos_inchados,mal_estar,fleuma,irritação_da_garganta,vermelhidão_dos_olhos,pressão_sinusal,nariz_a_pingar,congestão,dor_no_peito,perda_de_olfato,dor_muscular
Pneumonia,arrepios,fadiga,tosse,febre_alta,falta_de_ar,sudorese,mal_estar,fleuma,dor_no_peito,frequência_cardíaca_elevada,expetoração_ferruginosa,,,,,,
Hemorroidas Dimórficas,obstipação,dor_durante_a_defecação,dor_na_região_anal,fezes_com_sangue,irritação_no_ânus,,,,,,,,,,,,
Ataque Cardíaco,vómitos,falta_de_ar,sudorese,dor_no_peito,,,,,,,,,,,,,
Varizes,fadiga,cãibras,equimoses,obesidade,pernas_inchadas,vasos_sanguíneos_dilatados,veias_proeminentes_na_barriga_da_perna,,,,,,,,,,
Hipotiroidismo,fadiga,aumento_de_peso,mãos_e_pés_frios,alterações_de_humor,letargia,tonturas,rosto_e_olhos_inchados,tiróide_aumentada,unhas_frágeis,extremidades_inchadas,depressão,irritabilidade,menstruação_anormal,,,,
Hipertiroidismo,fadiga,alterações_de_humor,perda_de_peso,agitação,sudorese,diarreia,frequência_cardíaca_elevada,fome_excessiva,fraqueza_muscular,irritabilidade,menstruação_anormal,,,,,,
Hipoglicemia,vómitos,fadiga,ansiedade,sudorese,dor_de_cabeça,náuseas,visão_turva_e_distorcida,fome_excessiva,lábios_secos_e_com_formigueiro,discurso_arrastado,irritabilidade,palpitações,,,,,
Osteoartrite,dor_nas_articulações,dor_no_pescoço,dor_no_joelho,dor_na_articulação_da_anca,inchaço_das_articulações,dor_ao_caminhar,,,,,,,,,,,
Artrite,fraqueza_muscular,rigidez_cervical,inchaço_das_articulações,rigidez_de_movimentos,dor_ao_caminhar,,,,,,,,,,,,
Vertigem Posicional Paroxística Benigna,vómitos,dor_de_cabeça,náuseas,movimentos_de_rotação,perda_de_equilíbrio,instabilidade,,,,,,,,,,,
Acne,erupção_cutânea,borbulhas_com_pus,pontos_negros,descamação,,,,,,,,,,,,,
Infeção do Trato Urinário,micção_ardente,desconforto_na_bexiga,odor_fétido_na_urina,sensação_contínua_de_urinar,,,,,,,,,,,,,
Psoríase,erupção_cutânea,dor_nas_articulações,descamação_da_pele,aspeto_prateado_na_pele,pequenas_depressões_nas_unhas,unhas_inflamadas,,,,,,,,,,,
Impétigo,erupção_cutânea,febre_alta,bolha,ferida_vermelha_à_volta_do_nariz,crostas_amarelas_com_exsudado,,,,,,,,,,,,
Infeção Fúngica,comichão,erupção_cutânea,erupções_cutâneas_nodulares,manchas_discrómicas,,,,,,,,,,,,,
Alergia,espirros_contínuos,tremores,arrepios,lacrimejo,,,,,,,,,,,,,
DRGE,dor_de_estômago,acidez,úlceras_na_língua,vómitos,tosse,dor_no_peito,,,,,,,,,,,
Colestase Crónica,comichão,vómitos,pele_amarelada,náuseas,perda_de_apetite,dor_abdominal,amarelecimento_dos_olhos,,,,,,,,,,
Reação a Medicamentos,comichão,erupção_cutânea,dor_de_estômago,micção_ardente,perdas_urinárias,,,,,,,,,,,,
Úlcera Péptica,vómitos,indigestão,perda_de_apetite,dor_abdominal,passagem_de_gases,comichão_interna,,,,,,,,,,,
SIDA,atrofia_muscular,manchas_na_garganta,febre_alta,contactos_extraconjugais,,,,,,,,,,,,,
Diabetes,fadiga,perda_de_peso,agitação,letargia,nível_de_açúcar_irregular,visão_turva_e_distorcida,obesidade,fome_excessiva,apetite_aumentado,poliúria,,,,,,,
Gastroenterite,vómitos,olhos_encovados,desidratação,diarreia,,,,,,,,,,,,,
Asma Brônquica,fadiga,tosse,febre_alta,falta_de_ar,historial_familiar,expetoração_mucoide,,,,,,,,,,,
Hipertensão,dor_de_cabeça,dor_no_peito,tonturas,perda_de_equilíbrio,falta_de_concentração,,,,,,,,,,,,
Enxaqueca,acidez,indigestão,dor_de_cabeça,visão_turva_e_distorcida,fome_excessiva,rigidez_cervical,depressão,irritabilidade,perturbações_visuais,,,,,,,,
Espondilose Cervical,dor_nas_costas,fraqueza_nos_membros,dor_no_pescoço,tonturas,perda_de_equilíbrio,,,,,,,,,,,,
Paralisia (Hemorragia Cerebral),vómitos,dor_de_cabeça,fraqueza_num_lado_do_corpo,alteração_do_sensório,,,,,,,,,,,,,
Icterícia,comichão,vómitos,fadiga,perda_de_peso,febre_alta,pele_amarelada,urina_escura,dor_abdominal,,,,,,,,,
Malária,arrepios,vómitos,febre_alta,sudorese,dor_de_cabeça,náuseas,diarreia,dor_muscular,,,,,,,,,
Varicela,comichão,erupção_cutânea,fadiga,letargia,febre_alta,dor_de_cabeça,perda_de_apetite,febre_ligeira,gânglios_linfáticos_inchados,mal_estar,manchas_vermelhas_pelo_corpo,,,,,,
Dengue,erupção_cutânea,arrepios,dor_nas_articulações,vómitos,fadiga,febre_alta,dor_de_cabeça,náuseas,perda_de_apetite,dor_atrás_dos_olhos,dor_nas_costas,mal_estar,dor_muscular,manchas_vermelhas_pelo_corpo,,,
Febre Tifóide,arrepios,vómitos,fadiga,febre_alta,dor_de_cabeça,náuseas,obstipação,dor_abdominal,diarreia,aspeto_tóxico_(tifo),dor_na_barriga,,,,,,
Hepatite A,dor_nas_articulações,vómitos,pele_amarelada,urina_escura,náuseas,perda_de_apetite,dor_abdominal,diarreia,febre_ligeira,amarelecimento_dos_olhos,dor_muscular,,,,,,
Hepatite B,comichão,fadiga,letargia,pele_amarelada,urina_escura,perda_de_apetite,dor_abdominal,urina_amarela,amarelecimento_dos_olhos,mal_estar,receção_de_transfusão_de_sangue,receção_de_injeções_não_esterilizadas,,,,,
Hepatite C,fadiga,pele_amarelada,náuseas,perda_de_apetite,amarelecimento_dos_olhos,historial_familiar,,,,,,,,,,,
Hepatite D,dor_nas_articulações,vómitos,fadiga,pele_amarelada,urina_escura,náuseas,perda_de_apetite,dor_abdominal,amarelecimento_dos_olhos,,,,,,,,
Hepatite E,dor_nas_articulações,vómitos,fadiga,febre_alta,pele_amarelada,urina_escura,náuseas,perda_de_apetite,dor_abdominal,amarelecimento_dos_olhos,insuficiência_hepática_aguda,coma,hemorragia_gástrica,,,,
Hepatite Alcoólica,vómitos,pele_amarelada,dor_abdominal,inchaço_do_estômago,distensão_abdominal,historial_de_consumo_de_álcool,sobrecarga_de_fluidos,,,,,,,,,,
Tuberculose,arrepios,vómitos,fadiga,perda_de_peso,tosse,febre_alta,falta_de_ar,sudorese,perda_de_apetite,febre_ligeira,amarelecimento_dos_olhos,gânglios_linfáticos_inchados,mal_estar,fleuma,dor_no_peito,sangue_na_expetoração,
Constipação Comum,espirros_contínuos,arrepios,fadiga,tosse,febre_alta,dor_de_cabeça,gânglios_linfáticos_inchados,mal_estar,fleuma,irritação_da_garganta,vermelhidão_dos_olhos,pressão_sinusal,nariz_a_pingar,congestão,dor_no_peito,perda_de_olfato,dor_muscular
Pneumonia,arrepios,fadiga,tosse,febre_alta,falta_de_ar,sudorese,mal_estar,fleuma,dor_no_peito,frequência_cardíaca_elevada,expetoração_ferruginosa,,,,,,
Hemorroidas Dimórficas,obstipação,dor_durante_a_defecação,dor_na_região_anal,fezes_com_sangue,irritação_no_ânus,,,,,,,,,,,,
Ataque Cardíaco,vómitos,falta_de_ar,sudorese,dor_no_peito,,,,,,,,,,,,,
Varizes,fadiga,cãibras,equimoses,obesidade,pernas_inchadas,vasos_sanguíneos_dilatados,veias_proeminentes_na_barriga_da_perna,,,,,,,,,,
Hipotiroidismo,fadiga,aumento_de_peso,mãos_e_pés_frios,alterações_de_humor,letargia,tonturas,rosto_e_olhos_inchados,tiróide_aumentada,unhas_frágeis,extremidades_inchadas,depressão,irritabilidade,menstruação_anormal,,,,
Hipertiroidismo,fadiga,alterações_de_humor,perda_de_peso,agitação,sudorese,diarreia,frequência_cardíaca_elevada,fome_excessiva,fraqueza_muscular,irritabilidade,menstruação_anormal,,,,,,
Hipoglicemia,vómitos,fadiga,ansiedade,sudorese,dor_de_cabeça,náuseas,visão_turva_e_distorcida,fome_excessiva,lábios_secos_e_com_formigueiro,discurso_arrastado,irritabilidade,palpitações,,,,,
Osteoartrite,dor_nas_articulações,dor_no_pescoço,dor_no_joelho,dor_na_articulação_da_anca,inchaço_das_articulações,dor_ao_caminhar,,,,,,,,,,,
Artrite,fraqueza_muscular,rigidez_cervical,inchaço_das_articulações,rigidez_de_movimentos,dor_ao_caminhar,,,,,,,,,,,,
Vertigem Posicional Paroxística Benigna,vómitos,dor_de_cabeça,náuseas,movimentos_de_rotação,perda_de_equilíbrio,instabilidade,,,,,,,,,,,
Acne,erupção_cutânea,borbulhas_com_pus,pontos_negros,descamação,,,,,,,,,,,,,
Infeção do Trato Urinário,micção_ardente,desconforto_na_bexiga,odor_fétido_na_urina,sensação_contínua_de_urinar,,,,,,,,,,,,,
Psoríase,erupção_cutânea,dor_nas_articulações,descamação_da_pele,aspeto_prateado_na_pele,pequenas_depressões_nas_unhas,unhas_inflamadas,,,,,,,,,,,
Impétigo,erupção_cutânea,febre_alta,bolha,ferida_vermelha_à_volta_do_nariz,crostas_amarelas_com_exsudado,,,,,,,,,,,,
Infeção Fúngica,comichão,erupção_cutânea,erupções_cutâneas_nodulares,manchas_discrómicas,,,,,,,,,,,,,
Alergia,espirros_contínuos,tremores,arrepios,lacrimejo,,,,,,,,,,,,,
DRGE,dor_de_estômago,acidez,úlceras_na_língua,vómitos,tosse,dor_no_peito,,,,,,,,,,,
Colestase Crónica,comichão,vómitos,pele_amarelada,náuseas,perda_de_apetite,dor_abdominal,amarelecimento_dos_olhos,,,,,,,,,,
Reação a Medicamentos,comichão,erupção_cutânea,dor_de_estômago,micção_ardente,perdas_urinárias,,,,,,,,,,,,
Úlcera Péptica,vómitos,indigestão,perda_de_apetite,dor_abdominal,passagem_de_gases,comichão_interna,,,,,,,,,,,
SIDA,atrofia_muscular,manchas_na_garganta,febre_alta,contactos_extraconjugais,,,,,,,,,,,,,
Diabetes,fadiga,perda_de_peso,agitação,letargia,nível_de_açúcar_irregular,visão_turva_e_distorcida,obesidade,fome_excessiva,apetite_aumentado,poliúria,,,,,,,
Gastroenterite,vómitos,olhos_encovados,desidratação,diarreia,,,,,,,,,,,,,
Asma Brônquica,fadiga,tosse,febre_alta,falta_de_ar,historial_familiar,expetoração_mucoide,,,,,,,,,,,
Hipertensão,dor_de_cabeça,dor_no_peito,tonturas,perda_de_equilíbrio,falta_de_concentração,,,,,,,,,,,,
Enxaqueca,acidez,indigestão,dor_de_cabeça,visão_turva_e_distorcida,fome_excessiva,rigidez_cervical,depressão,irritabilidade,perturbações_visuais,,,,,,,,
Espondilose Cervical,dor_nas_costas,fraqueza_nos_membros,dor_no_pescoço,tonturas,perda_de_equilíbrio,,,,,,,,,,,,
Paralisia (Hemorragia Cerebral),vómitos,dor_de_cabeça,fraqueza_num_lado_do_corpo,alteração_do_sensório,,,,,,,,,,,,,
Icterícia,comichão,vómitos,fadiga,perda_de_peso,febre_alta,pele_amarelada,urina_escura,dor_abdominal,,,,,,,,,
Malária,arrepios,vómitos,febre_alta,sudorese,dor_de_cabeça,náuseas,diarreia,dor_muscular,,,,,,,,,
Varicela,comichão,erupção_cutânea,fadiga,letargia,febre_alta,dor_de_cabeça,perda_de_apetite,febre_ligeira,gânglios_linfáticos_inchados,mal_estar,manchas_vermelhas_pelo_corpo,,,,,,
Dengue,erupção_cutânea,arrepios,dor_nas_articulações,vómitos,fadiga,febre_alta,dor_de_cabeça,náuseas,perda_de_apetite,dor_atrás_dos_olhos,dor_nas_costas,mal_estar,dor_muscular,manchas_vermelhas_pelo_corpo,,,
Febre Tifóide,arrepios,vómitos,fadiga,febre_alta,dor_de_cabeça,náuseas,obstipação,dor_abdominal,diarreia,aspeto_tóxico_(tifo),dor_na_barriga,,,,,,
Hepatite A,dor_nas_articulações,vómitos,pele_amarelada,urina_escura,náuseas,perda_de_apetite,dor_abdominal,diarreia,febre_ligeira,amarelecimento_dos_olhos,dor_muscular,,,,,,
Hepatite B,comichão,fadiga,letargia,pele_amarelada,urina_escura,perda_de_apetite,dor_abdominal,urina_amarela,amarelecimento_dos_olhos,mal_estar,receção_de_transfusão_de_sangue,receção_de_injeções_não_esterilizadas,,,,,
Hepatite C,fadiga,pele_amarelada,náuseas,perda_de_apetite,amarelecimento_dos_olhos,historial_familiar,,,,,,,,,,,
Hepatite D,dor_nas_articulações,vómitos,fadiga,pele_amarelada,urina_escura,náuseas,perda_de_apetite,dor_abdominal,amarelecimento_dos_olhos,,,,,,,,
Hepatite E,dor_nas_articulações,vómitos,fadiga,febre_alta,pele_amarelada,urina_escura,náuseas,perda_de_apetite,dor_abdominal,amarelecimento_dos_olhos,insuficiência_hepática_aguda,coma,hemorragia_gástrica,,,,
Hepatite Alcoólica,vómitos,pele_amarelada,dor_abdominal,inchaço_do_estômago,distensão_abdominal,historial_de_consumo_de_álcool,sobrecarga_de_fluidos,,,,,,,,,,
Tuberculose,arrepios,vómitos,fadiga,perda_de_peso,tosse,febre_alta,falta_de_ar,sudorese,perda_de_apetite,febre_ligeira,amarelecimento_dos_olhos,gânglios_linfáticos_inchados,mal_estar,fleuma,dor_no_peito,sangue_na_expetoração,
Constipação Comum,espirros_contínuos,arrepios,fadiga,tosse,febre_alta,dor_de_cabeça,gânglios_linfáticos_inchados,mal_estar,fleuma,irritação_da_garganta,vermelhidão_dos_olhos,pressão_sinusal,nariz_a_pingar,congestão,dor_no_peito,perda_de_olfato,dor_muscular
Pneumonia,arrepios,fadiga,tosse,febre_alta,falta_de_ar,sudorese,mal_estar,fleuma,dor_no_peito,frequência_cardíaca_elevada,expetoração_ferruginosa,,,,,,
Hemorroidas Dimórficas,obstipação,dor_durante_a_defecação,dor_na_região_anal,fezes_com_sangue,irritação_no_ânus,,,,,,,,,,,,
Ataque Cardíaco,vómitos,falta_de_ar,sudorese,dor_no_peito,,,,,,,,,,,,,
Varizes,fadiga,cãibras,equimoses,obesidade,pernas_inchadas,vasos_sanguíneos_dilatados,veias_proeminentes_na_barriga_da_perna,,,,,,,,,,
Hipotiroidismo,fadiga,aumento_de_peso,mãos_e_pés_frios,alterações_de_humor,letargia,tonturas,rosto_e_olhos_inchados,tiróide_aumentada,unhas_frágeis,extremidades_inchadas,depressão,irritabilidade,menstruação_anormal,,,,
Hipertiroidismo,fadiga,alterações_de_humor,perda_de_peso,agitação,sudorese,diarreia,frequência_cardíaca_elevada,fome_excessiva,fraqueza_muscular,irritabilidade,menstruação_anormal,,,,,,
Hipoglicemia,vómitos,fadiga,ansiedade,sudorese,dor_de_cabeça,náuseas,visão_turva_e_distorcida,fome_excessiva,lábios_secos_e_com_formigueiro,discurso_arrastado,irritabilidade,palpitações,,,,,
Osteoartrite,dor_nas_articulações,dor_no_pescoço,dor_no_joelho,dor_na_articulação_da_anca,inchaço_das_articulações,dor_ao_caminhar,,,,,,,,,,,
Artrite,fraqueza_muscular,rigidez_cervical,inchaço_das_articulações,rigidez_de_movimentos,dor_ao_caminhar,,,,,,,,,,,,
Vertigem Posicional Paroxística Benigna,vómitos,dor_de_cabeça,náuseas,movimentos_de_rotação,perda_de_equilíbrio,instabilidade,,,,,,,,,,,
Acne,erupção_cutânea,borbulhas_com_pus,pontos_negros,descamação,,,,,,,,,,,,,
Infeção do Trato Urinário,micção_ardente,desconforto_na_bexiga,odor_fétido_na_urina,sensação_contínua_de_urinar,,,,,,,,,,,,,
Psoríase,erupção_cutânea,dor_nas_articulações,descamação_da_pele,aspeto_prateado_na_pele,pequenas_depressões_nas_unhas,unhas_inflamadas,,,,,,,,,,,
Impétigo,erupção_cutânea,febre_alta,bolha,ferida_vermelha_à_volta_do_nariz,crostas_amarelas_com_exsudado,,,,,,,,,,,,
Infeção Fúngica,comichão,erupção_cutânea,erupções_cutâneas_nodulares,manchas_discrómicas,,,,,,,,,,,,,
Alergia,espirros_contínuos,tremores,arrepios,lacrimejo,,,,,,,,,,,,,
DRGE,dor_de_estômago,acidez,úlceras_na_língua,vómitos,tosse,dor_no_peito,,,,,,,,,,,
Colestase Crónica,comichão,vómitos,pele_amarelada,náuseas,perda_de_apetite,dor_abdominal,amarelecimento_dos_olhos,,,,,,,,,,
Reação a Medicamentos,comichão,erupção_cutânea,dor_de_estômago,micção_ardente,perdas_urinárias,,,,,,,,,,,,
Úlcera Péptica,vómitos,indigestão,perda_de_apetite,dor_abdominal,passagem_de_gases,comichão_interna,,,,,,,,,,,
SIDA,atrofia_muscular,manchas_na_garganta,febre_alta,contactos_extraconjugais,,,,,,,,,,,,,
Diabetes,fadiga,perda_de_peso,agitação,letargia,nível_de_açúcar_irregular,visão_turva_e_distorcida,obesidade,fome_excessiva,apetite_aumentado,poliúria,,,,,,,
Gastroenterite,vómitos,olhos_encovados,desidratação,diarreia,,,,,,,,,,,,,
Asma Brônquica,fadiga,tosse,febre_alta,falta_de_ar,historial_familiar,expetoração_mucoide,,,,,,,,,,,
Hipertensão,dor_de_cabeça,dor_no_peito,tonturas,perda_de_equilíbrio,falta_de_concentração,,,,,,,,,,,,
Enxaqueca,acidez,indigestão,dor_de_cabeça,visão_turva_e_distorcida,fome_excessiva,rigidez_cervical,depressão,irritabilidade,perturbações_visuais,,,,,,,,
Espondilose Cervical,dor_nas_costas,fraqueza_nos_membros,dor_no_pescoço,tonturas,perda_de_equilíbrio,,,,,,,,,,,,
Paralisia (Hemorragia Cerebral),vómitos,dor_de_cabeça,fraqueza_num_lado_do_corpo,alteração_do_sensório,,,,,,,,,,,,,
Icterícia,comichão,vómitos,fadiga,perda_de_peso,febre_alta,pele_amarelada,urina_escura,dor_abdominal,,,,,,,,,
Malária,arrepios,vómitos,febre_alta,sudorese,dor_de_cabeça,náuseas,diarreia,dor_muscular,,,,,,,,,
Varicela,comichão,erupção_cutânea,fadiga,letargia,febre_alta,dor_de_cabeça,perda_de_apetite,febre_ligeira,gânglios_linfáticos_inchados,mal_estar,manchas_vermelhas_pelo_corpo,,,,,,
Dengue,erupção_cutânea,arrepios,dor_nas_articulações,vómitos,fadiga,febre_alta,dor_de_cabeça,náuseas,perda_de_apetite,dor_atrás_dos_olhos,dor_nas_costas,mal_estar,dor_muscular,manchas_vermelhas_pelo_corpo,,,
Febre Tifóide,arrepios,vómitos,fadiga,febre_alta,dor_de_cabeça,náuseas,obstipação,dor_abdominal,diarreia,aspeto_tóxico_(tifo),dor_na_barriga,,,,,,
Hepatite A,dor_nas_articulações,vómitos,pele_amarelada,urina_escura,náuseas,perda_de_apetite,dor_abdominal,diarreia,febre_ligeira,amarelecimento_dos_olhos,dor_muscular,,,,,,
Hepatite B,comichão,fadiga,letargia,pele_amarelada,urina_escura,perda_de_apetite,dor_abdominal,urina_amarela,amarelecimento_dos_olhos,mal_estar,receção_de_transfusão_de_sangue,receção_de_injeções_não_esterilizadas,,,,,
Hepatite C,fadiga,pele_amarelada,náuseas,perda_de_apetite,amarelecimento_dos_olhos,historial_familiar,,,,,,,,,,,
Hepatite D,dor_nas_articulações,vómitos,fadiga,pele_amarelada,urina_escura,náuseas,perda_de_apetite,dor_abdominal,amarelecimento_dos_olhos,,,,,,,,
Hepatite E,dor_nas_articulações,vómitos,fadiga,febre_alta,pele_amarelada,urina_escura,náuseas,perda_de_apetite,dor_abdominal,amarelecimento_dos_olhos,insuficiência_hepática_aguda,coma,hemorragia_gástrica,,,,
Hepatite Alcoólica,vómitos,pele_amarelada,dor_abdominal,inchaço_do_estômago,distensão_abdominal,historial_de_consumo_de_álcool,sobrecarga_de_fluidos,,,,,,,,,,
Tuberculose,arrepios,vómitos,fadiga,perda_de_peso,tosse,febre_alta,falta_de_ar,sudorese,perda_de_apetite,febre_ligeira,amarelecimento_dos_olhos,gânglios_linfáticos_inchados,mal_estar,fleuma,dor_no_peito,sangue_na_expetoração,
Constipação Comum,espirros_contínuos,arrepios,fadiga,tosse,febre_alta,dor_de_cabeça,gânglios_linfáticos_inchados,mal_estar,fleuma,irritação_da_garganta,vermelhidão_dos_olhos,pressão_sinusal,nariz_a_pingar,congestão,dor_no_peito,perda_de_olfato,dor_muscular
Pneumonia,arrepios,fadiga,tosse,febre_alta,falta_de_ar,sudorese,mal_estar,fleuma,dor_no_peito,frequência_cardíaca_elevada,expetoração_ferruginosa,,,,,,
Hemorroidas Dimórficas,obstipação,dor_durante_a_defecação,dor_na_região_anal,fezes_com_sangue,irritação_no_ânus,,,,,,,,,,,,
Ataque Cardíaco,vómitos,falta_de_ar,sudorese,dor_no_peito,,,,,,,,,,,,,
Varizes,fadiga,cãibras,equimoses,obesidade,pernas_inchadas,vasos_sanguíneos_dilatados,veias_proeminentes_na_barriga_da_perna,,,,,,,,,,
Hipotiroidismo,fadiga,aumento_de_peso,mãos_e_pés_frios,alterações_de_humor,letargia,tonturas,rosto_e_olhos_inchados,tiróide_aumentada,unhas_frágeis,extremidades_inchadas,depressão,irritabilidade,menstruação_anormal,,,,
Hipertiroidismo,fadiga,alterações_de_humor,perda_de_peso,agitação,sudorese,diarreia,frequência_cardíaca_elevada,fome_excessiva,fraqueza_muscular,irritabilidade,menstruação_anormal,,,,,,
Hipoglicemia,vómitos,fadiga,ansiedade,sudorese,dor_de_cabeça,náuseas,visão_turva_e_distorcida,fome_excessiva,lábios_secos_e_com_formigueiro,discurso_arrastado,irritabilidade,palpitações,,,,,
Osteoartrite,dor_nas_articulações,dor_no_pescoço,dor_no_joelho,dor_na_articulação_da_anca,inchaço_das_articulações,dor_ao_caminhar,,,,,,,,,,,
Artrite,fraqueza_muscular,rigidez_cervical,inchaço_das_articulações,rigidez_de_movimentos,dor_ao_caminhar,,,,,,,,,,,,
Vertigem Posicional Paroxística Benigna,vómitos,dor_de_cabeça,náuseas,movimentos_de_rotação,perda_de_equilíbrio,instabilidade,,,,,,,,,,,
Acne,erupção_cutânea,borbulhas_com_pus,pontos_negros,descamação,,,,,,,,,,,,,
Infeção do Trato Urinário,micção_ardente,desconforto_na_bexiga,odor_fétido_na_urina,sensação_contínua_de_urinar,,,,,,,,,,,,,
Psoríase,erupção_cutânea,dor_nas_articulações,descamação_da_pele,aspeto_prateado_na_pele,pequenas_depressões_nas_unhas,unhas_inflamadas,,,,,,,,,,,
Impétigo,erupção_cutânea,febre_alta,bolha,ferida_vermelha_à_volta_do_nariz,crostas_amarelas_com_exsudado,,,,,,,,,,,,
Infeção Fúngica,comichão,erupção_cutânea,erupções_cutâneas_nodulares,manchas_discrómicas,,,,,,,,,,,,,
Alergia,espirros_contínuos,tremores,arrepios,lacrimejo,,,,,,,,,,,,,
DRGE,dor_de_estômago,acidez,úlceras_na_língua,vómitos,tosse,dor_no_peito,,,,,,,,,,,
Colestase Crónica,comichão,vómitos,pele_amarelada,náuseas,perda_de_apetite,dor_abdominal,amarelecimento_dos_olhos,,,,,,,,,,
Reação a Medicamentos,comichão,erupção_cutânea,dor_de_estômago,micção_ardente,perdas_urinárias,,,,,,,,,,,,
Úlcera Péptica,vómitos,indigestão,perda_de_apetite,dor_abdominal,passagem_de_gases,comichão_interna,,,,,,,,,,,
SIDA,atrofia_muscular,manchas_na_garganta,febre_alta,contactos_extraconjugais,,,,,,,,,,,,,
Diabetes,fadiga,perda_de_peso,agitação,letargia,nível_de_açúcar_irregular,visão_turva_e_distorcida,obesidade,fome_excessiva,apetite_aumentado,poliúria,,,,,,,
Gastroenterite,vómitos,olhos_encovados,desidratação,diarreia,,,,,,,,,,,,,
Asma Brônquica,fadiga,tosse,febre_alta,falta_de_ar,historial_familiar,expetoração_mucoide,,,,,,,,,,,
Hipertensão,dor_de_cabeça,dor_no_peito,tonturas,perda_de_equilíbrio,falta_de_concentração,,,,,,,,,,,,
Enxaqueca,acidez,indigestão,dor_de_cabeça,visão_turva_e_distorcida,fome_excessiva,rigidez_cervical,depressão,irritabilidade,perturbações_visuais,,,,,,,,
Espondilose Cervical,dor_nas_costas,fraqueza_nos_membros,dor_no_pescoço,tonturas,perda_de_equilíbrio,,,,,,,,,,,,
Paralisia (Hemorragia Cerebral),vómitos,dor_de_cabeça,fraqueza_num_lado_do_corpo,alteração_do_sensório,,,,,,,,,,,,,
Icterícia,comichão,vómitos,fadiga,perda_de_peso,febre_alta,pele_amarelada,urina_escura,dor_abdominal,,,,,,,,,
Malária,arrepios,vómitos,febre_alta,sudorese,dor_de_cabeça,náuseas,diarreia,dor_muscular,,,,,,,,,
Varicela,comichão,erupção_cutânea,fadiga,letargia,febre_alta,dor_de_cabeça,perda_de_apetite,febre_ligeira,gânglios_linfáticos_inchados,mal_estar,manchas_vermelhas_pelo_corpo,,,,,,
Dengue,erupção_cutânea,arrepios,dor_nas_articulações,vómitos,fadiga,febre_alta,dor_de_cabeça,náuseas,perda_de_apetite,dor_atrás_dos_olhos,dor_nas_costas,mal_estar,dor_muscular,manchas_vermelhas_pelo_corpo,,,
Febre Tifóide,arrepios,vómitos,fadiga,febre_alta,dor_de_cabeça,náuseas,obstipação,dor_abdominal,diarreia,aspeto_tóxico_(tifo),dor_na_barriga,,,,,,
Hepatite A,dor_nas_articulações,vómitos,pele_amarelada,urina_escura,náuseas,perda_de_apetite,dor_abdominal,diarreia,febre_ligeira,amarelecimento_dos_olhos,dor_muscular,,,,,,
Hepatite B,comichão,fadiga,letargia,pele_amarelada,urina_escura,perda_de_apetite,dor_abdominal,urina_amarela,amarelecimento_dos_olhos,mal_estar,receção_de_transfusão_de_sangue,receção_de_injeções_não_esterilizadas,,,,,
Hepatite C,fadiga,pele_amarelada,náuseas,perda_de_apetite,amarelecimento_dos_olhos,historial_familiar,,,,,,,,,,,
Hepatite D,dor_nas_articulações,vómitos,fadiga,pele_amarelada,urina_escura,náuseas,perda_de_apetite,dor_abdominal,amarelecimento_dos_olhos,,,,,,,,
Hepatite E,dor_nas_articulações,vómitos,fadiga,febre_alta,pele_amarelada,urina_escura,náuseas,perda_de_apetite,dor_abdominal,amarelecimento_dos_olhos,insuficiência_hepática_aguda,coma,hemorragia_gástrica,,,,
Hepatite Alcoólica,vómitos,pele_amarelada,dor_abdominal,inchaço_do_estômago,distensão_abdominal,historial_de_consumo_de_álcool,sobrecarga_de_fluidos,,,,,,,,,,
Tuberculose,arrepios,vómitos,fadiga,perda_de_peso,tosse,febre_alta,falta_de_ar,sudorese,perda_de_apetite,febre_ligeira,amarelecimento_dos_olhos,gânglios_linfáticos_inchados,mal_estar,fleuma,dor_no_peito,sangue_na_expetoração,
Constipação Comum,espirros_contínuos,arrepios,fadiga,tosse,febre_alta,dor_de_cabeça,gânglios_linfáticos_inchados,mal_estar,fleuma,irritação_da_garganta,vermelhidão_dos_olhos,pressão_sinusal,nariz_a_pingar,congestão,dor_no_peito,perda_de_olfato,dor_muscular
Pneumonia,arrepios,fadiga,tosse,febre_alta,falta_de_ar,sudorese,mal_estar,fleuma,dor_no_peito,frequência_cardíaca_elevada,expetoração_ferruginosa,,,,,,
Hemorroidas Dimórficas,obstipação,dor_durante_a_defecação,dor_na_região_anal,fezes_com_sangue,irritação_no_ânus,,,,,,,,,,,,
Ataque Cardíaco,vómitos,falta_de_ar,sudorese,dor_no_peito,,,,,,,,,,,,,
Varizes,fadiga,cãibras,equimoses,obesidade,pernas_inchadas,vasos_sanguíneos_dilatados,veias_proeminentes_na_barriga_da_perna,,,,,,,,,,
Hipotiroidismo,fadiga,aumento_de_peso,mãos_e_pés_frios,alterações_de_humor,letargia,tonturas,rosto_e_olhos_inchados,tiróide_aumentada,unhas_frágeis,extremidades_inchadas,depressão,irritabilidade,menstruação_anormal,,,,
Hipertiroidismo,fadiga,alterações_de_humor,perda_de_peso,agitação,sudorese,diarreia,frequência_cardíaca_elevada,fome_excessiva,fraqueza_muscular,irritabilidade,menstruação_anormal,,,,,,
Hipoglicemia,vómitos,fadiga,ansiedade,sudorese,dor_de_cabeça,náuseas,visão_turva_e_distorcida,fome_excessiva,lábios_secos_e_com_formigueiro,discurso_arrastado,irritabilidade,palpitações,,,,,
Osteoartrite,dor_nas_articulações,dor_no_pescoço,dor_no_joelho,dor_na_articulação_da_anca,inchaço_das_articulações,dor_ao_caminhar,,,,,,,,,,,
Artrite,fraqueza_muscular,rigidez_cervical,inchaço_das_articulações,rigidez_de_movimentos,dor_ao_caminhar,,,,,,,,,,,,
Vertigem Posicional Paroxística Benigna,vómitos,dor_de_cabeça,náuseas,movimentos_de_rotação,perda_de_equilíbrio,instabilidade,,,,,,,,,,,
Acne,erupção_cutânea,borbulhas_com_pus,pontos_negros,descamação,,,,,,,,,,,,,
Infeção do Trato Urinário,micção_ardente,desconforto_na_bexiga,odor_fétido_na_urina,sensação_contínua_de_urinar,,,,,,,,,,,,,
Psoríase,erupção_cutânea,dor_nas_articulações,descamação_da_pele,aspeto_prateado_na_pele,pequenas_depressões_nas_unhas,unhas_inflamadas,,,,,,,,,,,
Impétigo,erupção_cutânea,febre_alta,bolha,ferida_vermelha_à_volta_do_nariz,crostas_amarelas_com_exsudado,,,,,,,,,,,,
Infeção Fúngica,comichão,erupção_cutânea,erupções_cutâneas_nodulares,manchas_discrómicas,,,,,,,,,,,,,
Alergia,espirros_contínuos,tremores,arrepios,lacrimejo,,,,,,,,,,,,,
DRGE,dor_de_estômago,acidez,úlceras_na_língua,vómitos,tosse,dor_no_peito,,,,,,,,,,,
Colestase Crónica,comichão,vómitos,pele_amarelada,náuseas,perda_de_apetite,dor_abdominal,amarelecimento_dos_olhos,,,,,,,,,,
Reação a Medicamentos,comichão,erupção_cutânea,dor_de_estômago,micção_ardente,perdas_urinárias,,,,,,,,,,,,
Úlcera Péptica,vómitos,indigestão,perda_de_apetite,dor_abdominal,passagem_de_gases,comichão_interna,,,,,,,,,,,
SIDA,atrofia_muscular,manchas_na_garganta,febre_alta,contactos_extraconjugais,,,,,,,,,,,,,
Diabetes,fadiga,perda_de_peso,agitação,letargia,nível_de_açúcar_irregular,visão_turva_e_distorcida,obesidade,fome_excessiva,apetite_aumentado,poliúria,,,,,,,
Gastroenterite,vómitos,olhos_encovados,desidratação,diarreia,,,,,,,,,,,,,
Asma Brônquica,fadiga,tosse,febre_alta,falta_de_ar,historial_familiar,expetoração_mucoide,,,,,,,,,,,
Hipertensão,dor_de_cabeça,dor_no_peito,tonturas,perda_de_equilíbrio,falta_de_concentração,,,,,,,,,,,,
Enxaqueca,acidez,indigestão,dor_de_cabeça,visão_turva_e_distorcida,fome_excessiva,rigidez_cervical,depressão,irritabilidade,perturbações_visuais,,,,,,,,
Espondilose Cervical,dor_nas_costas,fraqueza_nos_membros,dor_no_pescoço,tonturas,perda_de_equilíbrio,,,,,,,,,,,,
Paralisia (Hemorragia Cerebral),vómitos,dor_de_cabeça,fraqueza_num_lado_do_corpo,alteração_do_sensório,,,,,,,,,,,,,
Icterícia,comichão,vómitos,fadiga,perda_de_peso,febre_alta,pele_amarelada,urina_escura,dor_abdominal,,,,,,,,,
Malária,arrepios,vómitos,febre_alta,sudorese,dor_de_cabeça,náuseas,diarreia,dor_muscular,,,,,,,,,
Varicela,comichão,erupção_cutânea,fadiga,letargia,febre_alta,dor_de_cabeça,perda_de_apetite,febre_ligeira,gânglios_linfáticos_inchados,mal_estar,manchas_vermelhas_pelo_corpo,,,,,,
Dengue,erupção_cutânea,arrepios,dor_nas_articulações,vómitos,fadiga,febre_alta,dor_de_cabeça,náuseas,perda_de_apetite,dor_atrás_dos_olhos,dor_nas_costas,mal_estar,dor_muscular,manchas_vermelhas_pelo_corpo,,,
Febre Tifóide,arrepios,vómitos,fadiga,febre_alta,dor_de_cabeça,náuseas,obstipação,dor_abdominal,diarreia,aspeto_tóxico_(tifo),dor_na_barriga,,,,,,
Hepatite A,dor_nas_articulações,vómitos,pele_amarelada,urina_escura,náuseas,perda_de_apetite,dor_abdominal,diarreia,febre_ligeira,amarelecimento_dos_olhos,dor_muscular,,,,,,
Hepatite B,comichão,fadiga,letargia,pele_amarelada,urina_escura,perda_de_apetite,dor_abdominal,urina_amarela,amarelecimento_dos_olhos,mal_estar,receção_de_transfusão_de_sangue,receção_de_injeções_não_esterilizadas,,,,,
Hepatite C,fadiga,pele_amarelada,náuseas,perda_de_apetite,amarelecimento_dos_olhos,historial_familiar,,,,,,,,,,,
Hepatite D,dor_nas_articulações,vómitos,fadiga,pele_amarelada,urina_escura,náuseas,perda_de_apetite,dor_abdominal,amarelecimento_dos_olhos,,,,,,,,
Hepatite E,dor_nas_articulações,vómitos,fadiga,febre_alta,pele_amarelada,urina_escura,náuseas,perda_de_apetite,dor_abdominal,amarelecimento_dos_olhos,insuficiência_hepática_aguda,coma,hemorragia_gástrica,,,,
Hepatite Alcoólica,vómitos,pele_amarelada,dor_abdominal,inchaço_do_estômago,distensão_abdominal,historial_de_consumo_de_álcool,sobrecarga_de_fluidos,,,,,,,,,,
Tuberculose,arrepios,vómitos,fadiga,perda_de_peso,tosse,febre_alta,falta_de_ar,sudorese,perda_de_apetite,febre_ligeira,amarelecimento_dos_olhos,gânglios_linfáticos_inchados,mal_estar,fleuma,dor_no_peito,sangue_na_expetoração,
Constipação Comum,espirros_contínuos,arrepios,fadiga,tosse,febre_alta,dor_de_cabeça,gânglios_linfáticos_inchados,mal_estar,fleuma,irritação_da_garganta,vermelhidão_dos_olhos,pressão_sinusal,nariz_a_pingar,congestão,dor_no_peito,perda_de_olfato,dor_muscular
Pneumonia,arrepios,fadiga,tosse,febre_alta,falta_de_ar,sudorese,mal_estar,fleuma,dor_no_peito,frequência_cardíaca_elevada,expetoração_ferruginosa,,,,,,
Hemorroidas Dimórficas,obstipação,dor_durante_a_defecação,dor_na_região_anal,fezes_com_sangue,irritação_no_ânus,,,,,,,,,,,,
Ataque Cardíaco,vómitos,falta_de_ar,sudorese,dor_no_peito,,,,,,,,,,,,,
Varizes,fadiga,cãibras,equimoses,obesidade,pernas_inchadas,vasos_sanguíneos_dilatados,veias_proeminentes_na_barriga_da_perna,,,,,,,,,,
Hipotiroidismo,fadiga,aumento_de_peso,mãos_e_pés_frios,alterações_de_humor,letargia,tonturas,rosto_e_olhos_inchados,tiróide_aumentada,unhas_frágeis,extremidades_inchadas,depressão,irritabilidade,menstruação_anormal,,,,
Hipertiroidismo,fadiga,alterações_de_humor,perda_de_peso,agitação,sudorese,diarreia,frequência_cardíaca_elevada,fome_excessiva,fraqueza_muscular,irritabilidade,menstruação_anormal,,,,,,
Hipoglicemia,vómitos,fadiga,ansiedade,sudorese,dor_de_cabeça,náuseas,visão_turva_e_distorcida,fome_excessiva,lábios_secos_e_com_formigueiro,discurso_arrastado,irritabilidade,palpitações,,,,,
Osteoartrite,dor_nas_articulações,dor_no_pescoço,dor_no_joelho,dor_na_articulação_da_anca,inchaço_das_articulações,dor_ao_caminhar,,,,,,,,,,,
Artrite,fraqueza_muscular,rigidez_cervical,inchaço_das_articulações,rigidez_de_movimentos,dor_ao_caminhar,,,,,,,,,,,,
Vertigem Posicional Paroxística Benigna,vómitos,dor_de_cabeça,náuseas,movimentos_de_rotação,perda_de_equilíbrio,instabilidade,,,,,,,,,,,
Acne,erupção_cutânea,borbulhas_com_pus,pontos_negros,descamação,,,,,,,,,,,,,
Infeção do Trato Urinário,micção_ardente,desconforto_na_bexiga,odor_fétido_na_urina,sensação_contínua_de_urinar,,,,,,,,,,,,,
Psoríase,erupção_cutânea,dor_nas_articulações,descamação_da_pele,aspeto_prateado_na_pele,pequenas_depressões_nas_unhas,unhas_inflamadas,,,,,,,,,,,
Impétigo,erupção_cutânea,febre_alta,bolha,ferida_vermelha_à_volta_do_nariz,crostas_amarelas_com_exsudado,,,,,,,,,,,,
Infeção Fúngica,comichão,erupção_cutânea,erupções_cutâneas_nodulares,manchas_discrómicas,,,,,,,,,,,,,
Alergia,espirros_contínuos,tremores,arrepios,lacrimejo,,,,,,,,,,,,,
DRGE,dor_de_estômago,acidez,úlceras_na_língua,vómitos,tosse,dor_no_peito,,,,,,,,,,,
Colestase Crónica,comichão,vómitos,pele_amarelada,náuseas,perda_de_apetite,dor_abdominal,amarelecimento_dos_olhos,,,,,,,,,,
Reação a Medicamentos,comichão,erupção_cutânea,dor_de_estômago,micção_ardente,perdas_urinárias,,,,,,,,,,,,
Úlcera Péptica,vómitos,indigestão,perda_de_apetite,dor_abdominal,passagem_de_gases,comichão_interna,,,,,,,,,,,
SIDA,atrofia_muscular,manchas_na_garganta,febre_alta,contactos_extraconjugais,,,,,,,,,,,,,
Diabetes,fadiga,perda_de_peso,agitação,letargia,nível_de_açúcar_irregular,visão_turva_e_distorcida,obesidade,fome_excessiva,apetite_aumentado,poliúria,,,,,,,
Gastroenterite,vómitos,olhos_encovados,desidratação,diarreia,,,,,,,,,,,,,
Asma Brônquica,fadiga,tosse,febre_alta,falta_de_ar,historial_familiar,expetoração_mucoide,,,,,,,,,,,
Hipertensão,dor_de_cabeça,dor_no_peito,tonturas,perda_de_equilíbrio,falta_de_concentração,,,,,,,,,,,,
Enxaqueca,acidez,indigestão,dor_de_cabeça,visão_turva_e_distorcida,fome_excessiva,rigidez_cervical,depressão,irritabilidade,perturbações_visuais,,,,,,,,
Espondilose Cervical,dor_nas_costas,fraqueza_nos_membros,dor_no_pescoço,tonturas,perda_de_equilíbrio,,,,,,,,,,,,
Paralisia (Hemorragia Cerebral),vómitos,dor_de_cabeça,fraqueza_num_lado_do_corpo,alteração_do_sensório,,,,,,,,,,,,,
Icterícia,comichão,vómitos,fadiga,perda_de_peso,febre_alta,pele_amarelada,urina_escura,dor_abdominal,,,,,,,,,
Malária,arrepios,vómitos,febre_alta,sudorese,dor_de_cabeça,náuseas,diarreia,dor_muscular,,,,,,,,,
Varicela,comichão,erupção_cutânea,fadiga,letargia,febre_alta,dor_de_cabeça,perda_de_apetite,febre_ligeira,gânglios_linfáticos_inchados,mal_estar,manchas_vermelhas_pelo_corpo,,,,,,
Dengue,erupção_cutânea,arrepios,dor_nas_articulações,vómitos,fadiga,febre_alta,dor_de_cabeça,náuseas,perda_de_apetite,dor_atrás_dos_olhos,dor_nas_costas,mal_estar,dor_muscular,manchas_vermelhas_pelo_corpo,,,
Febre Tifóide,arrepios,vómitos,fadiga,febre_alta,dor_de_cabeça,náuseas,obstipação,dor_abdominal,diarreia,aspeto_tóxico_(tifo),dor_na_barriga,,,,,,
Hepatite A,dor_nas_articulações,vómitos,pele_amarelada,urina_escura,náuseas,perda_de_apetite,dor_abdominal,diarreia,febre_ligeira,amarelecimento_dos_olhos,dor_muscular,,,,,,
Hepatite B,comichão,fadiga,letargia,pele_amarelada,urina_escura,perda_de_apetite,dor_abdominal,urina_amarela,amarelecimento_dos_olhos,mal_estar,receção_de_transfusão_de_sangue,receção_de_injeções_não_esterilizadas,,,,,
Hepatite C,fadiga,pele_amarelada,náuseas,perda_de_apetite,amarelecimento_dos_olhos,historial_familiar,,,,,,,,,,,
Hepatite D,dor_nas_articulações,vómitos,fadiga,pele_amarelada,urina_escura,náuseas,perda_de_apetite,dor_abdominal,amarelecimento_dos_olhos,,,,,,,,
Hepatite E,dor_nas_articulações,vómitos,fadiga,febre_alta,pele_amarelada,urina_escura,náuseas,perda_de_apetite,dor_abdominal,amarelecimento_dos_olhos,insuficiência_hepática_aguda,coma,hemorragia_gástrica,,,,
Hepatite Alcoólica,vómitos,pele_amarelada,dor_abdominal,inchaço_do_estômago,distensão_abdominal,historial_de_consumo_de_álcool,sobrecarga_de_fluidos,,,,,,,,,,
Tuberculose,arrepios,vómitos,fadiga,perda_de_peso,tosse,febre_alta,falta_de_ar,sudorese,perda_de_apetite,febre_ligeira,amarelecimento_dos_olhos,gânglios_linfáticos_inchados,mal_estar,fleuma,dor_no_peito,sangue_na_expetoração,
Constipação Comum,espirros_contínuos,arrepios,fadiga,tosse,febre_alta,dor_de_cabeça,gânglios_linfáticos_inchados,mal_estar,fleuma,irritação_da_garganta,vermelhidão_dos_olhos,pressão_sinusal,nariz_a_pingar,congestão,dor_no_peito,perda_de_olfato,dor_muscular
Pneumonia,arrepios,fadiga,tosse,febre_alta,falta_de_ar,sudorese,mal_estar,fleuma,dor_no_peito,frequência_cardíaca_elevada,expetoração_ferruginosa,,,,,,
Hemorroidas Dimórficas,obstipação,dor_durante_a_defecação,dor_na_região_anal,fezes_com_sangue,irritação_no_ânus,,,,,,,,,,,,
Ataque Cardíaco,vómitos,falta_de_ar,sudorese,dor_no_peito,,,,,,,,,,,,,
Varizes,fadiga,cãibras,equimoses,obesidade,pernas_inchadas,vasos_sanguíneos_dilatados,veias_proeminentes_na_barriga_da_perna,,,,,,,,,,
Hipotiroidismo,fadiga,aumento_de_peso,mãos_e_pés_frios,alterações_de_humor,letargia,tonturas,rosto_e_olhos_inchados,tiróide_aumentada,unhas_frágeis,extremidades_inchadas,depressão,irritabilidade,menstruação_anormal,,,,
Hipertiroidismo,fadiga,alterações_de_humor,perda_de_peso,agitação,sudorese,diarreia,frequência_cardíaca_elevada,fome_excessiva,fraqueza_muscular,irritabilidade,menstruação_anormal,,,,,,
Hipoglicemia,vómitos,fadiga,ansiedade,sudorese,dor_de_cabeça,náuseas,visão_turva_e_distorcida,fome_excessiva,lábios_secos_e_com_formigueiro,discurso_arrastado,irritabilidade,palpitações,,,,,
Osteoartrite,dor_nas_articulações,dor_no_pescoço,dor_no_joelho,dor_na_articulação_da_anca,inchaço_das_articulações,dor_ao_caminhar,,,,,,,,,,,
Artrite,fraqueza_muscular,rigidez_cervical,inchaço_das_articulações,rigidez_de_movimentos,dor_ao_caminhar,,,,,,,,,,,,
Vertigem Posicional Paroxística Benigna,vómitos,dor_de_cabeça,náuseas,movimentos_de_rotação,perda_de_equilíbrio,instabilidade,,,,,,,,,,,
Acne,erupção_cutânea,borbulhas_com_pus,pontos_negros,descamação,,,,,,,,,,,,,
Infeção do Trato Urinário,micção_ardente,desconforto_na_bexiga,odor_fétido_na_urina,sensação_contínua_de_urinar,,,,,,,,,,,,,
Psoríase,erupção_cutânea,dor_nas_articulações,descamação_da_pele,aspeto_prateado_na_pele,pequenas_depressões_nas_unhas,unhas_inflamadas,,,,,,,,,,,
Impétigo,erupção_cutânea,febre_alta,bolha,ferida_vermelha_à_volta_do_nariz,crostas_amarelas_com_exsudado,,,,,,,,,,,,
Infeção Fúngica,comichão,erupção_cutânea,erupções_cutâneas_nodulares,manchas_discrómicas,,,,,,,,,,,,,
Alergia,espirros_contínuos,tremores,arrepios,lacrimejo,,,,,,,,,,,,,
DRGE,dor_de_estômago,acidez,úlceras_na_língua,vómitos,tosse,dor_no_peito,,,,,,,,,,,
Colestase Crónica,comichão,vómitos,pele_amarelada,náuseas,perda_de_apetite,dor_abdominal,amarelecimento_dos_olhos,,,,,,,,,,
Reação a Medicamentos,comichão,erupção_cutânea,dor_de_estômago,micção_ardente,perdas_urinárias,,,,,,,,,,,,
Úlcera Péptica,vómitos,indigestão,perda_de_apetite,dor_abdominal,passagem_de_gases,comichão_interna,,,,,,,,,,,
SIDA,atrofia_muscular,manchas_na_garganta,febre_alta,contactos_extraconjugais,,,,,,,,,,,,,
Diabetes,fadiga,perda_de_peso,agitação,letargia,nível_de_açúcar_irregular,visão_turva_e_distorcida,obesidade,fome_excessiva,apetite_aumentado,poliúria,,,,,,,
Gastroenterite,vómitos,olhos_encovados,desidratação,diarreia,,,,,,,,,,,,,
Asma Brônquica,fadiga,tosse,febre_alta,falta_de_ar,historial_familiar,expetoração_mucoide,,,,,,,,,,,
Hipertensão,dor_de_cabeça,dor_no_peito,tonturas,perda_de_equilíbrio,falta_de_concentração,,,,,,,,,,,,
Enxaqueca,acidez,indigestão,dor_de_cabeça,visão_turva_e_distorcida,fome_excessiva,rigidez_cervical,depressão,irritabilidade,perturbações_visuais,,,,,,,,
Espondilose Cervical,dor_nas_costas,fraqueza_nos_membros,dor_no_pescoço,tonturas,perda_de_equilíbrio,,,,,,,,,,,,
Paralisia (Hemorragia Cerebral),vómitos,dor_de_cabeça,fraqueza_num_lado_do_corpo,alteração_do_sensório,,,,,,,,,,,,,
Icterícia,comichão,vómitos,fadiga,perda_de_peso,febre_alta,pele_amarelada,urina_escura,dor_abdominal,,,,,,,,,
Malária,arrepios,vómitos,febre_alta,sudorese,dor_de_cabeça,náuseas,diarreia,dor_muscular,,,,,,,,,
Varicela,comichão,erupção_cutânea,fadiga,letargia,febre_alta,dor_de_cabeça,perda_de_apetite,febre_ligeira,gânglios_linfáticos_inchados,mal_estar,manchas_vermelhas_pelo_corpo,,,,,,
Dengue,erupção_cutânea,arrepios,dor_nas_articulações,vómitos,fadiga,febre_alta,dor_de_cabeça,náuseas,perda_de_apetite,dor_atrás_dos_olhos,dor_nas_costas,mal_estar,dor_muscular,manchas_vermelhas_pelo_corpo,,,
Febre Tifóide,arrepios,vómitos,fadiga,febre_alta,dor_de_cabeça,náuseas,obstipação,dor_abdominal,diarreia,aspeto_tóxico_(tifo),dor_na_barriga,,,,,,
Hepatite A,dor_nas_articulações,vómitos,pele_amarelada,urina_escura,náuseas,perda_de_apetite,dor_abdominal,diarreia,febre_ligeira,amarelecimento_dos_olhos,dor_muscular,,,,,,
Hepatite B,comichão,fadiga,letargia,pele_amarelada,urina_escura,perda_de_apetite,dor_abdominal,urina_amarela,amarelecimento_dos_olhos,mal_estar,receção_de_transfusão_de_sangue,receção_de_injeções_não_esterilizadas,,,,,
Hepatite C,fadiga,pele_amarelada,náuseas,perda_de_apetite,amarelecimento_dos_olhos,historial_familiar,,,,,,,,,,,
Hepatite D,dor_nas_articulações,vómitos,fadiga,pele_amarelada,urina_escura,náuseas,perda_de_apetite,dor_abdominal,amarelecimento_dos_olhos,,,,,,,,
Hepatite E,dor_nas_articulações,vómitos,fadiga,febre_alta,pele_amarelada,urina_escura,náuseas,perda_de_apetite,dor_abdominal,amarelecimento_dos_olhos,insuficiência_hepática_aguda,coma,hemorragia_gástrica,,,,
Hepatite Alcoólica,vómitos,pele_amarelada,dor_abdominal,inchaço_do_estômago,distensão_abdominal,historial_de_consumo_de_álcool,sobrecarga_de_fluidos,,,,,,,,,,
Tuberculose,arrepios,vómitos,fadiga,perda_de_peso,tosse,febre_alta,falta_de_ar,sudorese,perda_de_apetite,febre_ligeira,amarelecimento_dos_olhos,gânglios_linfáticos_inchados,mal_estar,fleuma,dor_no_peito,sangue_na_expetoração,
Constipação Comum,espirros_contínuos,arrepios,fadiga,tosse,febre_alta,dor_de_cabeça,gânglios_linfáticos_inchados,mal_estar,fleuma,irritação_da_garganta,vermelhidão_dos_olhos,pressão_sinusal,nariz_a_pingar,congestão,dor_no_peito,perda_de_olfato,dor_muscular
Pneumonia,arrepios,fadiga,tosse,febre_alta,falta_de_ar,sudorese,mal_estar,fleuma,dor_no_peito,frequência_cardíaca_elevada,expetoração_ferruginosa,,,,,,
Hemorroidas Dimórficas,obstipação,dor_durante_a_defecação,dor_na_região_anal,fezes_com_sangue,irritação_no_ânus,,,,,,,,,,,,
Ataque Cardíaco,vómitos,falta_de_ar,sudorese,dor_no_peito,,,,,,,,,,,,,
Varizes,fadiga,cãibras,equimoses,obesidade,pernas_inchadas,vasos_sanguíneos_dilatados,veias_proeminentes_na_barriga_da_perna,,,,,,,,,,
Hipotiroidismo,fadiga,aumento_de_peso,mãos_e_pés_frios,alterações_de_humor,letargia,tonturas,rosto_e_olhos_inchados,tiróide_aumentada,unhas_frágeis,extremidades_inchadas,depressão,irritabilidade,menstruação_anormal,,,,
Hipertiroidismo,fadiga,alterações_de_humor,perda_de_peso,agitação,sudorese,diarreia,frequência_cardíaca_elevada,fome_excessiva,fraqueza_muscular,irritabilidade,menstruação_anormal,,,,,,
Hipoglicemia,vómitos,fadiga,ansiedade,sudorese,dor_de_cabeça,náuseas,visão_turva_e_distorcida,fome_excessiva,lábios_secos_e_com_formigueiro,discurso_arrastado,irritabilidade,palpitações,,,,,
Osteoartrite,dor_nas_articulações,dor_no_pescoço,dor_no_joelho,dor_na_articulação_da_anca,inchaço_das_articulações,dor_ao_caminhar,,,,,,,,,,,
Artrite,fraqueza_muscular,rigidez_cervical,inchaço_das_articulações,rigidez_de_movimentos,dor_ao_caminhar,,,,,,,,,,,,
Vertigem Posicional Paroxística Benigna,vómitos,dor_de_cabeça,náuseas,movimentos_de_rotação,perda_de_equilíbrio,instabilidade,,,,,,,,,,,
Acne,erupção_cutânea,borbulhas_com_pus,pontos_negros,descamação,,,,,,,,,,,,,
Infeção do Trato Urinário,micção_ardente,desconforto_na_bexiga,odor_fétido_na_urina,sensação_contínua_de_urinar,,,,,,,,,,,,,
Psoríase,erupção_cutânea,dor_nas_articulações,descamação_da_pele,aspeto_prateado_na_pele,pequenas_depressões_nas_unhas,unhas_inflamadas,,,,,,,,,,,
Impétigo,erupção_cutânea,febre_alta,bolha,ferida_vermelha_à_volta_do_nariz,crostas_amarelas_com_exsudado,,,,,,,,,,,,
Infeção Fúngica,comichão,erupção_cutânea,erupções_cutâneas_nodulares,manchas_discrómicas,,,,,,,,,,,,,
Alergia,espirros_contínuos,tremores,arrepios,lacrimejo,,,,,,,,,,,,,
DRGE,dor_de_estômago,acidez,úlceras_na_língua,vómitos,tosse,dor_no_peito,,,,,,,,,,,
Colestase Crónica,comichão,vómitos,pele_amarelada,náuseas,perda_de_apetite,dor_abdominal,amarelecimento_dos_olhos,,,,,,,,,,
Reação a Medicamentos,comichão,erupção_cutânea,dor_de_estômago,micção_ardente,perdas_urinárias,,,,,,,,,,,,
Úlcera Péptica,vómitos,indigestão,perda_de_apetite,dor_abdominal,passagem_de_gases,comichão_interna,,,,,,,,,,,
SIDA,atrofia_muscular,manchas_na_garganta,febre_alta,contactos_extraconjugais,,,,,,,,,,,,,
Diabetes,fadiga,perda_de_peso,agitação,letargia,nível_de_açúcar_irregular,visão_turva_e_distorcida,obesidade,fome_excessiva,apetite_aumentado,poliúria,,,,,,,
Gastroenterite,vómitos,olhos_encovados,desidratação,diarreia,,,,,,,,,,,,,
Asma Brônquica,fadiga,tosse,febre_alta,falta_de_ar,historial_familiar,expetoração_mucoide,,,,,,,,,,,
Hipertensão,dor_de_cabeça,dor_no_peito,tonturas,perda_de_equilíbrio,falta_de_concentração,,,,,,,,,,,,
Enxaqueca,acidez,indigestão,dor_de_cabeça,visão_turva_e_distorcida,fome_excessiva,rigidez_cervical,depressão,irritabilidade,perturbações_visuais,,,,,,,,
Espondilose Cervical,dor_nas_costas,fraqueza_nos_membros,dor_no_pescoço,tonturas,perda_de_equilíbrio,,,,,,,,,,,,
Paralisia (Hemorragia Cerebral),vómitos,dor_de_cabeça,fraqueza_num_lado_do_corpo,alteração_do_sensório,,,,,,,,,,,,,
Icterícia,comichão,vómitos,fadiga,perda_de_peso,febre_alta,pele_amarelada,urina_escura,dor_abdominal,,,,,,,,,
Malária,arrepios,vómitos,febre_alta,sudorese,dor_de_cabeça,náuseas,diarreia,dor_muscular,,,,,,,,,
Varicela,comichão,erupção_cutânea,fadiga,letargia,febre_alta,dor_de_cabeça,perda_de_apetite,febre_ligeira,gânglios_linfáticos_inchados,mal_estar,manchas_vermelhas_pelo_corpo,,,,,,
Dengue,erupção_cutânea,arrepios,dor_nas_articulações,vómitos,fadiga,febre_alta,dor_de_cabeça,náuseas,perda_de_apetite,dor_atrás_dos_olhos,dor_nas_costas,mal_estar,dor_muscular,manchas_vermelhas_pelo_corpo,,,
Febre Tifóide,arrepios,vómitos,fadiga,febre_alta,dor_de_cabeça,náuseas,obstipação,dor_abdominal,diarreia,aspeto_tóxico_(tifo),dor_na_barriga,,,,,,
Hepatite A,dor_nas_articulações,vómitos,pele_amarelada,urina_escura,náuseas,perda_de_apetite,dor_abdominal,diarreia,febre_ligeira,amarelecimento_dos_olhos,dor_muscular,,,,,,
Hepatite B,comichão,fadiga,letargia,pele_amarelada,urina_escura,perda_de_apetite,dor_abdominal,urina_amarela,amarelecimento_dos_olhos,mal_estar,receção_de_transfusão_de_sangue,receção_de_injeções_não_esterilizadas,,,,,
Hepatite C,fadiga,pele_amarelada,náuseas,perda_de_apetite,amarelecimento_dos_olhos,historial_familiar,,,,,,,,,,,
Hepatite D,dor_nas_articulações,vómitos,fadiga,pele_amarelada,urina_escura,náuseas,perda_de_apetite,dor_abdominal,amarelecimento_dos_olhos,,,,,,,,
Hepatite E,dor_nas_articulações,vómitos,fadiga,febre_alta,pele_amarelada,urina_escura,náuseas,perda_de_apetite,dor_abdominal,amarelecimento_dos_olhos,insuficiência_hepática_aguda,coma,hemorragia_gástrica,,,,
Hepatite Alcoólica,vómitos,pele_amarelada,dor_abdominal,inchaço_do_estômago,distensão_abdominal,historial_de_consumo_de_álcool,sobrecarga_de_fluidos,,,,,,,,,,
Tuberculose,arrepios,vómitos,fadiga,perda_de_peso,tosse,febre_alta,falta_de_ar,sudorese,perda_de_apetite,febre_ligeira,amarelecimento_dos_olhos,gânglios_linfáticos_inchados,mal_estar,fleuma,dor_no_peito,sangue_na_expetoração,
Constipação Comum,espirros_contínuos,arrepios,fadiga,tosse,febre_alta,dor_de_cabeça,gânglios_linfáticos_inchados,mal_estar,fleuma,irritação_da_garganta,vermelhidão_dos_olhos,pressão_sinusal,nariz_a_pingar,congestão,dor_no_peito,perda_de_olfato,dor_muscular
Pneumonia,arrepios,fadiga,tosse,febre_alta,falta_de_ar,sudorese,mal_estar,fleuma,dor_no_peito,frequência_cardíaca_elevada,expetoração_ferruginosa,,,,,,
Hemorroidas Dimórficas,obstipação,dor_durante_a_defecação,dor_na_região_anal,fezes_com_sangue,irritação_no_ânus,,,,,,,,,,,,
Ataque Cardíaco,vómitos,falta_de_ar,sudorese,dor_no_peito,,,,,,,,,,,,,
Varizes,fadiga,cãibras,equimoses,obesidade,pernas_inchadas,vasos_sanguíneos_dilatados,veias_proeminentes_na_barriga_da_perna,,,,,,,,,,
Hipotiroidismo,fadiga,aumento_de_peso,mãos_e_pés_frios,alterações_de_humor,letargia,tonturas,rosto_e_olhos_inchados,tiróide_aumentada,unhas_frágeis,extremidades_inchadas,depressão,irritabilidade,menstruação_anormal,,,,
Hipertiroidismo,fadiga,alterações_de_humor,perda_de_peso,agitação,sudorese,diarreia,frequência_cardíaca_elevada,fome_excessiva,fraqueza_muscular,irritabilidade,menstruação_anormal,,,,,,
Hipoglicemia,vómitos,fadiga,ansiedade,sudorese,dor_de_cabeça,náuseas,visão_turva_e_distorcida,fome_excessiva,lábios_secos_e_com_formigueiro,discurso_arrastado,irritabilidade,palpitações,,,,,
Osteoartrite,dor_nas_articulações,dor_no_pescoço,dor_no_joelho,dor_na_articulação_da_anca,inchaço_das_articulações,dor_ao_caminhar,,,,,,,,,,,
Artrite,fraqueza_muscular,rigidez_cervical,inchaço_das_articulações,rigidez_de_movimentos,dor_ao_caminhar,,,,,,,,,,,,
Vertigem Posicional Paroxística Benigna,vómitos,dor_de_cabeça,náuseas,movimentos_de_rotação,perda_de_equilíbrio,instabilidade,,,,,,,,,,,
Acne,erupção_cutânea,borbulhas_com_pus,pontos_negros,descamação,,,,,,,,,,,,,
Infeção do Trato Urinário,micção_ardente,desconforto_na_bexiga,odor_fétido_na_urina,sensação_contínua_de_urinar,,,,,,,,,,,,,
Psoríase,erupção_cutânea,dor_nas_articulações,descamação_da_pele,aspeto_prateado_na_pele,pequenas_depressões_nas_unhas,unhas_inflamadas,,,,,,,,,,,
Impétigo,erupção_cutânea,febre_alta,bolha,ferida_vermelha_à_volta_do_nariz,crostas_amarelas_com_exsudado,,,,,,,,,,,,
Infeção Fúngica,comichão,erupção_cutânea,erupções_cutâneas_nodulares,manchas_discrómicas,,,,,,,,,,,,,
Alergia,espirros_contínuos,tremores,arrepios,lacrimejo,,,,,,,,,,,,,
DRGE,dor_de_estômago,acidez,úlceras_na_língua,vómitos,tosse,dor_no_peito,,,,,,,,,,,
Colestase Crónica,comichão,vómitos,pele_amarelada,náuseas,perda_de_apetite,dor_abdominal,amarelecimento_dos_olhos,,,,,,,,,,
Reação a Medicamentos,comichão,erupção_cutânea,dor_de_estômago,micção_ardente,perdas_urinárias,,,,,,,,,,,,
Úlcera Péptica,vómitos,indigestão,perda_de_apetite,dor_abdominal,passagem_de_gases,comichão_interna,,,,,,,,,,,
SIDA,atrofia_muscular,manchas_na_garganta,febre_alta,contactos_extraconjugais,,,,,,,,,,,,,
Diabetes,fadiga,perda_de_peso,agitação,letargia,nível_de_açúcar_irregular,visão_turva_e_distorcida,obesidade,fome_excessiva,apetite_aumentado,poliúria,,,,,,,
Gastroenterite,vómitos,olhos_encovados,desidratação,diarreia,,,,,,,,,,,,,
Asma Brônquica,fadiga,tosse,febre_alta,falta_de_ar,historial_familiar,expetoração_mucoide,,,,,,,,,,,
Hipertensão,dor_de_cabeça,dor_no_peito,tonturas,perda_de_equilíbrio,falta_de_concentração,,,,,,,,,,,,
Enxaqueca,acidez,indigestão,dor_de_cabeça,visão_turva_e_distorcida,fome_excessiva,rigidez_cervical,depressão,irritabilidade,perturbações_visuais,,,,,,,,
Espondilose Cervical,dor_nas_costas,fraqueza_nos_membros,dor_no_pescoço,tonturas,perda_de_equilíbrio,,,,,,,,,,,,
Paralisia (Hemorragia Cerebral),vómitos,dor_de_cabeça,fraqueza_num_lado_do_corpo,alteração_do_sensório,,,,,,,,,,,,,
Icterícia,comichão,vómitos,fadiga,perda_de_peso,febre_alta,pele_amarelada,urina_escura,dor_abdominal,,,,,,,,,
Malária,arrepios,vómitos,febre_alta,sudorese,dor_de_cabeça,náuseas,diarreia,dor_muscular,,,,,,,,,
Varicela,comichão,erupção_cutânea,fadiga,letargia,febre_alta,dor_de_cabeça,perda_de_apetite,febre_ligeira,gânglios_linfáticos_inchados,mal_estar,manchas_vermelhas_pelo_corpo,,,,,,
Dengue,erupção_cutânea,arrepios,dor_nas_articulações,vómitos,fadiga,febre_alta,dor_de_cabeça,náuseas,perda_de_apetite,dor_atrás_dos_olhos,dor_nas_costas,mal_estar,dor_muscular,manchas_vermelhas_pelo_corpo,,,
Febre Tifóide,arrepios,vómitos,fadiga,febre_alta,dor_de_cabeça,náuseas,obstipação,dor_abdominal,diarreia,aspeto_tóxico_(tifo),dor_na_barriga,,,,,,
Hepatite A,dor_nas_articulações,vómitos,pele_amarelada,urina_escura,náuseas,perda_de_apetite,dor_abdominal,diarreia,febre_ligeira,amarelecimento_dos_olhos,dor_muscular,,,,,,
Hepatite B,comichão,fadiga,letargia,pele_amarelada,urina_escura,perda_de_apetite,dor_abdominal,urina_amarela,amarelecimento_dos_olhos,mal_estar,receção_de_transfusão_de_sangue,receção_de_injeções_não_esterilizadas,,,,,
Hepatite C,fadiga,pele_amarelada,náuseas,perda_de_apetite,amarelecimento_dos_olhos,historial_familiar,,,,,,,,,,,
Hepatite D,dor_nas_articulações,vómitos,fadiga,pele_amarelada,urina_escura,náuseas,perda_de_apetite,dor_abdominal,amarelecimento_dos_olhos,,,,,,,,
Hepatite E,dor_nas_articulações,vómitos,fadiga,febre_alta,pele_amarelada,urina_escura,náuseas,perda_de_apetite,dor_abdominal,amarelecimento_dos_olhos,insuficiência_hepática_aguda,coma,hemorragia_gástrica,,,,
Hepatite Alcoólica,vómitos,pele_amarelada,dor_abdominal,inchaço_do_estômago,distensão_abdominal,historial_de_consumo_de_álcool,sobrecarga_de_fluidos,,,,,,,,,,
Tuberculose,arrepios,vómitos,fadiga,perda_de_peso,tosse,febre_alta,falta_de_ar,sudorese,perda_de_apetite,febre_ligeira,amarelecimento_dos_olhos,gânglios_linfáticos_inchados,mal_estar,fleuma,dor_no_peito,sangue_na_expetoração,
Constipação Comum,espirros_contínuos,arrepios,fadiga,tosse,febre_alta,dor_de_cabeça,gânglios_linfáticos_inchados,mal_estar,fleuma,irritação_da_garganta,vermelhidão_dos_olhos,pressão_sinusal,nariz_a_pingar,congestão,dor_no_peito,perda_de_olfato,dor_muscular
Pneumonia,arrepios,fadiga,tosse,febre_alta,falta_de_ar,sudorese,mal_estar,fleuma,dor_no_peito,frequência_cardíaca_elevada,expetoração_ferruginosa,,,,,,
Hemorroidas Dimórficas,obstipação,dor_durante_a_defecação,dor_na_região_anal,fezes_com_sangue,irritação_no_ânus,,,,,,,,,,,,
Ataque Cardíaco,vómitos,falta_de_ar,sudorese,dor_no_peito,,,,,,,,,,,,,
Varizes,fadiga,cãibras,equimoses,obesidade,pernas_inchadas,vasos_sanguíneos_dilatados,veias_proeminentes_na_barriga_da_perna,,,,,,,,,,
Hipotiroidismo,fadiga,aumento_de_peso,mãos_e_pés_frios,alterações_de_humor,letargia,tonturas,rosto_e_olhos_inchados,tiróide_aumentada,unhas_frágeis,extremidades_inchadas,depressão,irritabilidade,menstruação_anormal,,,,
Hipertiroidismo,fadiga,alterações_de_humor,perda_de_peso,agitação,sudorese,diarreia,frequência_cardíaca_elevada,fome_excessiva,fraqueza_muscular,irritabilidade,menstruação_anormal,,,,,,
Hipoglicemia,vómitos,fadiga,ansiedade,sudorese,dor_de_cabeça,náuseas,visão_turva_e_distorcida,fome_excessiva,lábios_secos_e_com_formigueiro,discurso_arrastado,irritabilidade,palpitações,,,,,
Osteoartrite,dor_nas_articulações,dor_no_pescoço,dor_no_joelho,dor_na_articulação_da_anca,inchaço_das_articulações,dor_ao_caminhar,,,,,,,,,,,
Artrite,fraqueza_muscular,rigidez_cervical,inchaço_das_articulações,rigidez_de_movimentos,dor_ao_caminhar,,,,,,,,,,,,
Vertigem Posicional Paroxística Benigna,vómitos,dor_de_cabeça,náuseas,movimentos_de_rotação,perda_de_equilíbrio,instabilidade,,,,,,,,,,,
Acne,erupção_cutânea,borbulhas_com_pus,pontos_negros,descamação,,,,,,,,,,,,,
Infeção do Trato Urinário,micção_ardente,desconforto_na_bexiga,odor_fétido_na_urina,sensação_contínua_de_urinar,,,,,,,,,,,,,
Psoríase,erupção_cutânea,dor_nas_articulações,descamação_da_pele,aspeto_prateado_na_pele,pequenas_depressões_nas_unhas,unhas_inflamadas,,,,,,,,,,,
Impétigo,erupção_cutânea,febre_alta,bolha,ferida_vermelha_à_volta_do_nariz,crostas_amarelas_com_exsudado,,,,,,,,,,,,
Infeção Fúngica,comichão,erupção_cutânea,erupções_cutâneas_nodulares,manchas_discrómicas,,,,,,,,,,,,,
Alergia,espirros_contínuos,tremores,arrepios,lacrimejo,,,,,,,,,,,,,
DRGE,dor_de_estômago,acidez,úlceras_na_língua,vómitos,tosse,dor_no_peito,,,,,,,,,,,
Colestase Crónica,comichão,vómitos,pele_amarelada,náuseas,perda_de_apetite,dor_abdominal,amarelecimento_dos_olhos,,,,,,,,,,
Reação a Medicamentos,comichão,erupção_cutânea,dor_de_estômago,micção_ardente,perdas_urinárias,,,,,,,,,,,,
Úlcera Péptica,vómitos,indigestão,perda_de_apetite,dor_abdominal,passagem_de_gases,comichão_interna,,,,,,,,,,,
SIDA,atrofia_muscular,manchas_na_garganta,febre_alta,contactos_extraconjugais,,,,,,,,,,,,,
Diabetes,fadiga,perda_de_peso,agitação,letargia,nível_de_açúcar_irregular,visão_turva_e_distorcida,obesidade,fome_excessiva,apetite_aumentado,poliúria,,,,,,,
Gastroenterite,vómitos,olhos_encovados,desidratação,diarreia,,,,,,,,,,,,,
Asma Brônquica,fadiga,tosse,febre_alta,falta_de_ar,historial_familiar,expetoração_mucoide,,,,,,,,,,,
Hipertensão,dor_de_cabeça,dor_no_peito,tonturas,perda_de_equilíbrio,falta_de_concentração,,,,,,,,,,,,
Enxaqueca,acidez,indigestão,dor_de_cabeça,visão_turva_e_distorcida,fome_excessiva,rigidez_cervical,depressão,irritabilidade,perturbações_visuais,,,,,,,,
Espondilose Cervical,dor_nas_costas,fraqueza_nos_membros,dor_no_pescoço,tonturas,perda_de_equilíbrio,,,,,,,,,,,,
Paralisia (Hemorragia Cerebral),vómitos,dor_de_cabeça,fraqueza_num_lado_do_corpo,alteração_do_sensório,,,,,,,,,,,,,
Icterícia,comichão,vómitos,fadiga,perda_de_peso,febre_alta,pele_amarelada,urina_escura,dor_abdominal,,,,,,,,,
Malária,arrepios,vómitos,febre_alta,sudorese,dor_de_cabeça,náuseas,diarreia,dor_muscular,,,,,,,,,
Varicela,comichão,erupção_cutânea,fadiga,letargia,febre_alta,dor_de_cabeça,perda_de_apetite,febre_ligeira,gânglios_linfáticos_inchados,mal_estar,manchas_vermelhas_pelo_corpo,,,,,,
Dengue,erupção_cutânea,arrepios,dor_nas_articulações,vómitos,fadiga,febre_alta,dor_de_cabeça,náuseas,perda_de_apetite,dor_atrás_dos_olhos,dor_nas_costas,mal_estar,dor_muscular,manchas_vermelhas_pelo_corpo,,,
Febre Tifóide,arrepios,vómitos,fadiga,febre_alta,dor_de_cabeça,náuseas,obstipação,dor_abdominal,diarreia,aspeto_tóxico_(tifo),dor_na_barriga,,,,,,
Hepatite A,dor_nas_articulações,vómitos,pele_amarelada,urina_escura,náuseas,perda_de_apetite,dor_abdominal,diarreia,febre_ligeira,amarelecimento_dos_olhos,dor_muscular,,,,,,
Hepatite B,comichão,fadiga,letargia,pele_amarelada,urina_escura,perda_de_apetite,dor_abdominal,urina_amarela,amarelecimento_dos_olhos,mal_estar,receção_de_transfusão_de_sangue,receção_de_injeções_não_esterilizadas,,,,,
Hepatite C,fadiga,pele_amarelada,náuseas,perda_de_apetite,amarelecimento_dos_olhos,historial_familiar,,,,,,,,,,,
Hepatite D,dor_nas_articulações,vómitos,fadiga,pele_amarelada,urina_escura,náuseas,perda_de_apetite,dor_abdominal,amarelecimento_dos_olhos,,,,,,,,
Hepatite E,dor_nas_articulações,vómitos,fadiga,febre_alta,pele_amarelada,urina_escura,náuseas,perda_de_apetite,dor_abdominal,amarelecimento_dos_olhos,insuficiência_hepática_aguda,coma,hemorragia_gástrica,,,,
Hepatite Alcoólica,vómitos,pele_amarelada,dor_abdominal,inchaço_do_estômago,distensão_abdominal,historial_de_consumo_de_álcool,sobrecarga_de_fluidos,,,,,,,,,,
Tuberculose,arrepios,vómitos,fadiga,perda_de_peso,tosse,febre_alta,falta_de_ar,sudorese,perda_de_apetite,febre_ligeira,amarelecimento_dos_olhos,gânglios_linfáticos_inchados,mal_estar,fleuma,dor_no_peito,sangue_na_expetoração,
Constipação Comum,espirros_contínuos,arrepios,fadiga,tosse,febre_alta,dor_de_cabeça,gânglios_linfáticos_inchados,mal_estar,fleuma,irritação_da_garganta,vermelhidão_dos_olhos,pressão_sinusal,nariz_a_pingar,congestão,dor_no_peito,perda_de_olfato,dor_muscular
Pneumonia,arrepios,fadiga,tosse,febre_alta,falta_de_ar,sudorese,mal_estar,fleuma,dor_no_peito,frequência_cardíaca_elevada,expetoração_ferruginosa,,,,,,
Hemorroidas Dimórficas,obstipação,dor_durante_a_defecação,dor_na_região_anal,fezes_com_sangue,irritação_no_ânus,,,,,,,,,,,,
Ataque Cardíaco,vómitos,falta_de_ar,sudorese,dor_no_peito,,,,,,,,,,,,,
Varizes,fadiga,cãibras,equimoses,obesidade,pernas_inchadas,vasos_sanguíneos_dilatados,veias_proeminentes_na_barriga_da_perna,,,,,,,,,,
Hipotiroidismo,fadiga,aumento_de_peso,mãos_e_pés_frios,alterações_de_humor,letargia,tonturas,rosto_e_olhos_inchados,tiróide_aumentada,unhas_frágeis,extremidades_inchadas,depressão,irritabilidade,menstruação_anormal,,,,
Hipertiroidismo,fadiga,alterações_de_humor,perda_de_peso,agitação,sudorese,diarreia,frequência_cardíaca_elevada,fome_excessiva,fraqueza_muscular,irritabilidade,menstruação_anormal,,,,,,
Hipoglicemia,vómitos,fadiga,ansiedade,sudorese,dor_de_cabeça,náuseas,visão_turva_e_distorcida,fome_excessiva,lábios_secos_e_com_formigueiro,discurso_arrastado,irritabilidade,palpitações,,,,,
Osteoartrite,dor_nas_articulações,dor_no_pescoço,dor_no_joelho,dor_na_articulação_da_anca,inchaço_das_articulações,dor_ao_caminhar,,,,,,,,,,,
Artrite,fraqueza_muscular,rigidez_cervical,inchaço_das_articulações,rigidez_de_movimentos,dor_ao_caminhar,,,,,,,,,,,,
Vertigem Posicional Paroxística Benigna,vómitos,dor_de_cabeça,náuseas,movimentos_de_rotação,perda_de_equilíbrio,instabilidade,,,,,,,,,,,
Acne,erupção_cutânea,borbulhas_com_pus,pontos_negros,descamação,,,,,,,,,,,,,
Infeção do Trato Urinário,micção_ardente,desconforto_na_bexiga,odor_fétido_na_urina,sensação_contínua_de_urinar,,,,,,,,,,,,,
Psoríase,erupção_cutânea,dor_nas_articulações,descamação_da_pele,aspeto_prateado_na_pele,pequenas_depressões_nas_unhas,unhas_inflamadas,,,,,,,,,,,
Impétigo,erupção_cutânea,febre_alta,bolha,ferida_vermelha_à_volta_do_nariz,crostas_amarelas_com_exsudado,,,,,,,,,,,,
Infeção Fúngica,comichão,erupção_cutânea,erupções_cutâneas_nodulares,manchas_discrómicas,,,,,,,,,,,,,
Alergia,espirros_contínuos,tremores,arrepios,lacrimejo,,,,,,,,,,,,,
DRGE,dor_de_estômago,acidez,úlceras_na_língua,vómitos,tosse,dor_no_peito,,,,,,,,,,,
Colestase Crónica,comichão,vómitos,pele_amarelada,náuseas,perda_de_apetite,dor_abdominal,amarelecimento_dos_olhos,,,,,,,,,,
Reação a Medicamentos,comichão,erupção_cutânea,dor_de_estômago,micção_ardente,perdas_urinárias,,,,,,,,,,,,
Úlcera Péptica,vómitos,indigestão,perda_de_apetite,dor_abdominal,passagem_de_gases,comichão_interna,,,,,,,,,,,
SIDA,atrofia_muscular,manchas_na_garganta,febre_alta,contactos_extraconjugais,,,,,,,,,,,,,
Diabetes,fadiga,perda_de_peso,agitação,letargia,nível_de_açúcar_irregular,visão_turva_e_distorcida,obesidade,fome_excessiva,apetite_aumentado,poliúria,,,,,,,
Gastroenterite,vómitos,olhos_encovados,desidratação,diarreia,,,,,,,,,,,,,
Asma Brônquica,fadiga,tosse,febre_alta,falta_de_ar,historial_familiar,expetoração_mucoide,,,,,,,,,,,
Hipertensão,dor_de_cabeça,dor_no_peito,tonturas,perda_de_equilíbrio,falta_de_concentração,,,,,,,,,,,,
Enxaqueca,acidez,indigestão,dor_de_cabeça,visão_turva_e_distorcida,fome_excessiva,rigidez_cervical,depressão,irritabilidade,perturbações_visuais,,,,,,,,
Espondilose Cervical,dor_nas_costas,fraqueza_nos_membros,dor_no_pescoço,tonturas,perda_de_equilíbrio,,,,,,,,,,,,
Paralisia (Hemorragia Cerebral),vómitos,dor_de_cabeça,fraqueza_num_lado_do_corpo,alteração_do_sensório,,,,,,,,,,,,,
Icterícia,comichão,vómitos,fadiga,perda_de_peso,febre_alta,pele_amarelada,urina_escura,dor_abdominal,,,,,,,,,
Malária,arrepios,vómitos,febre_alta,sudorese,dor_de_cabeça,náuseas,diarreia,dor_muscular,,,,,,,,,
Varicela,comichão,erupção_cutânea,fadiga,letargia,febre_alta,dor_de_cabeça,perda_de_apetite,febre_ligeira,gânglios_linfáticos_inchados,mal_estar,manchas_vermelhas_pelo_corpo,,,,,,
Dengue,erupção_cutânea,arrepios,dor_nas_articulações,vómitos,fadiga,febre_alta,dor_de_cabeça,náuseas,perda_de_apetite,dor_atrás_dos_olhos,dor_nas_costas,mal_estar,dor_muscular,manchas_vermelhas_pelo_corpo,,,
Febre Tifóide,arrepios,vómitos,fadiga,febre_alta,dor_de_cabeça,náuseas,obstipação,dor_abdominal,diarreia,aspeto_tóxico_(tifo),dor_na_barriga,,,,,,
Hepatite A,dor_nas_articulações,vómitos,pele_amarelada,urina_escura,náuseas,perda_de_apetite,dor_abdominal,diarreia,febre_ligeira,amarelecimento_dos_olhos,dor_muscular,,,,,,
Hepatite B,comichão,fadiga,letargia,pele_amarelada,urina_escura,perda_de_apetite,dor_abdominal,urina_amarela,amarelecimento_dos_olhos,mal_estar,receção_de_transfusão_de_sangue,receção_de_injeções_não_esterilizadas,,,,,
Hepatite C,fadiga,pele_amarelada,náuseas,perda_de_apetite,amarelecimento_dos_olhos,historial_familiar,,,,,,,,,,,
Hepatite D,dor_nas_articulações,vómitos,fadiga,pele_amarelada,urina_escura,náuseas,perda_de_apetite,dor_abdominal,amarelecimento_dos_olhos,,,,,,,,
Hepatite E,dor_nas_articulações,vómitos,fadiga,febre_alta,pele_amarelada,urina_escura,náuseas,perda_de_apetite,dor_abdominal,amarelecimento_dos_olhos,insuficiência_hepática_aguda,coma,hemorragia_gástrica,,,,
Hepatite Alcoólica,vómitos,pele_amarelada,dor_abdominal,inchaço_do_estômago,distensão_abdominal,historial_de_consumo_de_álcool,sobrecarga_de_fluidos,,,,,,,,,,
Tuberculose,arrepios,vómitos,fadiga,perda_de_peso,tosse,febre_alta,falta_de_ar,sudorese,perda_de_apetite,febre_ligeira,amarelecimento_dos_olhos,gânglios_linfáticos_inchados,mal_estar,fleuma,dor_no_peito,sangue_na_expetoração,
Constipação Comum,espirros_contínuos,arrepios,fadiga,tosse,febre_alta,dor_de_cabeça,gânglios_linfáticos_inchados,mal_estar,fleuma,irritação_da_garganta,vermelhidão_dos_olhos,pressão_sinusal,nariz_a_pingar,congestão,dor_no_peito,perda_de_olfato,dor_muscular
Pneumonia,arrepios,fadiga,tosse,febre_alta,falta_de_ar,sudorese,mal_estar,fleuma,dor_no_peito,frequência_cardíaca_elevada,expetoração_ferruginosa,,,,,,
Hemorroidas Dimórficas,obstipação,dor_durante_a_defecação,dor_na_região_anal,fezes_com_sangue,irritação_no_ânus,,,,,,,,,,,,
Ataque Cardíaco,vómitos,falta_de_ar,sudorese,dor_no_peito,,,,,,,,,,,,,
Varizes,fadiga,cãibras,equimoses,obesidade,pernas_inchadas,vasos_sanguíneos_dilatados,veias_proeminentes_na_barriga_da_perna,,,,,,,,,,
Hipotiroidismo,fadiga,aumento_de_peso,mãos_e_pés_frios,alterações_de_humor,letargia,tonturas,rosto_e_olhos_inchados,tiróide_aumentada,unhas_frágeis,extremidades_inchadas,depressão,irritabilidade,menstruação_anormal,,,,
Hipertiroidismo,fadiga,alterações_de_humor,perda_de_peso,agitação,sudorese,diarreia,frequência_cardíaca_elevada,fome_excessiva,fraqueza_muscular,irritabilidade,menstruação_anormal,,,,,,
Hipoglicemia,vómitos,fadiga,ansiedade,sudorese,dor_de_cabeça,náuseas,visão_turva_e_distorcida,fome_excessiva,lábios_secos_e_com_formigueiro,discurso_arrastado,irritabilidade,palpitações,,,,,
Osteoartrite,dor_nas_articulações,dor_no_pescoço,dor_no_joelho,dor_na_articulação_da_anca,inchaço_das_articulações,dor_ao_caminhar,,,,,,,,,,,
Artrite,fraqueza_muscular,rigidez_cervical,inchaço_das_articulações,rigidez_de_movimentos,dor_ao_caminhar,,,,,,,,,,,,
Vertigem Posicional Paroxística Benigna,vómitos,dor_de_cabeça,náuseas,movimentos_de_rotação,perda_de_equilíbrio,instabilidade,,,,,,,,,,,
Acne,erupção_cutânea,borbulhas_com_pus,pontos_negros,descamação,,,,,,,,,,,,,
Infeção do Trato Urinário,micção_ardente,desconforto_na_bexiga,odor_fétido_na_urina,sensação_contínua_de_urinar,,,,,,,,,,,,,
Psoríase,erupção_cutânea,dor_nas_articulações,descamação_da_pele,aspeto_prateado_na_pele,pequenas_depressões_nas_unhas,unhas_inflamadas,,,,,,,,,,,
Impétigo,erupção_cutânea,febre_alta,bolha,ferida_vermelha_à_volta_do_nariz,crostas_amarelas_com_exsudado,,,,,,,,,,,,
Infeção Fúngica,comichão,erupção_cutânea,erupções_cutâneas_nodulares,manchas_discrómicas,,,,,,,,,,,,,
Alergia,espirros_contínuos,tremores,arrepios,lacrimejo,,,,,,,,,,,,,
DRGE,dor_de_estômago,acidez,úlceras_na_língua,vómitos,tosse,dor_no_peito,,,,,,,,,,,
Colestase Crónica,comichão,vómitos,pele_amarelada,náuseas,perda_de_apetite,dor_abdominal,amarelecimento_dos_olhos,,,,,,,,,,
Reação a Medicamentos,comichão,erupção_cutânea,dor_de_estômago,micção_ardente,perdas_urinárias,,,,,,,,,,,,
Úlcera Péptica,vómitos,indigestão,perda_de_apetite,dor_abdominal,passagem_de_gases,comichão_interna,,,,,,,,,,,
SIDA,atrofia_muscular,manchas_na_garganta,febre_alta,contactos_extraconjugais,,,,,,,,,,,,,
Diabetes,fadiga,perda_de_peso,agitação,letargia,nível_de_açúcar_irregular,visão_turva_e_distorcida,obesidade,fome_excessiva,apetite_aumentado,poliúria,,,,,,,
Gastroenterite,vómitos,olhos_encovados,desidratação,diarreia,,,,,,,,,,,,,
Asma Brônquica,fadiga,tosse,febre_alta,falta_de_ar,historial_familiar,expetoração_mucoide,,,,,,,,,,,
Hipertensão,dor_de_cabeça,dor_no_peito,tonturas,perda_de_equilíbrio,falta_de_concentração,,,,,,,,,,,,
Enxaqueca,acidez,indigestão,dor_de_cabeça,visão_turva_e_distorcida,fome_excessiva,rigidez_cervical,depressão,irritabilidade,perturbações_visuais,,,,,,,,
Espondilose Cervical,dor_nas_costas,fraqueza_nos_membros,dor_no_pescoço,tonturas,perda_de_equilíbrio,,,,,,,,,,,,
Paralisia (Hemorragia Cerebral),vómitos,dor_de_cabeça,fraqueza_num_lado_do_corpo,alteração_do_sensório,,,,,,,,,,,,,
Icterícia,comichão,vómitos,fadiga,perda_de_peso,febre_alta,pele_amarelada,urina_escura,dor_abdominal,,,,,,,,,
Malária,arrepios,vómitos,febre_alta,sudorese,dor_de_cabeça,náuseas,diarreia,dor_muscular,,,,,,,,,
Varicela,comichão,erupção_cutânea,fadiga,letargia,febre_alta,dor_de_cabeça,perda_de_apetite,febre_ligeira,gânglios_linfáticos_inchados,mal_estar,manchas_vermelhas_pelo_corpo,,,,,,
Dengue,erupção_cutânea,arrepios,dor_nas_articulações,vómitos,fadiga,febre_alta,dor_de_cabeça,náuseas,perda_de_apetite,dor_atrás_dos_olhos,dor_nas_costas,mal_estar,dor_muscular,manchas_vermelhas_pelo_corpo,,,
Febre Tifóide,arrepios,vómitos,fadiga,febre_alta,dor_de_cabeça,náuseas,obstipação,dor_abdominal,diarreia,aspeto_tóxico_(tifo),dor_na_barriga,,,,,,
Hepatite A,dor_nas_articulações,vómitos,pele_amarelada,urina_escura,náuseas,perda_de_apetite,dor_abdominal,diarreia,febre_ligeira,amarelecimento_dos_olhos,dor_muscular,,,,,,
Hepatite B,comichão,fadiga,letargia,pele_amarelada,urina_escura,perda_de_apetite,dor_abdominal,urina_amarela,amarelecimento_dos_olhos,mal_estar,receção_de_transfusão_de_sangue,receção_de_injeções_não_esterilizadas,,,,,
Hepatite C,fadiga,pele_amarelada,náuseas,perda_de_apetite,amarelecimento_dos_olhos,historial_familiar,,,,,,,,,,,
Hepatite D,dor_nas_articulações,vómitos,fadiga,pele_amarelada,urina_escura,náuseas,perda_de_apetite,dor_abdominal,amarelecimento_dos_olhos,,,,,,,,
Hepatite E,dor_nas_articulações,vómitos,fadiga,febre_alta,pele_amarelada,urina_escura,náuseas,perda_de_apetite,dor_abdominal,amarelecimento_dos_olhos,insuficiência_hepática_aguda,coma,hemorragia_gástrica,,,,
Hepatite Alcoólica,vómitos,pele_amarelada,dor_abdominal,inchaço_do_estômago,distensão_abdominal,historial_de_consumo_de_álcool,sobrecarga_de_fluidos,,,,,,,,,,
Tuberculose,arrepios,vómitos,fadiga,perda_de_peso,tosse,febre_alta,falta_de_ar,sudorese,perda_de_apetite,febre_ligeira,amarelecimento_dos_olhos,gânglios_linfáticos_inchados,mal_estar,fleuma,dor_no_peito,sangue_na_expetoração,
Constipação Comum,espirros_contínuos,arrepios,fadiga,tosse,febre_alta,dor_de_cabeça,gânglios_linfáticos_inchados,mal_estar,fleuma,irritação_da_garganta,vermelhidão_dos_olhos,pressão_sinusal,nariz_a_pingar,congestão,dor_no_peito,perda_de_olfato,dor_muscular
Pneumonia,arrepios,fadiga,tosse,febre_alta,falta_de_ar,sudorese,mal_estar,fleuma,dor_no_peito,frequência_cardíaca_elevada,expetoração_ferruginosa,,,,,,
Hemorroidas Dimórficas,obstipação,dor_durante_a_defecação,dor_na_região_anal,fezes_com_sangue,irritação_no_ânus,,,,,,,,,,,,
Ataque Cardíaco,vómitos,falta_de_ar,sudorese,dor_no_peito,,,,,,,,,,,,,
Varizes,fadiga,cãibras,equimoses,obesidade,pernas_inchadas,vasos_sanguíneos_dilatados,veias_proeminentes_na_barriga_da_perna,,,,,,,,,,
Hipotiroidismo,fadiga,aumento_de_peso,mãos_e_pés_frios,alterações_de_humor,letargia,tonturas,rosto_e_olhos_inchados,tiróide_aumentada,unhas_frágeis,extremidades_inchadas,depressão,irritabilidade,menstruação_anormal,,,,
Hipertiroidismo,fadiga,alterações_de_humor,perda_de_peso,agitação,sudorese,diarreia,frequência_cardíaca_elevada,fome_excessiva,fraqueza_muscular,irritabilidade,menstruação_anormal,,,,,,
Hipoglicemia,vómitos,fadiga,ansiedade,sudorese,dor_de_cabeça,náuseas,visão_turva_e_distorcida,fome_excessiva,lábios_secos_e_com_formigueiro,discurso_arrastado,irritabilidade,palpitações,,,,,
Osteoartrite,dor_nas_articulações,dor_no_pescoço,dor_no_joelho,dor_na_articulação_da_anca,inchaço_das_articulações,dor_ao_caminhar,,,,,,,,,,,
Artrite,fraqueza_muscular,rigidez_cervical,inchaço_das_articulações,rigidez_de_movimentos,dor_ao_caminhar,,,,,,,,,,,,
Vertigem Posicional Paroxística Benigna,vómitos,dor_de_cabeça,náuseas,movimentos_de_rotação,perda_de_equilíbrio,instabilidade,,,,,,,,,,,
Acne,erupção_cutânea,borbulhas_com_pus,pontos_negros,descamação,,,,,,,,,,,,,
Infeção do Trato Urinário,micção_ardente,desconforto_na_bexiga,odor_fétido_na_urina,sensação_contínua_de_urinar,,,,,,,,,,,,,
Psoríase,erupção_cutânea,dor_nas_articulações,descamação_da_pele,aspeto_prateado_na_pele,pequenas_depressões_nas_unhas,unhas_inflamadas,,,,,,,,,,,
Impétigo,erupção_cutânea,febre_alta,bolha,ferida_vermelha_à_volta_do_nariz,crostas_amarelas_com_exsudado,,,,,,,,,,,,
Infeção Fúngica,comichão,erupção_cutânea,erupções_cutâneas_nodulares,manchas_discrómicas,,,,,,,,,,,,,
Alergia,espirros_contínuos,tremores,arrepios,lacrimejo,,,,,,,,,,,,,
DRGE,dor_de_estômago,acidez,úlceras_na_língua,vómitos,tosse,dor_no_peito,,,,,,,,,,,
Colestase Crónica,comichão,vómitos,pele_amarelada,náuseas,perda_de_apetite,dor_abdominal,amarelecimento_dos_olhos,,,,,,,,,,
Reação a Medicamentos,comichão,erupção_cutânea,dor_de_estômago,micção_ardente,perdas_urinárias,,,,,,,,,,,,
Úlcera Péptica,vómitos,indigestão,perda_de_apetite,dor_abdominal,passagem_de_gases,comichão_interna,,,,,,,,,,,
SIDA,atrofia_muscular,manchas_na_garganta,febre_alta,contactos_extraconjugais,,,,,,,,,,,,,
Diabetes,fadiga,perda_de_peso,agitação,letargia,nível_de_açúcar_irregular,visão_turva_e_distorcida,obesidade,fome_excessiva,apetite_aumentado,poliúria,,,,,,,
Gastroenterite,vómitos,olhos_encovados,desidratação,diarreia,,,,,,,,,,,,,
Asma Brônquica,fadiga,tosse,febre_alta,falta_de_ar,historial_familiar,expetoração_mucoide,,,,,,,,,,,
Hipertensão,dor_de_cabeça,dor_no_peito,tonturas,perda_de_equilíbrio,falta_de_concentração,,,,,,,,,,,,
Enxaqueca,acidez,indigestão,dor_de_cabeça,visão_turva_e_distorcida,fome_excessiva,rigidez_cervical,depressão,irritabilidade,perturbações_visuais,,,,,,,,
Espondilose Cervical,dor_nas_costas,fraqueza_nos_membros,dor_no_pescoço,tonturas,perda_de_equilíbrio,,,,,,,,,,,,
Paralisia (Hemorragia Cerebral),vómitos,dor_de_cabeça,fraqueza_num_lado_do_corpo,alteração_do_sensório,,,,,,,,,,,,,
Icterícia,comichão,vómitos,fadiga,perda_de_peso,febre_alta,pele_amarelada,urina_escura,dor_abdominal,,,,,,,,,
Malária,arrepios,vómitos,febre_alta,sudorese,dor_de_cabeça,náuseas,diarreia,dor_muscular,,,,,,,,,
Varicela,comichão,erupção_cutânea,fadiga,letargia,febre_alta,dor_de_cabeça,perda_de_apetite,febre_ligeira,gânglios_linfáticos_inchados,mal_estar,manchas_vermelhas_pelo_corpo,,,,,,
Dengue,erupção_cutânea,arrepios,dor_nas_articulações,vómitos,fadiga,febre_alta,dor_de_cabeça,náuseas,perda_de_apetite,dor_atrás_dos_olhos,dor_nas_costas,mal_estar,dor_muscular,manchas_vermelhas_pelo_corpo,,,
Febre Tifóide,arrepios,vómitos,fadiga,febre_alta,dor_de_cabeça,náuseas,obstipação,dor_abdominal,diarreia,aspeto_tóxico_(tifo),dor_na_barriga,,,,,,
Hepatite A,dor_nas_articulações,vómitos,pele_amarelada,urina_escura,náuseas,perda_de_apetite,dor_abdominal,diarreia,febre_ligeira,amarelecimento_dos_olhos,dor_muscular,,,,,,
Hepatite B,comichão,fadiga,letargia,pele_amarelada,urina_escura,perda_de_apetite,dor_abdominal,urina_amarela,amarelecimento_dos_olhos,mal_estar,receção_de_transfusão_de_sangue,receção_de_injeções_não_esterilizadas,,,,,
Hepatite C,fadiga,pele_amarelada,náuseas,perda_de_apetite,amarelecimento_dos_olhos,historial_familiar,,,,,,,,,,,
Hepatite D,dor_nas_articulações,vómitos,fadiga,pele_amarelada,urina_escura,náuseas,perda_de_apetite,dor_abdominal,amarelecimento_dos_olhos,,,,,,,,
Hepatite E,dor_nas_articulações,vómitos,fadiga,febre_alta,pele_amarelada,urina_escura,náuseas,perda_de_apetite,dor_abdominal,amarelecimento_dos_olhos,insuficiência_hepática_aguda,coma,hemorragia_gástrica,,,,
Hepatite Alcoólica,vómitos,pele_amarelada,dor_abdominal,inchaço_do_estômago,distensão_abdominal,historial_de_consumo_de_álcool,sobrecarga_de_fluidos,,,,,,,,,,
Tuberculose,arrepios,vómitos,fadiga,perda_de_peso,tosse,febre_alta,falta_de_ar,sudorese,perda_de_apetite,febre_ligeira,amarelecimento_dos_olhos,gânglios_linfáticos_inchados,mal_estar,fleuma,dor_no_peito,sangue_na_expetoração,
Constipação Comum,espirros_contínuos,arrepios,fadiga,tosse,febre_alta,dor_de_cabeça,gânglios_linfáticos_inchados,mal_estar,fleuma,irritação_da_garganta,vermelhidão_dos_olhos,pressão_sinusal,nariz_a_pingar,congestão,dor_no_peito,perda_de_olfato,dor_muscular
Pneumonia,arrepios,fadiga,tosse,febre_alta,falta_de_ar,sudorese,mal_estar,fleuma,dor_no_peito,frequência_cardíaca_elevada,expetoração_ferruginosa,,,,,,
Hemorroidas Dimórficas,obstipação,dor_durante_a_defecação,dor_na_região_anal,fezes_com_sangue,irritação_no_ânus,,,,,,,,,,,,
Ataque Cardíaco,vómitos,falta_de_ar,sudorese,dor_no_peito,,,,,,,,,,,,,
Varizes,fadiga,cãibras,equimoses,obesidade,pernas_inchadas,vasos_sanguíneos_dilatados,veias_proeminentes_na_barriga_da_perna,,,,,,,,,,
Hipotiroidismo,fadiga,aumento_de_peso,mãos_e_pés_frios,alterações_de_humor,letargia,tonturas,rosto_e_olhos_inchados,tiróide_aumentada,unhas_frágeis,extremidades_inchadas,depressão,irritabilidade,menstruação_anormal,,,,
Hipertiroidismo,fadiga,alterações_de_humor,perda_de_peso,agitação,sudorese,diarreia,frequência_cardíaca_elevada,fome_excessiva,fraqueza_muscular,irritabilidade,menstruação_anormal,,,,,,
Hipoglicemia,vómitos,fadiga,ansiedade,sudorese,dor_de_cabeça,náuseas,visão_turva_e_distorcida,fome_excessiva,lábios_secos_e_com_formigueiro,discurso_arrastado,irritabilidade,palpitações,,,,,
Osteoartrite,dor_nas_articulações,dor_no_pescoço,dor_no_joelho,dor_na_articulação_da_anca,inchaço_das_articulações,dor_ao_caminhar,,,,,,,,,,,
Artrite,fraqueza_muscular,rigidez_cervical,inchaço_das_articulações,rigidez_de_movimentos,dor_ao_caminhar,,,,,,,,,,,,
Vertigem Posicional Paroxística Benigna,vómitos,dor_de_cabeça,náuseas,movimentos_de_rotação,perda_de_equilíbrio,instabilidade,,,,,,,,,,,
Acne,erupção_cutânea,borbulhas_com_pus,pontos_negros,descamação,,,,,,,,,,,,,
Infeção do Trato Urinário,micção_ardente,desconforto_na_bexiga,odor_fétido_na_urina,sensação_contínua_de_urinar,,,,,,,,,,,,,
Psoríase,erupção_cutânea,dor_nas_articulações,descamação_da_pele,aspeto_prateado_na_pele,pequenas_depressões_nas_unhas,unhas_inflamadas,,,,,,,,,,,
Impétigo,erupção_cutânea,febre_alta,bolha,ferida_vermelha_à_volta_do_nariz,crostas_amarelas_com_exsudado,,,,,,,,,,,,
Infeção Fúngica,comichão,erupção_cutânea,erupções_cutâneas_nodulares,manchas_discrómicas,,,,,,,,,,,,,
Alergia,espirros_contínuos,tremores,arrepios,lacrimejo,,,,,,,,,,,,,
DRGE,dor_de_estômago,acidez,úlceras_na_língua,vómitos,tosse,dor_no_peito,,,,,,,,,,,
Colestase Crónica,comichão,vómitos,pele_amarelada,náuseas,perda_de_apetite,dor_abdominal,amarelecimento_dos_olhos,,,,,,,,,,
Reação a Medicamentos,comichão,erupção_cutânea,dor_de_estômago,micção_ardente,perdas_urinárias,,,,,,,,,,,,
Úlcera Péptica,vómitos,indigestão,perda_de_apetite,dor_abdominal,passagem_de_gases,comichão_interna,,,,,,,,,,,
SIDA,atrofia_muscular,manchas_na_garganta,febre_alta,contactos_extraconjugais,,,,,,,,,,,,,
Diabetes,fadiga,perda_de_peso,agitação,letargia,nível_de_açúcar_irregular,visão_turva_e_distorcida,obesidade,fome_excessiva,apetite_aumentado,poliúria,,,,,,,
Gastroenterite,vómitos,olhos_encovados,desidratação,diarreia,,,,,,,,,,,,,
Asma Brônquica,fadiga,tosse,febre_alta,falta_de_ar,historial_familiar,expetoração_mucoide,,,,,,,,,,,
Hipertensão,dor_de_cabeça,dor_no_peito,tonturas,perda_de_equilíbrio,falta_de_concentração,,,,,,,,,,,,
Enxaqueca,acidez,indigestão,dor_de_cabeça,visão_turva_e_distorcida,fome_excessiva,rigidez_cervical,depressão,irritabilidade,perturbações_visuais,,,,,,,,
Espondilose Cervical,dor_nas_costas,fraqueza_nos_membros,dor_no_pescoço,tonturas,perda_de_equilíbrio,,,,,,,,,,,,
Paralisia (Hemorragia Cerebral),vómitos,dor_de_cabeça,fraqueza_num_lado_do_corpo,alteração_do_sensório,,,,,,,,,,,,,
Icterícia,comichão,vómitos,fadiga,perda_de_peso,febre_alta,pele_amarelada,urina_escura,dor_abdominal,,,,,,,,,
Malária,arrepios,vómitos,febre_alta,sudorese,dor_de_cabeça,náuseas,diarreia,dor_muscular,,,,,,,,,
Varicela,comichão,erupção_cutânea,fadiga,letargia,febre_alta,dor_de_cabeça,perda_de_apetite,febre_ligeira,gânglios_linfáticos_inchados,mal_estar,manchas_vermelhas_pelo_corpo,,,,,,
Dengue,erupção_cutânea,arrepios,dor_nas_articulações,vómitos,fadiga,febre_alta,dor_de_cabeça,náuseas,perda_de_apetite,dor_atrás_dos_olhos,dor_nas_costas,mal_estar,dor_muscular,manchas_vermelhas_pelo_corpo,,,
Febre Tifóide,arrepios,vómitos,fadiga,febre_alta,dor_de_cabeça,náuseas,obstipação,dor_abdominal,diarreia,aspeto_tóxico_(tifo),dor_na_barriga,,,,,,
Hepatite A,dor_nas_articulações,vómitos,pele_amarelada,urina_escura,náuseas,perda_de_apetite,dor_abdominal,diarreia,febre_ligeira,amarelecimento_dos_olhos,dor_muscular,,,,,,
Hepatite B,comichão,fadiga,letargia,pele_amarelada,urina_escura,perda_de_apetite,dor_abdominal,urina_amarela,amarelecimento_dos_olhos,mal_estar,receção_de_transfusão_de_sangue,receção_de_injeções_não_esterilizadas,,,,,
Hepatite C,fadiga,pele_amarelada,náuseas,perda_de_apetite,amarelecimento_dos_olhos,historial_familiar,,,,,,,,,,,
Hepatite D,dor_nas_articulações,vómitos,fadiga,pele_amarelada,urina_escura,náuseas,perda_de_apetite,dor_abdominal,amarelecimento_dos_olhos,,,,,,,,
Hepatite E,dor_nas_articulações,vómitos,fadiga,febre_alta,pele_amarelada,urina_escura,náuseas,perda_de_apetite,dor_abdominal,amarelecimento_dos_olhos,insuficiência_hepática_aguda,coma,hemorragia_gástrica,,,,
Hepatite Alcoólica,vómitos,pele_amarelada,dor_abdominal,inchaço_do_estômago,distensão_abdominal,historial_de_consumo_de_álcool,sobrecarga_de_fluidos,,,,,,,,,,
Tuberculose,arrepios,vómitos,fadiga,perda_de_peso,tosse,febre_alta,falta_de_ar,sudorese,perda_de_apetite,febre_ligeira,amarelecimento_dos_olhos,gânglios_linfáticos_inchados,mal_estar,fleuma,dor_no_peito,sangue_na_expetoração,
Constipação Comum,espirros_contínuos,arrepios,fadiga,tosse,febre_alta,dor_de_cabeça,gânglios_linfáticos_inchados,mal_estar,fleuma,irritação_da_garganta,vermelhidão_dos_olhos,pressão_sinusal,nariz_a_pingar,congestão,dor_no_peito,perda_de_olfato,dor_muscular
Pneumonia,arrepios,fadiga,tosse,febre_alta,falta_de_ar,sudorese,mal_estar,fleuma,dor_no_peito,frequência_cardíaca_elevada,expetoração_ferruginosa,,,,,,
Hemorroidas Dimórficas,obstipação,dor_durante_a_defecação,dor_na_região_anal,fezes_com_sangue,irritação_no_ânus,,,,,,,,,,,,
Ataque Cardíaco,vómitos,falta_de_ar,sudorese,dor_no_peito,,,,,,,,,,,,,
Varizes,fadiga,cãibras,equimoses,obesidade,pernas_inchadas,vasos_sanguíneos_dilatados,veias_proeminentes_na_barriga_da_perna,,,,,,,,,,
Hipotiroidismo,fadiga,aumento_de_peso,mãos_e_pés_frios,alterações_de_humor,letargia,tonturas,rosto_e_olhos_inchados,tiróide_aumentada,unhas_frágeis,extremidades_inchadas,depressão,irritabilidade,menstruação_anormal,,,,
Hipertiroidismo,fadiga,alterações_de_humor,perda_de_peso,agitação,sudorese,diarreia,frequência_cardíaca_elevada,fome_excessiva,fraqueza_muscular,irritabilidade,menstruação_anormal,,,,,,
Hipoglicemia,vómitos,fadiga,ansiedade,sudorese,dor_de_cabeça,náuseas,visão_turva_e_distorcida,fome_excessiva,lábios_secos_e_com_formigueiro,discurso_arrastado,irritabilidade,palpitações,,,,,
Osteoartrite,dor_nas_articulações,dor_no_pescoço,dor_no_joelho,dor_na_articulação_da_anca,inchaço_das_articulações,dor_ao_caminhar,,,,,,,,,,,
Artrite,fraqueza_muscular,rigidez_cervical,inchaço_das_articulações,rigidez_de_movimentos,dor_ao_caminhar,,,,,,,,,,,,
Vertigem Posicional Paroxística Benigna,vómitos,dor_de_cabeça,náuseas,movimentos_de_rotação,perda_de_equilíbrio,instabilidade,,,,,,,,,,,
Acne,erupção_cutânea,borbulhas_com_pus,pontos_negros,descamação,,,,,,,,,,,,,
Infeção do Trato Urinário,micção_ardente,desconforto_na_bexiga,odor_fétido_na_urina,sensação_contínua_de_urinar,,,,,,,,,,,,,
Psoríase,erupção_cutânea,dor_nas_articulações,descamação_da_pele,aspeto_prateado_na_pele,pequenas_depressões_nas_unhas,unhas_inflamadas,,,,,,,,,,,
Impétigo,erupção_cutânea,febre_alta,bolha,ferida_vermelha_à_volta_do_nariz,crostas_amarelas_com_exsudado,,,,,,,,,,,,
Infeção Fúngica,comichão,erupção_cutânea,erupções_cutâneas_nodulares,manchas_discrómicas,,,,,,,,,,,,,
Alergia,espirros_contínuos,tremores,arrepios,lacrimejo,,,,,,,,,,,,,
DRGE,dor_de_estômago,acidez,úlceras_na_língua,vómitos,tosse,dor_no_peito,,,,,,,,,,,
Colestase Crónica,comichão,vómitos,pele_amarelada,náuseas,perda_de_apetite,dor_abdominal,amarelecimento_dos_olhos,,,,,,,,,,
Reação a Medicamentos,comichão,erupção_cutânea,dor_de_estômago,micção_ardente,perdas_urinárias,,,,,,,,,,,,
Úlcera Péptica,vómitos,indigestão,perda_de_apetite,dor_abdominal,passagem_de_gases,comichão_interna,,,,,,,,,,,
SIDA,atrofia_muscular,manchas_na_garganta,febre_alta,contactos_extraconjugais,,,,,,,,,,,,,
Diabetes,fadiga,perda_de_peso,agitação,letargia,nível_de_açúcar_irregular,visão_turva_e_distorcida,obesidade,fome_excessiva,apetite_aumentado,poliúria,,,,,,,
Gastroenterite,vómitos,olhos_encovados,desidratação,diarreia,,,,,,,,,,,,,
Asma Brônquica,fadiga,tosse,febre_alta,falta_de_ar,historial_familiar,expetoração_mucoide,,,,,,,,,,,
Hipertensão,dor_de_cabeça,dor_no_peito,tonturas,perda_de_equilíbrio,falta_de_concentração,,,,,,,,,,,,
Enxaqueca,acidez,indigestão,dor_de_cabeça,visão_turva_e_distorcida,fome_excessiva,rigidez_cervical,depressão,irritabilidade,perturbações_visuais,,,,,,,,
Espondilose Cervical,dor_nas_costas,fraqueza_nos_membros,dor_no_pescoço,tonturas,perda_de_equilíbrio,,,,,,,,,,,,
Paralisia (Hemorragia Cerebral),vómitos,dor_de_cabeça,fraqueza_num_lado_do_corpo,alteração_do_sensório,,,,,,,,,,,,,
Icterícia,comichão,vómitos,fadiga,perda_de_peso,febre_alta,pele_amarelada,urina_escura,dor_abdominal,,,,,,,,,
Malária,arrepios,vómitos,febre_alta,sudorese,dor_de_cabeça,náuseas,diarreia,dor_muscular,,,,,,,,,
Varicela,comichão,erupção_cutânea,fadiga,letargia,febre_alta,dor_de_cabeça,perda_de_apetite,febre_ligeira,gânglios_linfáticos_inchados,mal_estar,manchas_vermelhas_pelo_corpo,,,,,,
Dengue,erupção_cutânea,arrepios,dor_nas_articulações,vómitos,fadiga,febre_alta,dor_de_cabeça,náuseas,perda_de_apetite,dor_atrás_dos_olhos,dor_nas_costas,mal_estar,dor_muscular,manchas_vermelhas_pelo_corpo,,,
Febre Tifóide,arrepios,vómitos,fadiga,febre_alta,dor_de_cabeça,náuseas,obstipação,dor_abdominal,diarreia,aspeto_tóxico_(tifo),dor_na_barriga,,,,,,
Hepatite A,dor_nas_articulações,vómitos,pele_amarelada,urina_escura,náuseas,perda_de_apetite,dor_abdominal,diarreia,febre_ligeira,amarelecimento_dos_olhos,dor_muscular,,,,,,
Hepatite B,comichão,fadiga,letargia,pele_amarelada,urina_escura,perda_de_apetite,dor_abdominal,urina_amarela,amarelecimento_dos_olhos,mal_estar,receção_de_transfusão_de_sangue,receção_de_injeções_não_esterilizadas,,,,,
Hepatite C,fadiga,pele_amarelada,náuseas,perda_de_apetite,amarelecimento_dos_olhos,historial_familiar,,,,,,,,,,,
Hepatite D,dor_nas_articulações,vómitos,fadiga,pele_amarelada,urina_escura,náuseas,perda_de_apetite,dor_abdominal,amarelecimento_dos_olhos,,,,,,,,
Hepatite E,dor_nas_articulações,vómitos,fadiga,febre_alta,pele_amarelada,urina_escura,náuseas,perda_de_apetite,dor_abdominal,amarelecimento_dos_olhos,insuficiência_hepática_aguda,coma,hemorragia_gástrica,,,,
Hepatite Alcoólica,vómitos,pele_amarelada,dor_abdominal,inchaço_do_estômago,distensão_abdominal,historial_de_consumo_de_álcool,sobrecarga_de_fluidos,,,,,,,,,,
Tuberculose,arrepios,vómitos,fadiga,perda_de_peso,tosse,febre_alta,falta_de_ar,sudorese,perda_de_apetite,febre_ligeira,amarelecimento_dos_olhos,gânglios_linfáticos_inchados,mal_estar,fleuma,dor_no_peito,sangue_na_expetoração,
Constipação Comum,espirros_contínuos,arrepios,fadiga,tosse,febre_alta,dor_de_cabeça,gânglios_linfáticos_inchados,mal_estar,fleuma,irritação_da_garganta,vermelhidão_dos_olhos,pressão_sinusal,nariz_a_pingar,congestão,dor_no_peito,perda_de_olfato,dor_muscular
Pneumonia,arrepios,fadiga,tosse,febre_alta,falta_de_ar,sudorese,mal_estar,fleuma,dor_no_peito,frequência_cardíaca_elevada,expetoração_ferruginosa,,,,,,
Hemorroidas Dimórficas,obstipação,dor_durante_a_defecação,dor_na_região_anal,fezes_com_sangue,irritação_no_ânus,,,,,,,,,,,,
Ataque Cardíaco,vómitos,falta_de_ar,sudorese,dor_no_peito,,,,,,,,,,,,,
Varizes,fadiga,cãibras,equimoses,obesidade,pernas_inchadas,vasos_sanguíneos_dilatados,veias_proeminentes_na_barriga_da_perna,,,,,,,,,,
Hipotiroidismo,fadiga,aumento_de_peso,mãos_e_pés_frios,alterações_de_humor,letargia,tonturas,rosto_e_olhos_inchados,tiróide_aumentada,unhas_frágeis,extremidades_inchadas,depressão,irritabilidade,menstruação_anormal,,,,
Hipertiroidismo,fadiga,alterações_de_humor,perda_de_peso,agitação,sudorese,diarreia,frequência_cardíaca_elevada,fome_excessiva,fraqueza_muscular,irritabilidade,menstruação_anormal,,,,,,
Hipoglicemia,vómitos,fadiga,ansiedade,sudorese,dor_de_cabeça,náuseas,visão_turva_e_distorcida,fome_excessiva,lábios_secos_e_com_formigueiro,discurso_arrastado,irritabilidade,palpitações,,,,,
Osteoartrite,dor_nas_articulações,dor_no_pescoço,dor_no_joelho,dor_na_articulação_da_anca,inchaço_das_articulações,dor_ao_caminhar,,,,,,,,,,,
Artrite,fraqueza_muscular,rigidez_cervical,inchaço_das_articulações,rigidez_de_movimentos,dor_ao_caminhar,,,,,,,,,,,,
Vertigem Posicional Paroxística Benigna,vómitos,dor_de_cabeça,náuseas,movimentos_de_rotação,perda_de_equilíbrio,instabilidade,,,,,,,,,,,
Acne,erupção_cutânea,borbulhas_com_pus,pontos_negros,descamação,,,,,,,,,,,,,
Infeção do Trato Urinário,micção_ardente,desconforto_na_bexiga,odor_fétido_na_urina,sensação_contínua_de_urinar,,,,,,,,,,,,,
Psoríase,erupção_cutânea,dor_nas_articulações,descamação_da_pele,aspeto_prateado_na_pele,pequenas_depressões_nas_unhas,unhas_inflamadas,,,,,,,,,,,
Impétigo,erupção_cutânea,febre_alta,bolha,ferida_vermelha_à_volta_do_nariz,crostas_amarelas_com_exsudado,,,,,,,,,,,,
Infeção Fúngica,comichão,erupção_cutânea,erupções_cutâneas_nodulares,manchas_discrómicas,,,,,,,,,,,,,
Alergia,espirros_contínuos,tremores,arrepios,lacrimejo,,,,,,,,,,,,,
DRGE,dor_de_estômago,acidez,úlceras_na_língua,vómitos,tosse,dor_no_peito,,,,,,,,,,,
Colestase Crónica,comichão,vómitos,pele_amarelada,náuseas,perda_de_apetite,dor_abdominal,amarelecimento_dos_olhos,,,,,,,,,,
Reação a Medicamentos,comichão,erupção_cutânea,dor_de_estômago,micção_ardente,perdas_urinárias,,,,,,,,,,,,
Úlcera Péptica,vómitos,indigestão,perda_de_apetite,dor_abdominal,passagem_de_gases,comichão_interna,,,,,,,,,,,
SIDA,atrofia_muscular,manchas_na_garganta,febre_alta,contactos_extraconjugais,,,,,,,,,,,,,
Diabetes,fadiga,perda_de_peso,agitação,letargia,nível_de_açúcar_irregular,visão_turva_e_distorcida,obesidade,fome_excessiva,apetite_aumentado,poliúria,,,,,,,
Gastroenterite,vómitos,olhos_encovados,desidratação,diarreia,,,,,,,,,,,,,
Asma Brônquica,fadiga,tosse,febre_alta,falta_de_ar,historial_familiar,expetoração_mucoide,,,,,,,,,,,
Hipertensão,dor_de_cabeça,dor_no_peito,tonturas,perda_de_equilíbrio,falta_de_concentração,,,,,,,,,,,,
Enxaqueca,acidez,indigestão,dor_de_cabeça,visão_turva_e_distorcida,fome_excessiva,rigidez_cervical,depressão,irritabilidade,perturbações_visuais,,,,,,,,
Espondilose Cervical,dor_nas_costas,fraqueza_nos_membros,dor_no_pescoço,tonturas,perda_de_equilíbrio,,,,,,,,,,,,
Paralisia (Hemorragia Cerebral),vómitos,dor_de_cabeça,fraqueza_num_lado_do_corpo,alteração_do_sensório,,,,,,,,,,,,,
Icterícia,comichão,vómitos,fadiga,perda_de_peso,febre_alta,pele_amarelada,urina_escura,dor_abdominal,,,,,,,,,
Malária,arrepios,vómitos,febre_alta,sudorese,dor_de_cabeça,náuseas,diarreia,dor_muscular,,,,,,,,,
Varicela,comichão,erupção_cutânea,fadiga,letargia,febre_alta,dor_de_cabeça,perda_de_apetite,febre_ligeira,gânglios_linfáticos_inchados,mal_estar,manchas_vermelhas_pelo_corpo,,,,,,
Dengue,erupção_cutânea,arrepios,dor_nas_articulações,vómitos,fadiga,febre_alta,dor_de_cabeça,náuseas,perda_de_apetite,dor_atrás_dos_olhos,dor_nas_costas,mal_estar,dor_muscular,manchas_vermelhas_pelo_corpo,,,
Febre Tifóide,arrepios,vómitos,fadiga,febre_alta,dor_de_cabeça,náuseas,obstipação,dor_abdominal,diarreia,aspeto_tóxico_(tifo),dor_na_barriga,,,,,,
Hepatite A,dor_nas_articulações,vómitos,pele_amarelada,urina_escura,náuseas,perda_de_apetite,dor_abdominal,diarreia,febre_ligeira,amarelecimento_dos_olhos,dor_muscular,,,,,,
Hepatite B,comichão,fadiga,letargia,pele_amarelada,urina_escura,perda_de_apetite,dor_abdominal,urina_amarela,amarelecimento_dos_olhos,mal_estar,receção_de_transfusão_de_sangue,receção_de_injeções_não_esterilizadas,,,,,
Hepatite C,fadiga,pele_amarelada,náuseas,perda_de_apetite,amarelecimento_dos_olhos,historial_familiar,,,,,,,,,,,
Hepatite D,dor_nas_articulações,vómitos,fadiga,pele_amarelada,urina_escura,náuseas,perda_de_apetite,dor_abdominal,amarelecimento_dos_olhos,,,,,,,,
Hepatite E,dor_nas_articulações,vómitos,fadiga,febre_alta,pele_amarelada,urina_escura,náuseas,perda_de_apetite,dor_abdominal,amarelecimento_dos_olhos,insuficiência_hepática_aguda,coma,hemorragia_gástrica,,,,
Hepatite Alcoólica,vómitos,pele_amarelada,dor_abdominal,inchaço_do_estômago,distensão_abdominal,historial_de_consumo_de_álcool,sobrecarga_de_fluidos,,,,,,,,,,
Tuberculose,arrepios,vómitos,fadiga,perda_de_peso,tosse,febre_alta,falta_de_ar,sudorese,perda_de_apetite,febre_ligeira,amarelecimento_dos_olhos,gânglios_linfáticos_inchados,mal_estar,fleuma,dor_no_peito,sangue_na_expetoração,
Constipação Comum,espirros_contínuos,arrepios,fadiga,tosse,febre_alta,dor_de_cabeça,gânglios_linfáticos_inchados,mal_estar,fleuma,irritação_da_garganta,vermelhidão_dos_olhos,pressão_sinusal,nariz_a_pingar,congestão,dor_no_peito,perda_de_olfato,dor_muscular
Pneumonia,arrepios,fadiga,tosse,febre_alta,falta_de_ar,sudorese,mal_estar,fleuma,dor_no_peito,frequência_cardíaca_elevada,expetoração_ferruginosa,,,,,,
Hemorroidas Dimórficas,obstipação,dor_durante_a_defecação,dor_na_região_anal,fezes_com_sangue,irritação_no_ânus,,,,,,,,,,,,
Ataque Cardíaco,vómitos,falta_de_ar,sudorese,dor_no_peito,,,,,,,,,,,,,
Varizes,fadiga,cãibras,equimoses,obesidade,pernas_inchadas,vasos_sanguíneos_dilatados,veias_proeminentes_na_barriga_da_perna,,,,,,,,,,
Hipotiroidismo,fadiga,aumento_de_peso,mãos_e_pés_frios,alterações_de_humor,letargia,tonturas,rosto_e_olhos_inchados,tiróide_aumentada,unhas_frágeis,extremidades_inchadas,depressão,irritabilidade,menstruação_anormal,,,,
Hipertiroidismo,fadiga,alterações_de_humor,perda_de_peso,agitação,sudorese,diarreia,frequência_cardíaca_elevada,fome_excessiva,fraqueza_muscular,irritabilidade,menstruação_anormal,,,,,,
Hipoglicemia,vómitos,fadiga,ansiedade,sudorese,dor_de_cabeça,náuseas,visão_turva_e_distorcida,fome_excessiva,lábios_secos_e_com_formigueiro,discurso_arrastado,irritabilidade,palpitações,,,,,
Osteoartrite,dor_nas_articulações,dor_no_pescoço,dor_no_joelho,dor_na_articulação_da_anca,inchaço_das_articulações,dor_ao_caminhar,,,,,,,,,,,
Artrite,fraqueza_muscular,rigidez_cervical,inchaço_das_articulações,rigidez_de_movimentos,dor_ao_caminhar,,,,,,,,,,,,
Vertigem Posicional Paroxística Benigna,vómitos,dor_de_cabeça,náuseas,movimentos_de_rotação,perda_de_equilíbrio,instabilidade,,,,,,,,,,,
Acne,erupção_cutânea,borbulhas_com_pus,pontos_negros,descamação,,,,,,,,,,,,,
Infeção do Trato Urinário,micção_ardente,desconforto_na_bexiga,odor_fétido_na_urina,sensação_contínua_de_urinar,,,,,,,,,,,,,
Psoríase,erupção_cutânea,dor_nas_articulações,descamação_da_pele,aspeto_prateado_na_pele,pequenas_depressões_nas_unhas,unhas_inflamadas,,,,,,,,,,,
Impétigo,erupção_cutânea,febre_alta,bolha,ferida_vermelha_à_volta_do_nariz,crostas_amarelas_com_exsudado,,,,,,,,,,,,
Infeção Fúngica,comichão,erupção_cutânea,erupções_cutâneas_nodulares,manchas_discrómicas,,,,,,,,,,,,,
Alergia,espirros_contínuos,tremores,arrepios,lacrimejo,,,,,,,,,,,,,
DRGE,dor_de_estômago,acidez,úlceras_na_língua,vómitos,tosse,dor_no_peito,,,,,,,,,,,
Colestase Crónica,comichão,vómitos,pele_amarelada,náuseas,perda_de_apetite,dor_abdominal,amarelecimento_dos_olhos,,,,,,,,,,
Reação a Medicamentos,comichão,erupção_cutânea,dor_de_estômago,micção_ardente,perdas_urinárias,,,,,,,,,,,,
Úlcera Péptica,vómitos,indigestão,perda_de_apetite,dor_abdominal,passagem_de_gases,comichão_interna,,,,,,,,,,,
SIDA,atrofia_muscular,manchas_na_garganta,febre_alta,contactos_extraconjugais,,,,,,,,,,,,,
Diabetes,fadiga,perda_de_peso,agitação,letargia,nível_de_açúcar_irregular,visão_turva_e_distorcida,obesidade,fome_excessiva,apetite_aumentado,poliúria,,,,,,,
Gastroenterite,vómitos,olhos_encovados,desidratação,diarreia,,,,,,,,,,,,,
Asma Brônquica,fadiga,tosse,febre_alta,falta_de_ar,historial_familiar,expetoração_mucoide,,,,,,,,,,,
Hipertensão,dor_de_cabeça,dor_no_peito,tonturas,perda_de_equilíbrio,falta_de_concentração,,,,,,,,,,,,
Enxaqueca,acidez,indigestão,dor_de_cabeça,visão_turva_e_distorcida,fome_excessiva,rigidez_cervical,depressão,irritabilidade,perturbações_visuais,,,,,,,,
Espondilose Cervical,dor_nas_costas,fraqueza_nos_membros,dor_no_pescoço,tonturas,perda_de_equilíbrio,,,,,,,,,,,,
Paralisia (Hemorragia Cerebral),vómitos,dor_de_cabeça,fraqueza_num_lado_do_corpo,alteração_do_sensório,,,,,,,,,,,,,
Icterícia,comichão,vómitos,fadiga,perda_de_peso,febre_alta,pele_amarelada,urina_escura,dor_abdominal,,,,,,,,,
Malária,arrepios,vómitos,febre_alta,sudorese,dor_de_cabeça,náuseas,diarreia,dor_muscular,,,,,,,,,
Varicela,comichão,erupção_cutânea,fadiga,letargia,febre_alta,dor_de_cabeça,perda_de_apetite,febre_ligeira,gânglios_linfáticos_inchados,mal_estar,manchas_vermelhas_pelo_corpo,,,,,,
Dengue,erupção_cutânea,arrepios,dor_nas_articulações,vómitos,fadiga,febre_alta,dor_de_cabeça,náuseas,perda_de_apetite,dor_atrás_dos_olhos,dor_nas_costas,mal_estar,dor_muscular,manchas_vermelhas_pelo_corpo,,,
Febre Tifóide,arrepios,vómitos,fadiga,febre_alta,dor_de_cabeça,náuseas,obstipação,dor_abdominal,diarreia,aspeto_tóxico_(tifo),dor_na_barriga,,,,,,
Hepatite A,dor_nas_articulações,vómitos,pele_amarelada,urina_escura,náuseas,perda_de_apetite,dor_abdominal,diarreia,febre_ligeira,amarelecimento_dos_olhos,dor_muscular,,,,,,
Hepatite B,comichão,fadiga,letargia,pele_amarelada,urina_escura,perda_de_apetite,dor_abdominal,urina_amarela,amarelecimento_dos_olhos,mal_estar,receção_de_transfusão_de_sangue,receção_de_injeções_não_esterilizadas,,,,,
Hepatite C,fadiga,pele_amarelada,náuseas,perda_de_apetite,amarelecimento_dos_olhos,historial_familiar,,,,,,,,,,,
Hepatite D,dor_nas_articulações,vómitos,fadiga,pele_amarelada,urina_escura,náuseas,perda_de_apetite,dor_abdominal,amarelecimento_dos_olhos,,,,,,,,
Hepatite E,dor_nas_articulações,vómitos,fadiga,febre_alta,pele_amarelada,urina_escura,náuseas,perda_de_apetite,dor_abdominal,amarelecimento_dos_olhos,insuficiência_hepática_aguda,coma,hemorragia_gástrica,,,,
Hepatite Alcoólica,vómitos,pele_amarelada,dor_abdominal,inchaço_do_estômago,distensão_abdominal,historial_de_consumo_de_álcool,sobrecarga_de_fluidos,,,,,,,,,,
Tuberculose,arrepios,vómitos,fadiga,perda_de_peso,tosse,febre_alta,falta_de_ar,sudorese,perda_de_apetite,febre_ligeira,amarelecimento_dos_olhos,gânglios_linfáticos_inchados,mal_estar,fleuma,dor_no_peito,sangue_na_expetoração,
Constipação Comum,espirros_contínuos,arrepios,fadiga,tosse,febre_alta,dor_de_cabeça,gânglios_linfáticos_inchados,mal_estar,fleuma,irritação_da_garganta,vermelhidão_dos_olhos,pressão_sinusal,nariz_a_pingar,congestão,dor_no_peito,perda_de_olfato,dor_muscular
Pneumonia,arrepios,fadiga,tosse,febre_alta,falta_de_ar,sudorese,mal_estar,fleuma,dor_no_peito,frequência_cardíaca_elevada,expetoração_ferruginosa,,,,,,
Hemorroidas Dimórficas,obstipação,dor_durante_a_defecação,dor_na_região_anal,fezes_com_sangue,irritação_no_ânus,,,,,,,,,,,,
Ataque Cardíaco,vómitos,falta_de_ar,sudorese,dor_no_peito,,,,,,,,,,,,,
Varizes,fadiga,cãibras,equimoses,obesidade,pernas_inchadas,vasos_sanguíneos_dilatados,veias_proeminentes_na_barriga_da_perna,,,,,,,,,,
Hipotiroidismo,fadiga,aumento_de_peso,mãos_e_pés_frios,alterações_de_humor,letargia,tonturas,rosto_e_olhos_inchados,tiróide_aumentada,unhas_frágeis,extremidades_inchadas,depressão,irritabilidade,menstruação_anormal,,,,
Hipertiroidismo,fadiga,alterações_de_humor,perda_de_peso,agitação,sudorese,diarreia,frequência_cardíaca_elevada,fome_excessiva,fraqueza_muscular,irritabilidade,menstruação_anormal,,,,,,
Hipoglicemia,vómitos,fadiga,ansiedade,sudorese,dor_de_cabeça,náuseas,visão_turva_e_distorcida,fome_excessiva,lábios_secos_e_com_formigueiro,discurso_arrastado,irritabilidade,palpitações,,,,,
Osteoartrite,dor_nas_articulações,dor_no_pescoço,dor_no_joelho,dor_na_articulação_da_anca,inchaço_das_articulações,dor_ao_caminhar,,,,,,,,,,,
Artrite,fraqueza_muscular,rigidez_cervical,inchaço_das_articulações,rigidez_de_movimentos,dor_ao_caminhar,,,,,,,,,,,,
Vertigem Posicional Paroxística Benigna,vómitos,dor_de_cabeça,náuseas,movimentos_de_rotação,perda_de_equilíbrio,instabilidade,,,,,,,,,,,
Acne,erupção_cutânea,borbulhas_com_pus,pontos_negros,descamação,,,,,,,,,,,,,
Infeção do Trato Urinário,micção_ardente,desconforto_na_bexiga,odor_fétido_na_urina,sensação_contínua_de_urinar,,,,,,,,,,,,,
Psoríase,erupção_cutânea,dor_nas_articulações,descamação_da_pele,aspeto_prateado_na_pele,pequenas_depressões_nas_unhas,unhas_inflamadas,,,,,,,,,,,
Impétigo,erupção_cutânea,febre_alta,bolha,ferida_vermelha_à_volta_do_nariz,crostas_amarelas_com_exsudado,,,,,,,,,,,,
Infeção Fúngica,comichão,erupção_cutânea,erupções_cutâneas_nodulares,manchas_discrómicas,,,,,,,,,,,,,
Alergia,espirros_contínuos,tremores,arrepios,lacrimejo,,,,,,,,,,,,,
DRGE,dor_de_estômago,acidez,úlceras_na_língua,vómitos,tosse,dor_no_peito,,,,,,,,,,,
Colestase Crónica,comichão,vómitos,pele_amarelada,náuseas,perda_de_apetite,dor_abdominal,amarelecimento_dos_olhos,,,,,,,,,,
Reação a Medicamentos,comichão,erupção_cutânea,dor_de_estômago,micção_ardente,perdas_urinárias,,,,,,,,,,,,
Úlcera Péptica,vómitos,indigestão,perda_de_apetite,dor_abdominal,passagem_de_gases,comichão_interna,,,,,,,,,,,
SIDA,atrofia_muscular,manchas_na_garganta,febre_alta,contactos_extraconjugais,,,,,,,,,,,,,
Diabetes,fadiga,perda_de_peso,agitação,letargia,nível_de_açúcar_irregular,visão_turva_e_distorcida,obesidade,fome_excessiva,apetite_aumentado,poliúria,,,,,,,
Gastroenterite,vómitos,olhos_encovados,desidratação,diarreia,,,,,,,,,,,,,
Asma Brônquica,fadiga,tosse,febre_alta,falta_de_ar,historial_familiar,expetoração_mucoide,,,,,,,,,,,
Hipertensão,dor_de_cabeça,dor_no_peito,tonturas,perda_de_equilíbrio,falta_de_concentração,,,,,,,,,,,,
Enxaqueca,acidez,indigestão,dor_de_cabeça,visão_turva_e_distorcida,fome_excessiva,rigidez_cervical,depressão,irritabilidade,perturbações_visuais,,,,,,,,
Espondilose Cervical,dor_nas_costas,fraqueza_nos_membros,dor_no_pescoço,tonturas,perda_de_equilíbrio,,,,,,,,,,,,
Paralisia (Hemorragia Cerebral),vómitos,dor_de_cabeça,fraqueza_num_lado_do_corpo,alteração_do_sensório,,,,,,,,,,,,,
Icterícia,comichão,vómitos,fadiga,perda_de_peso,febre_alta,pele_amarelada,urina_escura,dor_abdominal,,,,,,,,,
Malária,arrepios,vómitos,febre_alta,sudorese,dor_de_cabeça,náuseas,diarreia,dor_muscular,,,,,,,,,
Varicela,comichão,erupção_cutânea,fadiga,letargia,febre_alta,dor_de_cabeça,perda_de_apetite,febre_ligeira,gânglios_linfáticos_inchados,mal_estar,manchas_vermelhas_pelo_corpo,,,,,,
Dengue,erupção_cutânea,arrepios,dor_nas_articulações,vómitos,fadiga,febre_alta,dor_de_cabeça,náuseas,perda_de_apetite,dor_atrás_dos_olhos,dor_nas_costas,mal_estar,dor_muscular,manchas_vermelhas_pelo_corpo,,,
Febre Tifóide,arrepios,vómitos,fadiga,febre_alta,dor_de_cabeça,náuseas,obstipação,dor_abdominal,diarreia,aspeto_tóxico_(tifo),dor_na_barriga,,,,,,
Hepatite A,dor_nas_articulações,vómitos,pele_amarelada,urina_escura,náuseas,perda_de_apetite,dor_abdominal,diarreia,febre_ligeira,amarelecimento_dos_olhos,dor_muscular,,,,,,
Hepatite B,comichão,fadiga,letargia,pele_amarelada,urina_escura,perda_de_apetite,dor_abdominal,urina_amarela,amarelecimento_dos_olhos,mal_estar,receção_de_transfusão_de_sangue,receção_de_injeções_não_esterilizadas,,,,,
Hepatite C,fadiga,pele_amarelada,náuseas,perda_de_apetite,amarelecimento_dos_olhos,historial_familiar,,,,,,,,,,,
Hepatite D,dor_nas_articulações,vómitos,fadiga,pele_amarelada,urina_escura,náuseas,perda_de_apetite,dor_abdominal,amarelecimento_dos_olhos,,,,,,,,
Hepatite E,dor_nas_articulações,vómitos,fadiga,febre_alta,pele_amarelada,urina_escura,náuseas,perda_de_apetite,dor_abdominal,amarelecimento_dos_olhos,insuficiência_hepática_aguda,coma,hemorragia_gástrica,,,,
Hepatite Alcoólica,vómitos,pele_amarelada,dor_abdominal,inchaço_do_estômago,distensão_abdominal,historial_de_consumo_de_álcool,sobrecarga_de_fluidos,,,,,,,,,,
Tuberculose,arrepios,vómitos,fadiga,perda_de_peso,tosse,febre_alta,falta_de_ar,sudorese,perda_de_apetite,febre_ligeira,amarelecimento_dos_olhos,gânglios_linfáticos_inchados,mal_estar,fleuma,dor_no_peito,sangue_na_expetoração,
Constipação Comum,espirros_contínuos,arrepios,fadiga,tosse,febre_alta,dor_de_cabeça,gânglios_linfáticos_inchados,mal_estar,fleuma,irritação_da_garganta,vermelhidão_dos_olhos,pressão_sinusal,nariz_a_pingar,congestão,dor_no_peito,perda_de_olfato,dor_muscular
Pneumonia,arrepios,fadiga,tosse,febre_alta,falta_de_ar,sudorese,mal_estar,fleuma,dor_no_peito,frequência_cardíaca_elevada,expetoração_ferruginosa,,,,,,
Hemorroidas Dimórficas,obstipação,dor_durante_a_defecação,dor_na_região_anal,fezes_com_sangue,irritação_no_ânus,,,,,,,,,,,,
Ataque Cardíaco,vómitos,falta_de_ar,sudorese,dor_no_peito,,,,,,,,,,,,,
Varizes,fadiga,cãibras,equimoses,obesidade,pernas_inchadas,vasos_sanguíneos_dilatados,veias_proeminentes_na_barriga_da_perna,,,,,,,,,,
Hipotiroidismo,fadiga,aumento_de_peso,mãos_e_pés_frios,alterações_de_humor,letargia,tonturas,rosto_e_olhos_inchados,tiróide_aumentada,unhas_frágeis,extremidades_inchadas,depressão,irritabilidade,menstruação_anormal,,,,
Hipertiroidismo,fadiga,alterações_de_humor,perda_de_peso,agitação,sudorese,diarreia,frequência_cardíaca_elevada,fome_excessiva,fraqueza_muscular,irritabilidade,menstruação_anormal,,,,,,
Hipoglicemia,vómitos,fadiga,ansiedade,sudorese,dor_de_cabeça,náuseas,visão_turva_e_distorcida,fome_excessiva,lábios_secos_e_com_formigueiro,discurso_arrastado,irritabilidade,palpitações,,,,,
Osteoartrite,dor_nas_articulações,dor_no_pescoço,dor_no_joelho,dor_na_articulação_da_anca,inchaço_das_articulações,dor_ao_caminhar,,,,,,,,,,,
Artrite,fraqueza_muscular,rigidez_cervical,inchaço_das_articulações,rigidez_de_movimentos,dor_ao_caminhar,,,,,,,,,,,,
Vertigem Posicional Paroxística Benigna,vómitos,dor_de_cabeça,náuseas,movimentos_de_rotação,perda_de_equilíbrio,instabilidade,,,,,,,,,,,
Acne,erupção_cutânea,borbulhas_com_pus,pontos_negros,descamação,,,,,,,,,,,,,
Infeção do Trato Urinário,micção_ardente,desconforto_na_bexiga,odor_fétido_na_urina,sensação_contínua_de_urinar,,,,,,,,,,,,,
Psoríase,erupção_cutânea,dor_nas_articulações,descamação_da_pele,aspeto_prateado_na_pele,pequenas_depressões_nas_unhas,unhas_inflamadas,,,,,,,,,,,
Impétigo,erupção_cutânea,febre_alta,bolha,ferida_vermelha_à_volta_do_nariz,crostas_amarelas_com_exsudado,,,,,,,,,,,,
Infeção Fúngica,comichão,erupção_cutânea,erupções_cutâneas_nodulares,manchas_discrómicas,,,,,,,,,,,,,
Alergia,espirros_contínuos,tremores,arrepios,lacrimejo,,,,,,,,,,,,,
DRGE,dor_de_estômago,acidez,úlceras_na_língua,vómitos,tosse,dor_no_peito,,,,,,,,,,,
Colestase Crónica,comichão,vómitos,pele_amarelada,náuseas,perda_de_apetite,dor_abdominal,amarelecimento_dos_olhos,,,,,,,,,,
Reação a Medicamentos,comichão,erupção_cutânea,dor_de_estômago,micção_ardente,perdas_urinárias,,,,,,,,,,,,
Úlcera Péptica,vómitos,indigestão,perda_de_apetite,dor_abdominal,passagem_de_gases,comichão_interna,,,,,,,,,,,
SIDA,atrofia_muscular,manchas_na_garganta,febre_alta,contactos_extraconjugais,,,,,,,,,,,,,
Diabetes,fadiga,perda_de_peso,agitação,letargia,nível_de_açúcar_irregular,visão_turva_e_distorcida,obesidade,fome_excessiva,apetite_aumentado,poliúria,,,,,,,
Gastroenterite,vómitos,olhos_encovados,desidratação,diarreia,,,,,,,,,,,,,
Asma Brônquica,fadiga,tosse,febre_alta,falta_de_ar,historial_familiar,expetoração_mucoide,,,,,,,,,,,
Hipertensão,dor_de_cabeça,dor_no_peito,tonturas,perda_de_equilíbrio,falta_de_concentração,,,,,,,,,,,,
Enxaqueca,acidez,indigestão,dor_de_cabeça,visão_turva_e_distorcida,fome_excessiva,rigidez_cervical,depressão,irritabilidade,perturbações_visuais,,,,,,,,
Espondilose Cervical,dor_nas_costas,fraqueza_nos_membros,dor_no_pescoço,tonturas,perda_de_equilíbrio,,,,,,,,,,,,
Paralisia (Hemorragia Cerebral),vómitos,dor_de_cabeça,fraqueza_num_lado_do_corpo,alteração_do_sensório,,,,,,,,,,,,,
Icterícia,comichão,vómitos,fadiga,perda_de_peso,febre_alta,pele_amarelada,urina_escura,dor_abdominal,,,,,,,,,
Malária,arrepios,vómitos,febre_alta,sudorese,dor_de_cabeça,náuseas,diarreia,dor_muscular,,,,,,,,,
Varicela,comichão,erupção_cutânea,fadiga,letargia,febre_alta,dor_de_cabeça,perda_de_apetite,febre_ligeira,gânglios_linfáticos_inchados,mal_estar,manchas_vermelhas_pelo_corpo,,,,,,
Dengue,erupção_cutânea,arrepios,dor_nas_articulações,vómitos,fadiga,febre_alta,dor_de_cabeça,náuseas,perda_de_apetite,dor_atrás_dos_olhos,dor_nas_costas,mal_estar,dor_muscular,manchas_vermelhas_pelo_corpo,,,
Febre Tifóide,arrepios,vómitos,fadiga,febre_alta,dor_de_cabeça,náuseas,obstipação,dor_abdominal,diarreia,aspeto_tóxico_(tifo),dor_na_barriga,,,,,,
Hepatite A,dor_nas_articulações,vómitos,pele_amarelada,urina_escura,náuseas,perda_de_apetite,dor_abdominal,diarreia,febre_ligeira,amarelecimento_dos_olhos,dor_muscular,,,,,,
Hepatite B,comichão,fadiga,letargia,pele_amarelada,urina_escura,perda_de_apetite,dor_abdominal,urina_amarela,amarelecimento_dos_olhos,mal_estar,receção_de_transfusão_de_sangue,receção_de_injeções_não_esterilizadas,,,,,
Hepatite C,fadiga,pele_amarelada,náuseas,perda_de_apetite,amarelecimento_dos_olhos,historial_familiar,,,,,,,,,,,
Hepatite D,dor_nas_articulações,vómitos,fadiga,pele_amarelada,urina_escura,náuseas,perda_de_apetite,dor_abdominal,amarelecimento_dos_olhos,,,,,,,,
Hepatite E,dor_nas_articulações,vómitos,fadiga,febre_alta,pele_amarelada,urina_escura,náuseas,perda_de_apetite,dor_abdominal,amarelecimento_dos_olhos,insuficiência_hepática_aguda,coma,hemorragia_gástrica,,,,
Hepatite Alcoólica,vómitos,pele_amarelada,dor_abdominal,inchaço_do_estômago,distensão_abdominal,historial_de_consumo_de_álcool,sobrecarga_de_fluidos,,,,,,,,,,
Tuberculose,arrepios,vómitos,fadiga,perda_de_peso,tosse,febre_alta,falta_de_ar,sudorese,perda_de_apetite,febre_ligeira,amarelecimento_dos_olhos,gânglios_linfáticos_inchados,mal_estar,fleuma,dor_no_peito,sangue_na_expetoração,
Constipação Comum,espirros_contínuos,arrepios,fadiga,tosse,febre_alta,dor_de_cabeça,gânglios_linfáticos_inchados,mal_estar,fleuma,irritação_da_garganta,vermelhidão_dos_olhos,pressão_sinusal,nariz_a_pingar,congestão,dor_no_peito,perda_de_olfato,dor_muscular
Pneumonia,arrepios,fadiga,tosse,febre_alta,falta_de_ar,sudorese,mal_estar,fleuma,dor_no_peito,frequência_cardíaca_elevada,expetoração_ferruginosa,,,,,,
Hemorroidas Dimórficas,obstipação,dor_durante_a_defecação,dor_na_região_anal,fezes_com_sangue,irritação_no_ânus,,,,,,,,,,,,
Ataque Cardíaco,vómitos,falta_de_ar,sudorese,dor_no_peito,,,,,,,,,,,,,
Varizes,fadiga,cãibras,equimoses,obesidade,pernas_inchadas,vasos_sanguíneos_dilatados,veias_proeminentes_na_barriga_da_perna,,,,,,,,,,
Hipotiroidismo,fadiga,aumento_de_peso,mãos_e_pés_frios,alterações_de_humor,letargia,tonturas,rosto_e_olhos_inchados,tiróide_aumentada,unhas_frágeis,extremidades_inchadas,depressão,irritabilidade,menstruação_anormal,,,,
Hipertiroidismo,fadiga,alterações_de_humor,perda_de_peso,agitação,sudorese,diarreia,frequência_cardíaca_elevada,fome_excessiva,fraqueza_muscular,irritabilidade,menstruação_anormal,,,,,,
Hipoglicemia,vómitos,fadiga,ansiedade,sudorese,dor_de_cabeça,náuseas,visão_turva_e_distorcida,fome_excessiva,lábios_secos_e_com_formigueiro,discurso_arrastado,irritabilidade,palpitações,,,,,
Osteoartrite,dor_nas_articulações,dor_no_pescoço,dor_no_joelho,dor_na_articulação_da_anca,inchaço_das_articulações,dor_ao_caminhar,,,,,,,,,,,
Artrite,fraqueza_muscular,rigidez_cervical,inchaço_das_articulações,rigidez_de_movimentos,dor_ao_caminhar,,,,,,,,,,,,
Vertigem Posicional Paroxística Benigna,vómitos,dor_de_cabeça,náuseas,movimentos_de_rotação,perda_de_equilíbrio,instabilidade,,,,,,,,,,,
Acne,erupção_cutânea,borbulhas_com_pus,pontos_negros,descamação,,,,,,,,,,,,,
Infeção do Trato Urinário,micção_ardente,desconforto_na_bexiga,odor_fétido_na_urina,sensação_contínua_de_urinar,,,,,,,,,,,,,
Psoríase,erupção_cutânea,dor_nas_articulações,descamação_da_pele,aspeto_prateado_na_pele,pequenas_depressões_nas_unhas,unhas_inflamadas,,,,,,,,,,,
Impétigo,erupção_cutânea,febre_alta,bolha,ferida_vermelha_à_volta_do_nariz,crostas_amarelas_com_exsudado,,,,,,,,,,,,
Infeção Fúngica,comichão,erupção_cutânea,erupções_cutâneas_nodulares,manchas_discrómicas,,,,,,,,,,,,,
Alergia,espirros_contínuos,tremores,arrepios,lacrimejo,,,,,,,,,,,,,
DRGE,dor_de_estômago,acidez,úlceras_na_língua,vómitos,tosse,dor_no_peito,,,,,,,,,,,
Colestase Crónica,comichão,vómitos,pele_amarelada,náuseas,perda_de_apetite,dor_abdominal,amarelecimento_dos_olhos,,,,,,,,,,
Reação a Medicamentos,comichão,erupção_cutânea,dor_de_estômago,micção_ardente,perdas_urinárias,,,,,,,,,,,,
Úlcera Péptica,vómitos,indigestão,perda_de_apetite,dor_abdominal,passagem_de_gases,comichão_interna,,,,,,,,,,,
SIDA,atrofia_muscular,manchas_na_garganta,febre_alta,contactos_extraconjugais,,,,,,,,,,,,,
Diabetes,fadiga,perda_de_peso,agitação,letargia,nível_de_açúcar_irregular,visão_turva_e_distorcida,obesidade,fome_excessiva,apetite_aumentado,poliúria,,,,,,,
Gastroenterite,vómitos,olhos_encovados,desidratação,diarreia,,,,,,,,,,,,,
Asma Brônquica,fadiga,tosse,febre_alta,falta_de_ar,historial_familiar,expetoração_mucoide,,,,,,,,,,,
Hipertensão,dor_de_cabeça,dor_no_peito,tonturas,perda_de_equilíbrio,falta_de_concentração,,,,,,,,,,,,
Enxaqueca,acidez,indigestão,dor_de_cabeça,visão_turva_e_distorcida,fome_excessiva,rigidez_cervical,depressão,irritabilidade,perturbações_visuais,,,,,,,,
Espondilose Cervical,dor_nas_costas,fraqueza_nos_membros,dor_no_pescoço,tonturas,perda_de_equilíbrio,,,,,,,,,,,,
Paralisia (Hemorragia Cerebral),vómitos,dor_de_cabeça,fraqueza_num_lado_do_corpo,alteração_do_sensório,,,,,,,,,,,,,
Icterícia,comichão,vómitos,fadiga,perda_de_peso,febre_alta,pele_amarelada,urina_escura,dor_abdominal,,,,,,,,,
Malária,arrepios,vómitos,febre_alta,sudorese,dor_de_cabeça,náuseas,diarreia,dor_muscular,,,,,,,,,
Varicela,comichão,erupção_cutânea,fadiga,letargia,febre_alta,dor_de_cabeça,perda_de_apetite,febre_ligeira,gânglios_linfáticos_inchados,mal_estar,manchas_vermelhas_pelo_corpo,,,,,,
Dengue,erupção_cutânea,arrepios,dor_nas_articulações,vómitos,fadiga,febre_alta,dor_de_cabeça,náuseas,perda_de_apetite,dor_atrás_dos_olhos,dor_nas_costas,mal_estar,dor_muscular,manchas_vermelhas_pelo_corpo,,,
Febre Tifóide,arrepios,vómitos,fadiga,febre_alta,dor_de_cabeça,náuseas,obstipação,dor_abdominal,diarreia,aspeto_tóxico_(tifo),dor_na_barriga,,,,,,
Hepatite A,dor_nas_articulações,vómitos,pele_amarelada,urina_escura,náuseas,perda_de_apetite,dor_abdominal,diarreia,febre_ligeira,amarelecimento_dos_olhos,dor_muscular,,,,,,
Hepatite B,comichão,fadiga,letargia,pele_amarelada,urina_escura,perda_de_apetite,dor_abdominal,urina_amarela,amarelecimento_dos_olhos,mal_estar,receção_de_transfusão_de_sangue,receção_de_injeções_não_esterilizadas,,,,,
Hepatite C,fadiga,pele_amarelada,náuseas,perda_de_apetite,amarelecimento_dos_olhos,historial_familiar,,,,,,,,,,,
Hepatite D,dor_nas_articulações,vómitos,fadiga,pele_amarelada,urina_escura,náuseas,perda_de_apetite,dor_abdominal,amarelecimento_dos_olhos,,,,,,,,
Hepatite E,dor_nas_articulações,vómitos,fadiga,febre_alta,pele_amarelada,urina_escura,náuseas,perda_de_apetite,dor_abdominal,amarelecimento_dos_olhos,insuficiência_hepática_aguda,coma,hemorragia_gástrica,,,,
Hepatite Alcoólica,vómitos,pele_amarelada,dor_abdominal,inchaço_do_estômago,distensão_abdominal,historial_de_consumo_de_álcool,sobrecarga_de_fluidos,,,,,,,,,,
Tuberculose,arrepios,vómitos,fadiga,perda_de_peso,tosse,febre_alta,falta_de_ar,sudorese,perda_de_apetite,febre_ligeira,amarelecimento_dos_olhos,gânglios_linfáticos_inchados,mal_estar,fleuma,dor_no_peito,sangue_na_expetoração,
Constipação Comum,espirros_contínuos,arrepios,fadiga,tosse,febre_alta,dor_de_cabeça,gânglios_linfáticos_inchados,mal_estar,fleuma,irritação_da_garganta,vermelhidão_dos_olhos,pressão_sinusal,nariz_a_pingar,congestão,dor_no_peito,perda_de_olfato,dor_muscular
Pneumonia,arrepios,fadiga,tosse,febre_alta,falta_de_ar,sudorese,mal_estar,fleuma,dor_no_peito,frequência_cardíaca_elevada,expetoração_ferruginosa,,,,,,
Hemorroidas Dimórficas,obstipação,dor_durante_a_defecação,dor_na_região_anal,fezes_com_sangue,irritação_no_ânus,,,,,,,,,,,,
Ataque Cardíaco,vómitos,falta_de_ar,sudorese,dor_no_peito,,,,,,,,,,,,,
Varizes,fadiga,cãibras,equimoses,obesidade,pernas_inchadas,vasos_sanguíneos_dilatados,veias_proeminentes_na_barriga_da_perna,,,,,,,,,,
Hipotiroidismo,fadiga,aumento_de_peso,mãos_e_pés_frios,alterações_de_humor,letargia,tonturas,rosto_e_olhos_inchados,tiróide_aumentada,unhas_frágeis,extremidades_inchadas,depressão,irritabilidade,menstruação_anormal,,,,
Hipertiroidismo,fadiga,alterações_de_humor,perda_de_peso,agitação,sudorese,diarreia,frequência_cardíaca_elevada,fome_excessiva,fraqueza_muscular,irritabilidade,menstruação_anormal,,,,,,
Hipoglicemia,vómitos,fadiga,ansiedade,sudorese,dor_de_cabeça,náuseas,visão_turva_e_distorcida,fome_excessiva,lábios_secos_e_com_formigueiro,discurso_arrastado,irritabilidade,palpitações,,,,,
Osteoartrite,dor_nas_articulações,dor_no_pescoço,dor_no_joelho,dor_na_articulação_da_anca,inchaço_das_articulações,dor_ao_caminhar,,,,,,,,,,,
Artrite,fraqueza_muscular,rigidez_cervical,inchaço_das_articulações,rigidez_de_movimentos,dor_ao_caminhar,,,,,,,,,,,,
Vertigem Posicional Paroxística Benigna,vómitos,dor_de_cabeça,náuseas,movimentos_de_rotação,perda_de_equilíbrio,instabilidade,,,,,,,,,,,
Acne,erupção_cutânea,borbulhas_com_pus,pontos_negros,descamação,,,,,,,,,,,,,
Infeção do Trato Urinário,micção_ardente,desconforto_na_bexiga,odor_fétido_na_urina,sensação_contínua_de_urinar,,,,,,,,,,,,,
Psoríase,erupção_cutânea,dor_nas_articulações,descamação_da_pele,aspeto_prateado_na_pele,pequenas_depressões_nas_unhas,unhas_inflamadas,,,,,,,,,,,
Impétigo,erupção_cutânea,febre_alta,bolha,ferida_vermelha_à_volta_do_nariz,crostas_amarelas_com_exsudado,,,,,,,,,,,,
Infeção Fúngica,comichão,erupção_cutânea,erupções_cutâneas_nodulares,manchas_discrómicas,,,,,,,,,,,,,
Alergia,espirros_contínuos,tremores,arrepios,lacrimejo,,,,,,,,,,,,,
DRGE,dor_de_estômago,acidez,úlceras_na_língua,vómitos,tosse,dor_no_peito,,,,,,,,,,,
Colestase Crónica,comichão,vómitos,pele_amarelada,náuseas,perda_de_apetite,dor_abdominal,amarelecimento_dos_olhos,,,,,,,,,,
Reação a Medicamentos,comichão,erupção_cutânea,dor_de_estômago,micção_ardente,perdas_urinárias,,,,,,,,,,,,
Úlcera Péptica,vómitos,indigestão,perda_de_apetite,dor_abdominal,passagem_de_gases,comichão_interna,,,,,,,,,,,
SIDA,atrofia_muscular,manchas_na_garganta,febre_alta,contactos_extraconjugais,,,,,,,,,,,,,
Diabetes,fadiga,perda_de_peso,agitação,letargia,nível_de_açúcar_irregular,visão_turva_e_distorcida,obesidade,fome_excessiva,apetite_aumentado,poliúria,,,,,,,
Gastroenterite,vómitos,olhos_encovados,desidratação,diarreia,,,,,,,,,,,,,
Asma Brônquica,fadiga,tosse,febre_alta,falta_de_ar,historial_familiar,expetoração_mucoide,,,,,,,,,,,
Hipertensão,dor_de_cabeça,dor_no_peito,tonturas,perda_de_equilíbrio,falta_de_concentração,,,,,,,,,,,,
Enxaqueca,acidez,indigestão,dor_de_cabeça,visão_turva_e_distorcida,fome_excessiva,rigidez_cervical,depressão,irritabilidade,perturbações_visuais,,,,,,,,
Espondilose Cervical,dor_nas_costas,fraqueza_nos_membros,dor_no_pescoço,tonturas,perda_de_equilíbrio,,,,,,,,,,,,
Paralisia (Hemorragia Cerebral),vómitos,dor_de_cabeça,fraqueza_num_lado_do_corpo,alteração_do_sensório,,,,,,,,,,,,,
Icterícia,comichão,vómitos,fadiga,perda_de_peso,febre_alta,pele_amarelada,urina_escura,dor_abdominal,,,,,,,,,
Malária,arrepios,vómitos,febre_alta,sudorese,dor_de_cabeça,náuseas,diarreia,dor_muscular,,,,,,,,,
Varicela,comichão,erupção_cutânea,fadiga,letargia,febre_alta,dor_de_cabeça,perda_de_apetite,febre_ligeira,gânglios_linfáticos_inchados,mal_estar,manchas_vermelhas_pelo_corpo,,,,,,
Dengue,erupção_cutânea,arrepios,dor_nas_articulações,vómitos,fadiga,febre_alta,dor_de_cabeça,náuseas,perda_de_apetite,dor_atrás_dos_olhos,dor_nas_costas,mal_estar,dor_muscular,manchas_vermelhas_pelo_corpo,,,
Febre Tifóide,arrepios,vómitos,fadiga,febre_alta,dor_de_cabeça,náuseas,obstipação,dor_abdominal,diarreia,aspeto_tóxico_(tifo),dor_na_barriga,,,,,,
Hepatite A,dor_nas_articulações,vómitos,pele_amarelada,urina_escura,náuseas,perda_de_apetite,dor_abdominal,diarreia,febre_ligeira,amarelecimento_dos_olhos,dor_muscular,,,,,,
Hepatite B,comichão,fadiga,letargia,pele_amarelada,urina_escura,perda_de_apetite,dor_abdominal,urina_amarela,amarelecimento_dos_olhos,mal_estar,receção_de_transfusão_de_sangue,receção_de_injeções_não_esterilizadas,,,,,
Hepatite C,fadiga,pele_amarelada,náuseas,perda_de_apetite,amarelecimento_dos_olhos,historial_familiar,,,,,,,,,,,
Hepatite D,dor_nas_articulações,vómitos,fadiga,pele_amarelada,urina_escura,náuseas,perda_de_apetite,dor_abdominal,amarelecimento_dos_olhos,,,,,,,,
Hepatite E,dor_nas_articulações,vómitos,fadiga,febre_alta,pele_amarelada,urina_escura,náuseas,perda_de_apetite,dor_abdominal,amarelecimento_dos_olhos,insuficiência_hepática_aguda,coma,hemorragia_gástrica,,,,
Hepatite Alcoólica,vómitos,pele_amarelada,dor_abdominal,inchaço_do_estômago,distensão_abdominal,historial_de_consumo_de_álcool,sobrecarga_de_fluidos,,,,,,,,,,
Tuberculose,arrepios,vómitos,fadiga,perda_de_peso,tosse,febre_alta,falta_de_ar,sudorese,perda_de_apetite,febre_ligeira,amarelecimento_dos_olhos,gânglios_linfáticos_inchados,mal_estar,fleuma,dor_no_peito,sangue_na_expetoração,
Constipação Comum,espirros_contínuos,arrepios,fadiga,tosse,febre_alta,dor_de_cabeça,gânglios_linfáticos_inchados,mal_estar,fleuma,irritação_da_garganta,vermelhidão_dos_olhos,pressão_sinusal,nariz_a_pingar,congestão,dor_no_peito,perda_de_olfato,dor_muscular
Pneumonia,arrepios,fadiga,tosse,febre_alta,falta_de_ar,sudorese,mal_estar,fleuma,dor_no_peito,frequência_cardíaca_elevada,expetoração_ferruginosa,,,,,,
Hemorroidas Dimórficas,obstipação,dor_durante_a_defecação,dor_na_região_anal,fezes_com_sangue,irritação_no_ânus,,,,,,,,,,,,
Ataque Cardíaco,vómitos,falta_de_ar,sudorese,dor_no_peito,,,,,,,,,,,,,
Varizes,fadiga,cãibras,equimoses,obesidade,pernas_inchadas,vasos_sanguíneos_dilatados,veias_proeminentes_na_barriga_da_perna,,,,,,,,,,
Hipotiroidismo,fadiga,aumento_de_peso,mãos_e_pés_frios,alterações_de_humor,letargia,tonturas,rosto_e_olhos_inchados,tiróide_aumentada,unhas_frágeis,extremidades_inchadas,depressão,irritabilidade,menstruação_anormal,,,,
Hipertiroidismo,fadiga,alterações_de_humor,perda_de_peso,agitação,sudorese,diarreia,frequência_cardíaca_elevada,fome_excessiva,fraqueza_muscular,irritabilidade,menstruação_anormal,,,,,,
Hipoglicemia,vómitos,fadiga,ansiedade,sudorese,dor_de_cabeça,náuseas,visão_turva_e_distorcida,fome_excessiva,lábios_secos_e_com_formigueiro,discurso_arrastado,irritabilidade,palpitações,,,,,
Osteoartrite,dor_nas_articulações,dor_no_pescoço,dor_no_joelho,dor_na_articulação_da_anca,inchaço_das_articulações,dor_ao_caminhar,,,,,,,,,,,
Artrite,fraqueza_muscular,rigidez_cervical,inchaço_das_articulações,rigidez_de_movimentos,dor_ao_caminhar,,,,,,,,,,,,
Vertigem Posicional Paroxística Benigna,vómitos,dor_de_cabeça,náuseas,movimentos_de_rotação,perda_de_equilíbrio,instabilidade,,,,,,,,,,,
Acne,erupção_cutânea,borbulhas_com_pus,pontos_negros,descamação,,,,,,,,,,,,,
Infeção do Trato Urinário,micção_ardente,desconforto_na_bexiga,odor_fétido_na_urina,sensação_contínua_de_urinar,,,,,,,,,,,,,
Psoríase,erupção_cutânea,dor_nas_articulações,descamação_da_pele,aspeto_prateado_na_pele,pequenas_depressões_nas_unhas,unhas_inflamadas,,,,,,,,,,,
Impétigo,erupção_cutânea,febre_alta,bolha,ferida_vermelha_à_volta_do_nariz,crostas_amarelas_com_exsudado,,,,,,,,,,,,
Infeção Fúngica,comichão,erupção_cutânea,erupções_cutâneas_nodulares,manchas_discrómicas,,,,,,,,,,,,,
Alergia,espirros_contínuos,tremores,arrepios,lacrimejo,,,,,,,,,,,,,
DRGE,dor_de_estômago,acidez,úlceras_na_língua,vómitos,tosse,dor_no_peito,,,,,,,,,,,
Colestase Crónica,comichão,vómitos,pele_amarelada,náuseas,perda_de_apetite,dor_abdominal,amarelecimento_dos_olhos,,,,,,,,,,
Reação a Medicamentos,comichão,erupção_cutânea,dor_de_estômago,micção_ardente,perdas_urinárias,,,,,,,,,,,,
Úlcera Péptica,vómitos,indigestão,perda_de_apetite,dor_abdominal,passagem_de_gases,comichão_interna,,,,,,,,,,,
SIDA,atrofia_muscular,manchas_na_garganta,febre_alta,contactos_extraconjugais,,,,,,,,,,,,,
Diabetes,fadiga,perda_de_peso,agitação,letargia,nível_de_açúcar_irregular,visão_turva_e_distorcida,obesidade,fome_excessiva,apetite_aumentado,poliúria,,,,,,,
Gastroenterite,vómitos,olhos_encovados,desidratação,diarreia,,,,,,,,,,,,,
Asma Brônquica,fadiga,tosse,febre_alta,falta_de_ar,historial_familiar,expetoração_mucoide,,,,,,,,,,,
Hipertensão,dor_de_cabeça,dor_no_peito,tonturas,perda_de_equilíbrio,falta_de_concentração,,,,,,,,,,,,
Enxaqueca,acidez,indigestão,dor_de_cabeça,visão_turva_e_distorcida,fome_excessiva,rigidez_cervical,depressão,irritabilidade,perturbações_visuais,,,,,,,,
Espondilose Cervical,dor_nas_costas,fraqueza_nos_membros,dor_no_pescoço,tonturas,perda_de_equilíbrio,,,,,,,,,,,,
Paralisia (Hemorragia Cerebral),vómitos,dor_de_cabeça,fraqueza_num_lado_do_corpo,alteração_do_sensório,,,,,,,,,,,,,
Icterícia,comichão,vómitos,fadiga,perda_de_peso,febre_alta,pele_amarelada,urina_escura,dor_abdominal,,,,,,,,,
Malária,arrepios,vómitos,febre_alta,sudorese,dor_de_cabeça,náuseas,diarreia,dor_muscular,,,,,,,,,
Varicela,comichão,erupção_cutânea,fadiga,letargia,febre_alta,dor_de_cabeça,perda_de_apetite,febre_ligeira,gânglios_linfáticos_inchados,mal_estar,manchas_vermelhas_pelo_corpo,,,,,,
Dengue,erupção_cutânea,arrepios,dor_nas_articulações,vómitos,fadiga,febre_alta,dor_de_cabeça,náuseas,perda_de_apetite,dor_atrás_dos_olhos,dor_nas_costas,mal_estar,dor_muscular,manchas_vermelhas_pelo_corpo,,,
Febre Tifóide,arrepios,vómitos,fadiga,febre_alta,dor_de_cabeça,náuseas,obstipação,dor_abdominal,diarreia,aspeto_tóxico_(tifo),dor_na_barriga,,,,,,
Hepatite A,dor_nas_articulações,vómitos,pele_amarelada,urina_escura,náuseas,perda_de_apetite,dor_abdominal,diarreia,febre_ligeira,amarelecimento_dos_olhos,dor_muscular,,,,,,
Hepatite B,comichão,fadiga,letargia,pele_amarelada,urina_escura,perda_de_apetite,dor_abdominal,urina_amarela,amarelecimento_dos_olhos,mal_estar,receção_de_transfusão_de_sangue,receção_de_injeções_não_esterilizadas,,,,,
Hepatite C,fadiga,pele_amarelada,náuseas,perda_de_apetite,amarelecimento_dos_olhos,historial_familiar,,,,,,,,,,,
Hepatite D,dor_nas_articulações,vómitos,fadiga,pele_amarelada,urina_escura,náuseas,perda_de_apetite,dor_abdominal,amarelecimento_dos_olhos,,,,,,,,
Hepatite E,dor_nas_articulações,vómitos,fadiga,febre_alta,pele_amarelada,urina_escura,náuseas,perda_de_apetite,dor_abdominal,amarelecimento_dos_olhos,insuficiência_hepática_aguda,coma,hemorragia_gástrica,,,,
Hepatite Alcoólica,vómitos,pele_amarelada,dor_abdominal,inchaço_do_estômago,distensão_abdominal,historial_de_consumo_de_álcool,sobrecarga_de_fluidos,,,,,,,,,,
Tuberculose,arrepios,vómitos,fadiga,perda_de_peso,tosse,febre_alta,falta_de_ar,sudorese,perda_de_apetite,febre_ligeira,amarelecimento_dos_olhos,gânglios_linfáticos_inchados,mal_estar,fleuma,dor_no_peito,sangue_na_expetoração,
Constipação Comum,espirros_contínuos,arrepios,fadiga,tosse,febre_alta,dor_de_cabeça,gânglios_linfáticos_inchados,mal_estar,fleuma,irritação_da_garganta,vermelhidão_dos_olhos,pressão_sinusal,nariz_a_pingar,congestão,dor_no_peito,perda_de_olfato,dor_muscular
Pneumonia,arrepios,fadiga,tosse,febre_alta,falta_de_ar,sudorese,mal_estar,fleuma,dor_no_peito,frequência_cardíaca_elevada,expetoração_ferruginosa,,,,,,
Hemorroidas Dimórficas,obstipação,dor_durante_a_defecação,dor_na_região_anal,fezes_com_sangue,irritação_no_ânus,,,,,,,,,,,,
Ataque Cardíaco,vómitos,falta_de_ar,sudorese,dor_no_peito,,,,,,,,,,,,,
Varizes,fadiga,cãibras,equimoses,obesidade,pernas_inchadas,vasos_sanguíneos_dilatados,veias_proeminentes_na_barriga_da_perna,,,,,,,,,,
Hipotiroidismo,fadiga,aumento_de_peso,mãos_e_pés_frios,alterações_de_humor,letargia,tonturas,rosto_e_olhos_inchados,tiróide_aumentada,unhas_frágeis,extremidades_inchadas,depressão,irritabilidade,menstruação_anormal,,,,
Hipertiroidismo,fadiga,alterações_de_humor,perda_de_peso,agitação,sudorese,diarreia,frequência_cardíaca_elevada,fome_excessiva,fraqueza_muscular,irritabilidade,menstruação_anormal,,,,,,
Hipoglicemia,vómitos,fadiga,ansiedade,sudorese,dor_de_cabeça,náuseas,visão_turva_e_distorcida,fome_excessiva,lábios_secos_e_com_formigueiro,discurso_arrastado,irritabilidade,palpitações,,,,,
Osteoartrite,dor_nas_articulações,dor_no_pescoço,dor_no_joelho,dor_na_articulação_da_anca,inchaço_das_articulações,dor_ao_caminhar,,,,,,,,,,,
Artrite,fraqueza_muscular,rigidez_cervical,inchaço_das_articulações,rigidez_de_movimentos,dor_ao_caminhar,,,,,,,,,,,,
Vertigem Posicional Paroxística Benigna,vómitos,dor_de_cabeça,náuseas,movimentos_de_rotação,perda_de_equilíbrio,instabilidade,,,,,,,,,,,
Acne,erupção_cutânea,borbulhas_com_pus,pontos_negros,descamação,,,,,,,,,,,,,
Infeção do Trato Urinário,micção_ardente,desconforto_na_bexiga,odor_fétido_na_urina,sensação_contínua_de_urinar,,,,,,,,,,,,,
Psoríase,erupção_cutânea,dor_nas_articulações,descamação_da_pele,aspeto_prateado_na_pele,pequenas_depressões_nas_unhas,unhas_inflamadas,,,,,,,,,,,
Impétigo,erupção_cutânea,febre_alta,bolha,ferida_vermelha_à_volta_do_nariz,crostas_amarelas_com_exsudado,,,,,,,,,,,,
Infeção Fúngica,comichão,erupção_cutânea,erupções_cutâneas_nodulares,manchas_discrómicas,,,,,,,,,,,,,
Alergia,espirros_contínuos,tremores,arrepios,lacrimejo,,,,,,,,,,,,,
DRGE,dor_de_estômago,acidez,úlceras_na_língua,vómitos,tosse,dor_no_peito,,,,,,,,,,,
Colestase Crónica,comichão,vómitos,pele_amarelada,náuseas,perda_de_apetite,dor_abdominal,amarelecimento_dos_olhos,,,,,,,,,,
Reação a Medicamentos,comichão,erupção_cutânea,dor_de_estômago,micção_ardente,perdas_urinárias,,,,,,,,,,,,
Úlcera Péptica,vómitos,indigestão,perda_de_apetite,dor_abdominal,passagem_de_gases,comichão_interna,,,,,,,,,,,
SIDA,atrofia_muscular,manchas_na_garganta,febre_alta,contactos_extraconjugais,,,,,,,,,,,,,
Diabetes,fadiga,perda_de_peso,agitação,letargia,nível_de_açúcar_irregular,visão_turva_e_distorcida,obesidade,fome_excessiva,apetite_aumentado,poliúria,,,,,,,
Gastroenterite,vómitos,olhos_encovados,desidratação,diarreia,,,,,,,,,,,,,
Asma Brônquica,fadiga,tosse,febre_alta,falta_de_ar,historial_familiar,expetoração_mucoide,,,,,,,,,,,
Hipertensão,dor_de_cabeça,dor_no_peito,tonturas,perda_de_equilíbrio,falta_de_concentração,,,,,,,,,,,,
Enxaqueca,acidez,indigestão,dor_de_cabeça,visão_turva_e_distorcida,fome_excessiva,rigidez_cervical,depressão,irritabilidade,perturbações_visuais,,,,,,,,
Espondilose Cervical,dor_nas_costas,fraqueza_nos_membros,dor_no_pescoço,tonturas,perda_de_equilíbrio,,,,,,,,,,,,
Paralisia (Hemorragia Cerebral),vómitos,dor_de_cabeça,fraqueza_num_lado_do_corpo,alteração_do_sensório,,,,,,,,,,,,,
Icterícia,comichão,vómitos,fadiga,perda_de_peso,febre_alta,pele_amarelada,urina_escura,dor_abdominal,,,,,,,,,
Malária,arrepios,vómitos,febre_alta,sudorese,dor_de_cabeça,náuseas,diarreia,dor_muscular,,,,,,,,,
Varicela,comichão,erupção_cutânea,fadiga,letargia,febre_alta,dor_de_cabeça,perda_de_apetite,febre_ligeira,gânglios_linfáticos_inchados,mal_estar,manchas_vermelhas_pelo_corpo,,,,,,
Dengue,erupção_cutânea,arrepios,dor_nas_articulações,vómitos,fadiga,febre_alta,dor_de_cabeça,náuseas,perda_de_apetite,dor_atrás_dos_olhos,dor_nas_costas,mal_estar,dor_muscular,manchas_vermelhas_pelo_corpo,,,
Febre Tifóide,arrepios,vómitos,fadiga,febre_alta,dor_de_cabeça,náuseas,obstipação,dor_abdominal,diarreia,aspeto_tóxico_(tifo),dor_na_barriga,,,,,,
Hepatite A,dor_nas_articulações,vómitos,pele_amarelada,urina_escura,náuseas,perda_de_apetite,dor_abdominal,diarreia,febre_ligeira,amarelecimento_dos_olhos,dor_muscular,,,,,,
Hepatite B,comichão,fadiga,letargia,pele_amarelada,urina_escura,perda_de_apetite,dor_abdominal,urina_amarela,amarelecimento_dos_olhos,mal_estar,receção_de_transfusão_de_sangue,receção_de_injeções_não_esterilizadas,,,,,
Hepatite C,fadiga,pele_amarelada,náuseas,perda_de_apetite,amarelecimento_dos_olhos,historial_familiar,,,,,,,,,,,
Hepatite D,dor_nas_articulações,vómitos,fadiga,pele_amarelada,urina_escura,náuseas,perda_de_apetite,dor_abdominal,amarelecimento_dos_olhos,,,,,,,,
Hepatite E,dor_nas_articulações,vómitos,fadiga,febre_alta,pele_amarelada,urina_escura,náuseas,perda_de_apetite,dor_abdominal,amarelecimento_dos_olhos,insuficiência_hepática_aguda,coma,hemorragia_gástrica,,,,
Hepatite Alcoólica,vómitos,pele_amarelada,dor_abdominal,inchaço_do_estômago,distensão_abdominal,historial_de_consumo_de_álcool,sobrecarga_de_fluidos,,,,,,,,,,
Tuberculose,arrepios,vómitos,fadiga,perda_de_peso,tosse,febre_alta,falta_de_ar,sudorese,perda_de_apetite,febre_ligeira,amarelecimento_dos_olhos,gânglios_linfáticos_inchados,mal_estar,fleuma,dor_no_peito,sangue_na_expetoração,
Constipação Comum,espirros_contínuos,arrepios,fadiga,tosse,febre_alta,dor_de_cabeça,gânglios_linfáticos_inchados,mal_estar,fleuma,irritação_da_garganta,vermelhidão_dos_olhos,pressão_sinusal,nariz_a_pingar,congestão,dor_no_peito,perda_de_olfato,dor_muscular
Pneumonia,arrepios,fadiga,tosse,febre_alta,falta_de_ar,sudorese,mal_estar,fleuma,dor_no_peito,frequência_cardíaca_elevada,expetoração_ferruginosa,,,,,,
Hemorroidas Dimórficas,obstipação,dor_durante_a_defecação,dor_na_região_anal,fezes_com_sangue,irritação_no_ânus,,,,,,,,,,,,
Ataque Cardíaco,vómitos,falta_de_ar,sudorese,dor_no_peito,,,,,,,,,,,,,
Varizes,fadiga,cãibras,equimoses,obesidade,pernas_inchadas,vasos_sanguíneos_dilatados,veias_proeminentes_na_barriga_da_perna,,,,,,,,,,
Hipotiroidismo,fadiga,aumento_de_peso,mãos_e_pés_frios,alterações_de_humor,letargia,tonturas,rosto_e_olhos_inchados,tiróide_aumentada,unhas_frágeis,extremidades_inchadas,depressão,irritabilidade,menstruação_anormal,,,,
Hipertiroidismo,fadiga,alterações_de_humor,perda_de_peso,agitação,sudorese,diarreia,frequência_cardíaca_elevada,fome_excessiva,fraqueza_muscular,irritabilidade,menstruação_anormal,,,,,,
Hipoglicemia,vómitos,fadiga,ansiedade,sudorese,dor_de_cabeça,náuseas,visão_turva_e_distorcida,fome_excessiva,lábios_secos_e_com_formigueiro,discurso_arrastado,irritabilidade,palpitações,,,,,
Osteoartrite,dor_nas_articulações,dor_no_pescoço,dor_no_joelho,dor_na_articulação_da_anca,inchaço_das_articulações,dor_ao_caminhar,,,,,,,,,,,
Artrite,fraqueza_muscular,rigidez_cervical,inchaço_das_articulações,rigidez_de_movimentos,dor_ao_caminhar,,,,,,,,,,,,
Vertigem Posicional Paroxística Benigna,vómitos,dor_de_cabeça,náuseas,movimentos_de_rotação,perda_de_equilíbrio,instabilidade,,,,,,,,,,,
Acne,erupção_cutânea,borbulhas_com_pus,pontos_negros,descamação,,,,,,,,,,,,,
Infeção do Trato Urinário,micção_ardente,desconforto_na_bexiga,odor_fétido_na_urina,sensação_contínua_de_urinar,,,,,,,,,,,,,
Psoríase,erupção_cutânea,dor_nas_articulações,descamação_da_pele,aspeto_prateado_na_pele,pequenas_depressões_nas_unhas,unhas_inflamadas,,,,,,,,,,,
Impétigo,erupção_cutânea,febre_alta,bolha,ferida_vermelha_à_volta_do_nariz,crostas_amarelas_com_exsudado,,,,,,,,,,,,
Infeção Fúngica,comichão,erupção_cutânea,erupções_cutâneas_nodulares,manchas_discrómicas,,,,,,,,,,,,,
Alergia,espirros_contínuos,tremores,arrepios,lacrimejo,,,,,,,,,,,,,
DRGE,dor_de_estômago,acidez,úlceras_na_língua,vómitos,tosse,dor_no_peito,,,,,,,,,,,
Colestase Crónica,comichão,vómitos,pele_amarelada,náuseas,perda_de_apetite,dor_abdominal,amarelecimento_dos_olhos,,,,,,,,,,
Reação a Medicamentos,comichão,erupção_cutânea,dor_de_estômago,micção_ardente,perdas_urinárias,,,,,,,,,,,,
Úlcera Péptica,vómitos,indigestão,perda_de_apetite,dor_abdominal,passagem_de_gases,comichão_interna,,,,,,,,,,,
SIDA,atrofia_muscular,manchas_na_garganta,febre_alta,contactos_extraconjugais,,,,,,,,,,,,,
Diabetes,fadiga,perda_de_peso,agitação,letargia,nível_de_açúcar_irregular,visão_turva_e_distorcida,obesidade,fome_excessiva,apetite_aumentado,poliúria,,,,,,,
Gastroenterite,vómitos,olhos_encovados,desidratação,diarreia,,,,,,,,,,,,,
Asma Brônquica,fadiga,tosse,febre_alta,falta_de_ar,historial_familiar,expetoração_mucoide,,,,,,,,,,,
Hipertensão,dor_de_cabeça,dor_no_peito,tonturas,perda_de_equilíbrio,falta_de_concentração,,,,,,,,,,,,
Enxaqueca,acidez,indigestão,dor_de_cabeça,visão_turva_e_distorcida,fome_excessiva,rigidez_cervical,depressão,irritabilidade,perturbações_visuais,,,,,,,,
Espondilose Cervical,dor_nas_costas,fraqueza_nos_membros,dor_no_pescoço,tonturas,perda_de_equilíbrio,,,,,,,,,,,,
Paralisia (Hemorragia Cerebral),vómitos,dor_de_cabeça,fraqueza_num_lado_do_corpo,alteração_do_sensório,,,,,,,,,,,,,
Icterícia,comichão,vómitos,fadiga,perda_de_peso,febre_alta,pele_amarelada,urina_escura,dor_abdominal,,,,,,,,,
Malária,arrepios,vómitos,febre_alta,sudorese,dor_de_cabeça,náuseas,diarreia,dor_muscular,,,,,,,,,
Varicela,comichão,erupção_cutânea,fadiga,letargia,febre_alta,dor_de_cabeça,perda_de_apetite,febre_ligeira,gânglios_linfáticos_inchados,mal_estar,manchas_vermelhas_pelo_corpo,,,,,,
Dengue,erupção_cutânea,arrepios,dor_nas_articulações,vómitos,fadiga,febre_alta,dor_de_cabeça,náuseas,perda_de_apetite,dor_atrás_dos_olhos,dor_nas_costas,mal_estar,dor_muscular,manchas_vermelhas_pelo_corpo,,,
Febre Tifóide,arrepios,vómitos,fadiga,febre_alta,dor_de_cabeça,náuseas,obstipação,dor_abdominal,diarreia,aspeto_tóxico_(tifo),dor_na_barriga,,,,,,
Hepatite A,dor_nas_articulações,vómitos,pele_amarelada,urina_escura,náuseas,perda_de_apetite,dor_abdominal,diarreia,febre_ligeira,amarelecimento_dos_olhos,dor_muscular,,,,,,
Hepatite B,comichão,fadiga,letargia,pele_amarelada,urina_escura,perda_de_apetite,dor_abdominal,urina_amarela,amarelecimento_dos_olhos,mal_estar,receção_de_transfusão_de_sangue,receção_de_injeções_não_esterilizadas,,,,,
Hepatite C,fadiga,pele_amarelada,náuseas,perda_de_apetite,amarelecimento_dos_olhos,historial_familiar,,,,,,,,,,,
Hepatite D,dor_nas_articulações,vómitos,fadiga,pele_amarelada,urina_escura,náuseas,perda_de_apetite,dor_abdominal,amarelecimento_dos_olhos,,,,,,,,
Hepatite E,dor_nas_articulações,vómitos,fadiga,febre_alta,pele_amarelada,urina_escura,náuseas,perda_de_apetite,dor_abdominal,amarelecimento_dos_olhos,insuficiência_hepática_aguda,coma,hemorragia_gástrica,,,,
Hepatite Alcoólica,vómitos,pele_amarelada,dor_abdominal,inchaço_do_estômago,distensão_abdominal,historial_de_consumo_de_álcool,sobrecarga_de_fluidos,,,,,,,,,,
Tuberculose,arrepios,vómitos,fadiga,perda_de_peso,tosse,febre_alta,falta_de_ar,sudorese,perda_de_apetite,febre_ligeira,amarelecimento_dos_olhos,gânglios_linfáticos_inchados,mal_estar,fleuma,dor_no_peito,sangue_na_expetoração,
Constipação Comum,espirros_contínuos,arrepios,fadiga,tosse,febre_alta,dor_de_cabeça,gânglios_linfáticos_inchados,mal_estar,fleuma,irritação_da_garganta,vermelhidão_dos_olhos,pressão_sinusal,nariz_a_pingar,congestão,dor_no_peito,perda_de_olfato,dor_muscular
Pneumonia,arrepios,fadiga,tosse,febre_alta,falta_de_ar,sudorese,mal_estar,fleuma,dor_no_peito,frequência_cardíaca_elevada,expetoração_ferruginosa,,,,,,
Hemorroidas Dimórficas,obstipação,dor_durante_a_defecação,dor_na_região_anal,fezes_com_sangue,irritação_no_ânus,,,,,,,,,,,,
Ataque Cardíaco,vómitos,falta_de_ar,sudorese,dor_no_peito,,,,,,,,,,,,,
Varizes,fadiga,cãibras,equimoses,obesidade,pernas_inchadas,vasos_sanguíneos_dilatados,veias_proeminentes_na_barriga_da_perna,,,,,,,,,,
Hipotiroidismo,fadiga,aumento_de_peso,mãos_e_pés_frios,alterações_de_humor,letargia,tonturas,rosto_e_olhos_inchados,tiróide_aumentada,unhas_frágeis,extremidades_inchadas,depressão,irritabilidade,menstruação_anormal,,,,
Hipertiroidismo,fadiga,alterações_de_humor,perda_de_peso,agitação,sudorese,diarreia,frequência_cardíaca_elevada,fome_excessiva,fraqueza_muscular,irritabilidade,menstruação_anormal,,,,,,
Hipoglicemia,vómitos,fadiga,ansiedade,sudorese,dor_de_cabeça,náuseas,visão_turva_e_distorcida,fome_excessiva,lábios_secos_e_com_formigueiro,discurso_arrastado,irritabilidade,palpitações,,,,,
Osteoartrite,dor_nas_articulações,dor_no_pescoço,dor_no_joelho,dor_na_articulação_da_anca,inchaço_das_articulações,dor_ao_caminhar,,,,,,,,,,,
Artrite,fraqueza_muscular,rigidez_cervical,inchaço_das_articulações,rigidez_de_movimentos,dor_ao_caminhar,,,,,,,,,,,,
Vertigem Posicional Paroxística Benigna,vómitos,dor_de_cabeça,náuseas,movimentos_de_rotação,perda_de_equilíbrio,instabilidade,,,,,,,,,,,
Acne,erupção_cutânea,borbulhas_com_pus,pontos_negros,descamação,,,,,,,,,,,,,
Infeção do Trato Urinário,micção_ardente,desconforto_na_bexiga,odor_fétido_na_urina,sensação_contínua_de_urinar,,,,,,,,,,,,,
Psoríase,erupção_cutânea,dor_nas_articulações,descamação_da_pele,aspeto_prateado_na_pele,pequenas_depressões_nas_unhas,unhas_inflamadas,,,,,,,,,,,
Impétigo,erupção_cutânea,febre_alta,bolha,ferida_vermelha_à_volta_do_nariz,crostas_amarelas_com_exsudado,,,,,,,,,,,,
Infeção Fúngica,comichão,erupção_cutânea,erupções_cutâneas_nodulares,manchas_discrómicas,,,,,,,,,,,,,
Alergia,espirros_contínuos,tremores,arrepios,lacrimejo,,,,,,,,,,,,,
DRGE,dor_de_estômago,acidez,úlceras_na_língua,vómitos,tosse,dor_no_peito,,,,,,,,,,,
Colestase Crónica,comichão,vómitos,pele_amarelada,náuseas,perda_de_apetite,dor_abdominal,amarelecimento_dos_olhos,,,,,,,,,,
Reação a Medicamentos,comichão,erupção_cutânea,dor_de_estômago,micção_ardente,perdas_urinárias,,,,,,,,,,,,
Úlcera Péptica,vómitos,indigestão,perda_de_apetite,dor_abdominal,passagem_de_gases,comichão_interna,,,,,,,,,,,
SIDA,atrofia_muscular,manchas_na_garganta,febre_alta,contactos_extraconjugais,,,,,,,,,,,,,
Diabetes,fadiga,perda_de_peso,agitação,letargia,nível_de_açúcar_irregular,visão_turva_e_distorcida,obesidade,fome_excessiva,apetite_aumentado,poliúria,,,,,,,
Gastroenterite,vómitos,olhos_encovados,desidratação,diarreia,,,,,,,,,,,,,
Asma Brônquica,fadiga,tosse,febre_alta,falta_de_ar,historial_familiar,expetoração_mucoide,,,,,,,,,,,
Hipertensão,dor_de_cabeça,dor_no_peito,tonturas,perda_de_equilíbrio,falta_de_concentração,,,,,,,,,,,,
Enxaqueca,acidez,indigestão,dor_de_cabeça,visão_turva_e_distorcida,fome_excessiva,rigidez_cervical,depressão,irritabilidade,perturbações_visuais,,,,,,,,
Espondilose Cervical,dor_nas_costas,fraqueza_nos_membros,dor_no_pescoço,tonturas,perda_de_equilíbrio,,,,,,,,,,,,
Paralisia (Hemorragia Cerebral),vómitos,dor_de_cabeça,fraqueza_num_lado_do_corpo,alteração_do_sensório,,,,,,,,,,,,,
Icterícia,comichão,vómitos,fadiga,perda_de_peso,febre_alta,pele_amarelada,urina_escura,dor_abdominal,,,,,,,,,
Malária,arrepios,vómitos,febre_alta,sudorese,dor_de_cabeça,náuseas,diarreia,dor_muscular,,,,,,,,,
Varicela,comichão,erupção_cutânea,fadiga,letargia,febre_alta,dor_de_cabeça,perda_de_apetite,febre_ligeira,gânglios_linfáticos_inchados,mal_estar,manchas_vermelhas_pelo_corpo,,,,,,
Dengue,erupção_cutânea,arrepios,dor_nas_articulações,vómitos,fadiga,febre_alta,dor_de_cabeça,náuseas,perda_de_apetite,dor_atrás_dos_olhos,dor_nas_costas,mal_estar,dor_muscular,manchas_vermelhas_pelo_corpo,,,
Febre Tifóide,arrepios,vómitos,fadiga,febre_alta,dor_de_cabeça,náuseas,obstipação,dor_abdominal,diarreia,aspeto_tóxico_(tifo),dor_na_barriga,,,,,,
Hepatite A,dor_nas_articulações,vómitos,pele_amarelada,urina_escura,náuseas,perda_de_apetite,dor_abdominal,diarreia,febre_ligeira,amarelecimento_dos_olhos,dor_muscular,,,,,,
Hepatite B,comichão,fadiga,letargia,pele_amarelada,urina_escura,perda_de_apetite,dor_abdominal,urina_amarela,amarelecimento_dos_olhos,mal_estar,receção_de_transfusão_de_sangue,receção_de_injeções_não_esterilizadas,,,,,
Hepatite C,fadiga,pele_amarelada,náuseas,perda_de_apetite,amarelecimento_dos_olhos,historial_familiar,,,,,,,,,,,
Hepatite D,dor_nas_articulações,vómitos,fadiga,pele_amarelada,urina_escura,náuseas,perda_de_apetite,dor_abdominal,amarelecimento_dos_olhos,,,,,,,,
Hepatite E,dor_nas_articulações,vómitos,fadiga,febre_alta,pele_amarelada,urina_escura,náuseas,perda_de_apetite,dor_abdominal,amarelecimento_dos_olhos,insuficiência_hepática_aguda,coma,hemorragia_gástrica,,,,
Hepatite Alcoólica,vómitos,pele_amarelada,dor_abdominal,inchaço_do_estômago,distensão_abdominal,historial_de_consumo_de_álcool,sobrecarga_de_fluidos,,,,,,,,,,
Tuberculose,arrepios,vómitos,fadiga,perda_de_peso,tosse,febre_alta,falta_de_ar,sudorese,perda_de_apetite,febre_ligeira,amarelecimento_dos_olhos,gânglios_linfáticos_inchados,mal_estar,fleuma,dor_no_peito,sangue_na_expetoração,
Constipação Comum,espirros_contínuos,arrepios,fadiga,tosse,febre_alta,dor_de_cabeça,gânglios_linfáticos_inchados,mal_estar,fleuma,irritação_da_garganta,vermelhidão_dos_olhos,pressão_sinusal,nariz_a_pingar,congestão,dor_no_peito,perda_de_olfato,dor_muscular
Pneumonia,arrepios,fadiga,tosse,febre_alta,falta_de_ar,sudorese,mal_estar,fleuma,dor_no_peito,frequência_cardíaca_elevada,expetoração_ferruginosa,,,,,,
Hemorroidas Dimórficas,obstipação,dor_durante_a_defecação,dor_na_região_anal,fezes_com_sangue,irritação_no_ânus,,,,,,,,,,,,
Ataque Cardíaco,vómitos,falta_de_ar,sudorese,dor_no_peito,,,,,,,,,,,,,
Varizes,fadiga,cãibras,equimoses,obesidade,pernas_inchadas,vasos_sanguíneos_dilatados,veias_proeminentes_na_barriga_da_perna,,,,,,,,,,
Hipotiroidismo,fadiga,aumento_de_peso,mãos_e_pés_frios,alterações_de_humor,letargia,tonturas,rosto_e_olhos_inchados,tiróide_aumentada,unhas_frágeis,extremidades_inchadas,depressão,irritabilidade,menstruação_anormal,,,,
Hipertiroidismo,fadiga,alterações_de_humor,perda_de_peso,agitação,sudorese,diarreia,frequência_cardíaca_elevada,fome_excessiva,fraqueza_muscular,irritabilidade,menstruação_anormal,,,,,,
Hipoglicemia,vómitos,fadiga,ansiedade,sudorese,dor_de_cabeça,náuseas,visão_turva_e_distorcida,fome_excessiva,lábios_secos_e_com_formigueiro,discurso_arrastado,irritabilidade,palpitações,,,,,
Osteoartrite,dor_nas_articulações,dor_no_pescoço,dor_no_joelho,dor_na_articulação_da_anca,inchaço_das_articulações,dor_ao_caminhar,,,,,,,,,,,
Artrite,fraqueza_muscular,rigidez_cervical,inchaço_das_articulações,rigidez_de_movimentos,dor_ao_caminhar,,,,,,,,,,,,
Vertigem Posicional Paroxística Benigna,vómitos,dor_de_cabeça,náuseas,movimentos_de_rotação,perda_de_equilíbrio,instabilidade,,,,,,,,,,,
Acne,erupção_cutânea,borbulhas_com_pus,pontos_negros,descamação,,,,,,,,,,,,,
Infeção do Trato Urinário,micção_ardente,desconforto_na_bexiga,odor_fétido_na_urina,sensação_contínua_de_urinar,,,,,,,,,,,,,
Psoríase,erupção_cutânea,dor_nas_articulações,descamação_da_pele,aspeto_prateado_na_pele,pequenas_depressões_nas_unhas,unhas_inflamadas,,,,,,,,,,,
Impétigo,erupção_cutânea,febre_alta,bolha,ferida_vermelha_à_volta_do_nariz,crostas_amarelas_com_exsudado,,,,,,,,,,,,
Infeção Fúngica,comichão,erupção_cutânea,erupções_cutâneas_nodulares,manchas_discrómicas,,,,,,,,,,,,,
Alergia,espirros_contínuos,tremores,arrepios,lacrimejo,,,,,,,,,,,,,
DRGE,dor_de_estômago,acidez,úlceras_na_língua,vómitos,tosse,dor_no_peito,,,,,,,,,,,
Colestase Crónica,comichão,vómitos,pele_amarelada,náuseas,perda_de_apetite,dor_abdominal,amarelecimento_dos_olhos,,,,,,,,,,
Reação a Medicamentos,comichão,erupção_cutânea,dor_de_estômago,micção_ardente,perdas_urinárias,,,,,,,,,,,,
Úlcera Péptica,vómitos,indigestão,perda_de_apetite,dor_abdominal,passagem_de_gases,comichão_interna,,,,,,,,,,,
SIDA,atrofia_muscular,manchas_na_garganta,febre_alta,contactos_extraconjugais,,,,,,,,,,,,,
Diabetes,fadiga,perda_de_peso,agitação,letargia,nível_de_açúcar_irregular,visão_turva_e_distorcida,obesidade,fome_excessiva,apetite_aumentado,poliúria,,,,,,,
Gastroenterite,vómitos,olhos_encovados,desidratação,diarreia,,,,,,,,,,,,,
Asma Brônquica,fadiga,tosse,febre_alta,falta_de_ar,historial_familiar,expetoração_mucoide,,,,,,,,,,,
Hipertensão,dor_de_cabeça,dor_no_peito,tonturas,perda_de_equilíbrio,falta_de_concentração,,,,,,,,,,,,
Enxaqueca,acidez,indigestão,dor_de_cabeça,visão_turva_e_distorcida,fome_excessiva,rigidez_cervical,depressão,irritabilidade,perturbações_visuais,,,,,,,,
Espondilose Cervical,dor_nas_costas,fraqueza_nos_membros,dor_no_pescoço,tonturas,perda_de_equilíbrio,,,,,,,,,,,,
Paralisia (Hemorragia Cerebral),vómitos,dor_de_cabeça,fraqueza_num_lado_do_corpo,alteração_do_sensório,,,,,,,,,,,,,
Icterícia,comichão,vómitos,fadiga,perda_de_peso,febre_alta,pele_amarelada,urina_escura,dor_abdominal,,,,,,,,,
Malária,arrepios,vómitos,febre_alta,sudorese,dor_de_cabeça,náuseas,diarreia,dor_muscular,,,,,,,,,
Varicela,comichão,erupção_cutânea,fadiga,letargia,febre_alta,dor_de_cabeça,perda_de_apetite,febre_ligeira,gânglios_linfáticos_inchados,mal_estar,manchas_vermelhas_pelo_corpo,,,,,,
Dengue,erupção_cutânea,arrepios,dor_nas_articulações,vómitos,fadiga,febre_alta,dor_de_cabeça,náuseas,perda_de_apetite,dor_atrás_dos_olhos,dor_nas_costas,mal_estar,dor_muscular,manchas_vermelhas_pelo_corpo,,,
Febre Tifóide,arrepios,vómitos,fadiga,febre_alta,dor_de_cabeça,náuseas,obstipação,dor_abdominal,diarreia,aspeto_tóxico_(tifo),dor_na_barriga,,,,,,
Hepatite A,dor_nas_articulações,vómitos,pele_amarelada,urina_escura,náuseas,perda_de_apetite,dor_abdominal,diarreia,febre_ligeira,amarelecimento_dos_olhos,dor_muscular,,,,,,
Hepatite B,comichão,fadiga,letargia,pele_amarelada,urina_escura,perda_de_apetite,dor_abdominal,urina_amarela,amarelecimento_dos_olhos,mal_estar,receção_de_transfusão_de_sangue,receção_de_injeções_não_esterilizadas,,,,,
Hepatite C,fadiga,pele_amarelada,náuseas,perda_de_apetite,amarelecimento_dos_olhos,historial_familiar,,,,,,,,,,,
Hepatite D,dor_nas_articulações,vómitos,fadiga,pele_amarelada,urina_escura,náuseas,perda_de_apetite,dor_abdominal,amarelecimento_dos_olhos,,,,,,,,
Hepatite E,dor_nas_articulações,vómitos,fadiga,febre_alta,pele_amarelada,urina_escura,náuseas,perda_de_apetite,dor_abdominal,amarelecimento_dos_olhos,insuficiência_hepática_aguda,coma,hemorragia_gástrica,,,,
Hepatite Alcoólica,vómitos,pele_amarelada,dor_abdominal,inchaço_do_estômago,distensão_abdominal,historial_de_consumo_de_álcool,sobrecarga_de_fluidos,,,,,,,,,,
Tuberculose,arrepios,vómitos,fadiga,perda_de_peso,tosse,febre_alta,falta_de_ar,sudorese,perda_de_apetite,febre_ligeira,amarelecimento_dos_olhos,gânglios_linfáticos_inchados,mal_estar,fleuma,dor_no_peito,sangue_na_expetoração,
Constipação Comum,espirros_contínuos,arrepios,fadiga,tosse,febre_alta,dor_de_cabeça,gânglios_linfáticos_inchados,mal_estar,fleuma,irritação_da_garganta,vermelhidão_dos_olhos,pressão_sinusal,nariz_a_pingar,congestão,dor_no_peito,perda_de_olfato,dor_muscular
Pneumonia,arrepios,fadiga,tosse,febre_alta,falta_de_ar,sudorese,mal_estar,fleuma,dor_no_peito,frequência_cardíaca_elevada,expetoração_ferruginosa,,,,,,
Hemorroidas Dimórficas,obstipação,dor_durante_a_defecação,dor_na_região_anal,fezes_com_sangue,irritação_no_ânus,,,,,,,,,,,,
Ataque Cardíaco,vómitos,falta_de_ar,sudorese,dor_no_peito,,,,,,,,,,,,,
Varizes,fadiga,cãibras,equimoses,obesidade,pernas_inchadas,vasos_sanguíneos_dilatados,veias_proeminentes_na_barriga_da_perna,,,,,,,,,,
Hipotiroidismo,fadiga,aumento_de_peso,mãos_e_pés_frios,alterações_de_humor,letargia,tonturas,rosto_e_olhos_inchados,tiróide_aumentada,unhas_frágeis,extremidades_inchadas,depressão,irritabilidade,menstruação_anormal,,,,
Hipertiroidismo,fadiga,alterações_de_humor,perda_de_peso,agitação,sudorese,diarreia,frequência_cardíaca_elevada,fome_excessiva,fraqueza_muscular,irritabilidade,menstruação_anormal,,,,,,
Hipoglicemia,vómitos,fadiga,ansiedade,sudorese,dor_de_cabeça,náuseas,visão_turva_e_distorcida,fome_excessiva,lábios_secos_e_com_formigueiro,discurso_arrastado,irritabilidade,palpitações,,,,,
Osteoartrite,dor_nas_articulações,dor_no_pescoço,dor_no_joelho,dor_na_articulação_da_anca,inchaço_das_articulações,dor_ao_caminhar,,,,,,,,,,,
Artrite,fraqueza_muscular,rigidez_cervical,inchaço_das_articulações,rigidez_de_movimentos,dor_ao_caminhar,,,,,,,,,,,,
Vertigem Posicional Paroxística Benigna,vómitos,dor_de_cabeça,náuseas,movimentos_de_rotação,perda_de_equilíbrio,instabilidade,,,,,,,,,,,
Acne,erupção_cutânea,borbulhas_com_pus,pontos_negros,descamação,,,,,,,,,,,,,
Infeção do Trato Urinário,micção_ardente,desconforto_na_bexiga,odor_fétido_na_urina,sensação_contínua_de_urinar,,,,,,,,,,,,,
Psoríase,erupção_cutânea,dor_nas_articulações,descamação_da_pele,aspeto_prateado_na_pele,pequenas_depressões_nas_unhas,unhas_inflamadas,,,,,,,,,,,
Impétigo,erupção_cutânea,febre_alta,bolha,ferida_vermelha_à_volta_do_nariz,crostas_amarelas_com_exsudado,,,,,,,,,,,,
Infeção Fúngica,comichão,erupção_cutânea,erupções_cutâneas_nodulares,manchas_discrómicas,,,,,,,,,,,,,
Alergia,espirros_contínuos,tremores,arrepios,lacrimejo,,,,,,,,,,,,,
DRGE,dor_de_estômago,acidez,úlceras_na_língua,vómitos,tosse,dor_no_peito,,,,,,,,,,,
Colestase Crónica,comichão,vómitos,pele_amarelada,náuseas,perda_de_apetite,dor_abdominal,amarelecimento_dos_olhos,,,,,,,,,,
Reação a Medicamentos,comichão,erupção_cutânea,dor_de_estômago,micção_ardente,perdas_urinárias,,,,,,,,,,,,
Úlcera Péptica,vómitos,indigestão,perda_de_apetite,dor_abdominal,passagem_de_gases,comichão_interna,,,,,,,,,,,
SIDA,atrofia_muscular,manchas_na_garganta,febre_alta,contactos_extraconjugais,,,,,,,,,,,,,
Diabetes,fadiga,perda_de_peso,agitação,letargia,nível_de_açúcar_irregular,visão_turva_e_distorcida,obesidade,fome_excessiva,apetite_aumentado,poliúria,,,,,,,
Gastroenterite,vómitos,olhos_encovados,desidratação,diarreia,,,,,,,,,,,,,
Asma Brônquica,fadiga,tosse,febre_alta,falta_de_ar,historial_familiar,expetoração_mucoide,,,,,,,,,,,
Hipertensão,dor_de_cabeça,dor_no_peito,tonturas,perda_de_equilíbrio,falta_de_concentração,,,,,,,,,,,,
Enxaqueca,acidez,indigestão,dor_de_cabeça,visão_turva_e_distorcida,fome_excessiva,rigidez_cervical,depressão,irritabilidade,perturbações_visuais,,,,,,,,
Espondilose Cervical,dor_nas_costas,fraqueza_nos_membros,dor_no_pescoço,tonturas,perda_de_equilíbrio,,,,,,,,,,,,
Paralisia (Hemorragia Cerebral),vómitos,dor_de_cabeça,fraqueza_num_lado_do_corpo,alteração_do_sensório,,,,,,,,,,,,,
Icterícia,comichão,vómitos,fadiga,perda_de_peso,febre_alta,pele_amarelada,urina_escura,dor_abdominal,,,,,,,,,
Malária,arrepios,vómitos,febre_alta,sudorese,dor_de_cabeça,náuseas,diarreia,dor_muscular,,,,,,,,,
Varicela,comichão,erupção_cutânea,fadiga,letargia,febre_alta,dor_de_cabeça,perda_de_apetite,febre_ligeira,gânglios_linfáticos_inchados,mal_estar,manchas_vermelhas_pelo_corpo,,,,,,
Dengue,erupção_cutânea,arrepios,dor_nas_articulações,vómitos,fadiga,febre_alta,dor_de_cabeça,náuseas,perda_de_apetite,dor_atrás_dos_olhos,dor_nas_costas,mal_estar,dor_muscular,manchas_vermelhas_pelo_corpo,,,
Febre Tifóide,arrepios,vómitos,fadiga,febre_alta,dor_de_cabeça,náuseas,obstipação,dor_abdominal,diarreia,aspeto_tóxico_(tifo),dor_na_barriga,,,,,,
Hepatite A,dor_nas_articulações,vómitos,pele_amarelada,urina_escura,náuseas,perda_de_apetite,dor_abdominal,diarreia,febre_ligeira,amarelecimento_dos_olhos,dor_muscular,,,,,,
Hepatite B,comichão,fadiga,letargia,pele_amarelada,urina_escura,perda_de_apetite,dor_abdominal,urina_amarela,amarelecimento_dos_olhos,mal_estar,receção_de_transfusão_de_sangue,receção_de_injeções_não_esterilizadas,,,,,
Hepatite C,fadiga,pele_amarelada,náuseas,perda_de_apetite,amarelecimento_dos_olhos,historial_familiar,,,,,,,,,,,
Hepatite D,dor_nas_articulações,vómitos,fadiga,pele_amarelada,urina_escura,náuseas,perda_de_apetite,dor_abdominal,amarelecimento_dos_olhos,,,,,,,,
Hepatite E,dor_nas_articulações,vómitos,fadiga,febre_alta,pele_amarelada,urina_escura,náuseas,perda_de_apetite,dor_abdominal,amarelecimento_dos_olhos,insuficiência_hepática_aguda,coma,hemorragia_gástrica,,,,
Hepatite Alcoólica,vómitos,pele_amarelada,dor_abdominal,inchaço_do_estômago,distensão_abdominal,historial_de_consumo_de_álcool,sobrecarga_de_fluidos,,,,,,,,,,
Tuberculose,arrepios,vómitos,fadiga,perda_de_peso,tosse,febre_alta,falta_de_ar,sudorese,perda_de_apetite,febre_ligeira,amarelecimento_dos_olhos,gânglios_linfáticos_inchados,mal_estar,fleuma,dor_no_peito,sangue_na_expetoração,
Constipação Comum,espirros_contínuos,arrepios,fadiga,tosse,febre_alta,dor_de_cabeça,gânglios_linfáticos_inchados,mal_estar,fleuma,irritação_da_garganta,vermelhidão_dos_olhos,pressão_sinusal,nariz_a_pingar,congestão,dor_no_peito,perda_de_olfato,dor_muscular
Pneumonia,arrepios,fadiga,tosse,febre_alta,falta_de_ar,sudorese,mal_estar,fleuma,dor_no_peito,frequência_cardíaca_elevada,expetoração_ferruginosa,,,,,,
Hemorroidas Dimórficas,obstipação,dor_durante_a_defecação,dor_na_região_anal,fezes_com_sangue,irritação_no_ânus,,,,,,,,,,,,
Ataque Cardíaco,vómitos,falta_de_ar,sudorese,dor_no_peito,,,,,,,,,,,,,
Varizes,fadiga,cãibras,equimoses,obesidade,pernas_inchadas,vasos_sanguíneos_dilatados,veias_proeminentes_na_barriga_da_perna,,,,,,,,,,
Hipotiroidismo,fadiga,aumento_de_peso,mãos_e_pés_frios,alterações_de_humor,letargia,tonturas,rosto_e_olhos_inchados,tiróide_aumentada,unhas_frágeis,extremidades_inchadas,depressão,irritabilidade,menstruação_anormal,,,,
Hipertiroidismo,fadiga,alterações_de_humor,perda_de_peso,agitação,sudorese,diarreia,frequência_cardíaca_elevada,fome_excessiva,fraqueza_muscular,irritabilidade,menstruação_anormal,,,,,,
Hipoglicemia,vómitos,fadiga,ansiedade,sudorese,dor_de_cabeça,náuseas,visão_turva_e_distorcida,fome_excessiva,lábios_secos_e_com_formigueiro,discurso_arrastado,irritabilidade,palpitações,,,,,
Osteoartrite,dor_nas_articulações,dor_no_pescoço,dor_no_joelho,dor_na_articulação_da_anca,inchaço_das_articulações,dor_ao_caminhar,,,,,,,,,,,
Artrite,fraqueza_muscular,rigidez_cervical,inchaço_das_articulações,rigidez_de_movimentos,dor_ao_caminhar,,,,,,,,,,,,
Vertigem Posicional Paroxística Benigna,vómitos,dor_de_cabeça,náuseas,movimentos_de_rotação,perda_de_equilíbrio,instabilidade,,,,,,,,,,,
Acne,erupção_cutânea,borbulhas_com_pus,pontos_negros,descamação,,,,,,,,,,,,,
Infeção do Trato Urinário,micção_ardente,desconforto_na_bexiga,odor_fétido_na_urina,sensação_contínua_de_urinar,,,,,,,,,,,,,
Psoríase,erupção_cutânea,dor_nas_articulações,descamação_da_pele,aspeto_prateado_na_pele,pequenas_depressões_nas_unhas,unhas_inflamadas,,,,,,,,,,,
Impétigo,erupção_cutânea,febre_alta,bolha,ferida_vermelha_à_volta_do_nariz,crostas_amarelas_com_exsudado,,,,,,,,,,,,
Infeção Fúngica,comichão,erupção_cutânea,erupções_cutâneas_nodulares,manchas_discrómicas,,,,,,,,,,,,,
Alergia,espirros_contínuos,tremores,arrepios,lacrimejo,,,,,,,,,,,,,
DRGE,dor_de_estômago,acidez,úlceras_na_língua,vómitos,tosse,dor_no_peito,,,,,,,,,,,
Colestase Crónica,comichão,vómitos,pele_amarelada,náuseas,perda_de_apetite,dor_abdominal,amarelecimento_dos_olhos,,,,,,,,,,
Reação a Medicamentos,comichão,erupção_cutânea,dor_de_estômago,micção_ardente,perdas_urinárias,,,,,,,,,,,,
Úlcera Péptica,vómitos,indigestão,perda_de_apetite,dor_abdominal,passagem_de_gases,comichão_interna,,,,,,,,,,,
SIDA,atrofia_muscular,manchas_na_garganta,febre_alta,contactos_extraconjugais,,,,,,,,,,,,,
Diabetes,fadiga,perda_de_peso,agitação,letargia,nível_de_açúcar_irregular,visão_turva_e_distorcida,obesidade,fome_excessiva,apetite_aumentado,poliúria,,,,,,,
Gastroenterite,vómitos,olhos_encovados,desidratação,diarreia,,,,,,,,,,,,,
Asma Brônquica,fadiga,tosse,febre_alta,falta_de_ar,historial_familiar,expetoração_mucoide,,,,,,,,,,,
Hipertensão,dor_de_cabeça,dor_no_peito,tonturas,perda_de_equilíbrio,falta_de_concentração,,,,,,,,,,,,
Enxaqueca,acidez,indigestão,dor_de_cabeça,visão_turva_e_distorcida,fome_excessiva,rigidez_cervical,depressão,irritabilidade,perturbações_visuais,,,,,,,,
Espondilose Cervical,dor_nas_costas,fraqueza_nos_membros,dor_no_pescoço,tonturas,perda_de_equilíbrio,,,,,,,,,,,,
Paralisia (Hemorragia Cerebral),vómitos,dor_de_cabeça,fraqueza_num_lado_do_corpo,alteração_do_sensório,,,,,,,,,,,,,
Icterícia,comichão,vómitos,fadiga,perda_de_peso,febre_alta,pele_amarelada,urina_escura,dor_abdominal,,,,,,,,,
Malária,arrepios,vómitos,febre_alta,sudorese,dor_de_cabeça,náuseas,diarreia,dor_muscular,,,,,,,,,
Varicela,comichão,erupção_cutânea,fadiga,letargia,febre_alta,dor_de_cabeça,perda_de_apetite,febre_ligeira,gânglios_linfáticos_inchados,mal_estar,manchas_vermelhas_pelo_corpo,,,,,,
Dengue,erupção_cutânea,arrepios,dor_nas_articulações,vómitos,fadiga,febre_alta,dor_de_cabeça,náuseas,perda_de_apetite,dor_atrás_dos_olhos,dor_nas_costas,mal_estar,dor_muscular,manchas_vermelhas_pelo_corpo,,,
Febre Tifóide,arrepios,vómitos,fadiga,febre_alta,dor_de_cabeça,náuseas,obstipação,dor_abdominal,diarreia,aspeto_tóxico_(tifo),dor_na_barriga,,,,,,
Hepatite A,dor_nas_articulações,vómitos,pele_amarelada,urina_escura,náuseas,perda_de_apetite,dor_abdominal,diarreia,febre_ligeira,amarelecimento_dos_olhos,dor_muscular,,,,,,
Hepatite B,comichão,fadiga,letargia,pele_amarelada,urina_escura,perda_de_apetite,dor_abdominal,urina_amarela,amarelecimento_dos_olhos,mal_estar,receção_de_transfusão_de_sangue,receção_de_injeções_não_esterilizadas,,,,,
Hepatite C,fadiga,pele_amarelada,náuseas,perda_de_apetite,amarelecimento_dos_olhos,historial_familiar,,,,,,,,,,,
Hepatite D,dor_nas_articulações,vómitos,fadiga,pele_amarelada,urina_escura,náuseas,perda_de_apetite,dor_abdominal,amarelecimento_dos_olhos,,,,,,,,
Hepatite E,dor_nas_articulações,vómitos,fadiga,febre_alta,pele_amarelada,urina_escura,náuseas,perda_de_apetite,dor_abdominal,amarelecimento_dos_olhos,insuficiência_hepática_aguda,coma,hemorragia_gástrica,,,,
Hepatite Alcoólica,vómitos,pele_amarelada,dor_abdominal,inchaço_do_estômago,distensão_abdominal,historial_de_consumo_de_álcool,sobrecarga_de_fluidos,,,,,,,,,,
Tuberculose,arrepios,vómitos,fadiga,perda_de_peso,tosse,febre_alta,falta_de_ar,sudorese,perda_de_apetite,febre_ligeira,amarelecimento_dos_olhos,gânglios_linfáticos_inchados,mal_estar,fleuma,dor_no_peito,sangue_na_expetoração,
Constipação Comum,espirros_contínuos,arrepios,fadiga,tosse,febre_alta,dor_de_cabeça,gânglios_linfáticos_inchados,mal_estar,fleuma,irritação_da_garganta,vermelhidão_dos_olhos,pressão_sinusal,nariz_a_pingar,congestão,dor_no_peito,perda_de_olfato,dor_muscular
Pneumonia,arrepios,fadiga,tosse,febre_alta,falta_de_ar,sudorese,mal_estar,fleuma,dor_no_peito,frequência_cardíaca_elevada,expetoração_ferruginosa,,,,,,
Hemorroidas Dimórficas,obstipação,dor_durante_a_defecação,dor_na_região_anal,fezes_com_sangue,irritação_no_ânus,,,,,,,,,,,,
Ataque Cardíaco,vómitos,falta_de_ar,sudorese,dor_no_peito,,,,,,,,,,,,,
Varizes,fadiga,cãibras,equimoses,obesidade,pernas_inchadas,vasos_sanguíneos_dilatados,veias_proeminentes_na_barriga_da_perna,,,,,,,,,,
Hipotiroidismo,fadiga,aumento_de_peso,mãos_e_pés_frios,alterações_de_humor,letargia,tonturas,rosto_e_olhos_inchados,tiróide_aumentada,unhas_frágeis,extremidades_inchadas,depressão,irritabilidade,menstruação_anormal,,,,
Hipertiroidismo,fadiga,alterações_de_humor,perda_de_peso,agitação,sudorese,diarreia,frequência_cardíaca_elevada,fome_excessiva,fraqueza_muscular,irritabilidade,menstruação_anormal,,,,,,
Hipoglicemia,vómitos,fadiga,ansiedade,sudorese,dor_de_cabeça,náuseas,visão_turva_e_distorcida,fome_excessiva,lábios_secos_e_com_formigueiro,discurso_arrastado,irritabilidade,palpitações,,,,,
Osteoartrite,dor_nas_articulações,dor_no_pescoço,dor_no_joelho,dor_na_articulação_da_anca,inchaço_das_articulações,dor_ao_caminhar,,,,,,,,,,,
Artrite,fraqueza_muscular,rigidez_cervical,inchaço_das_articulações,rigidez_de_movimentos,dor_ao_caminhar,,,,,,,,,,,,
Vertigem Posicional Paroxística Benigna,vómitos,dor_de_cabeça,náuseas,movimentos_de_rotação,perda_de_equilíbrio,instabilidade,,,,,,,,,,,
Acne,erupção_cutânea,borbulhas_com_pus,pontos_negros,descamação,,,,,,,,,,,,,
Infeção do Trato Urinário,micção_ardente,desconforto_na_bexiga,odor_fétido_na_urina,sensação_contínua_de_urinar,,,,,,,,,,,,,
Psoríase,erupção_cutânea,dor_nas_articulações,descamação_da_pele,aspeto_prateado_na_pele,pequenas_depressões_nas_unhas,unhas_inflamadas,,,,,,,,,,,
Impétigo,erupção_cutânea,febre_alta,bolha,ferida_vermelha_à_volta_do_nariz,crostas_amarelas_com_exsudado,,,,,,,,,,,,
Infeção Fúngica,comichão,erupção_cutânea,erupções_cutâneas_nodulares,manchas_discrómicas,,,,,,,,,,,,,
Alergia,espirros_contínuos,tremores,arrepios,lacrimejo,,,,,,,,,,,,,
DRGE,dor_de_estômago,acidez,úlceras_na_língua,vómitos,tosse,dor_no_peito,,,,,,,,,,,
Colestase Crónica,comichão,vómitos,pele_amarelada,náuseas,perda_de_apetite,dor_abdominal,amarelecimento_dos_olhos,,,,,,,,,,
Reação a Medicamentos,comichão,erupção_cutânea,dor_de_estômago,micção_ardente,perdas_urinárias,,,,,,,,,,,,
Úlcera Péptica,vómitos,indigestão,perda_de_apetite,dor_abdominal,passagem_de_gases,comichão_interna,,,,,,,,,,,
SIDA,atrofia_muscular,manchas_na_garganta,febre_alta,contactos_extraconjugais,,,,,,,,,,,,,
Diabetes,fadiga,perda_de_peso,agitação,letargia,nível_de_açúcar_irregular,visão_turva_e_distorcida,obesidade,fome_excessiva,apetite_aumentado,poliúria,,,,,,,
Gastroenterite,vómitos,olhos_encovados,desidratação,diarreia,,,,,,,,,,,,,
Asma Brônquica,fadiga,tosse,febre_alta,falta_de_ar,historial_familiar,expetoração_mucoide,,,,,,,,,,,
Hipertensão,dor_de_cabeça,dor_no_peito,tonturas,perda_de_equilíbrio,falta_de_concentração,,,,,,,,,,,,
Enxaqueca,acidez,indigestão,dor_de_cabeça,visão_turva_e_distorcida,fome_excessiva,rigidez_cervical,depressão,irritabilidade,perturbações_visuais,,,,,,,,
Espondilose Cervical,dor_nas_costas,fraqueza_nos_membros,dor_no_pescoço,tonturas,perda_de_equilíbrio,,,,,,,,,,,,
Paralisia (Hemorragia Cerebral),vómitos,dor_de_cabeça,fraqueza_num_lado_do_corpo,alteração_do_sensório,,,,,,,,,,,,,
Icterícia,comichão,vómitos,fadiga,perda_de_peso,febre_alta,pele_amarelada,urina_escura,dor_abdominal,,,,,,,,,
Malária,arrepios,vómitos,febre_alta,sudorese,dor_de_cabeça,náuseas,diarreia,dor_muscular,,,,,,,,,
Varicela,comichão,erupção_cutânea,fadiga,letargia,febre_alta,dor_de_cabeça,perda_de_apetite,febre_ligeira,gânglios_linfáticos_inchados,mal_estar,manchas_vermelhas_pelo_corpo,,,,,,
Dengue,erupção_cutânea,arrepios,dor_nas_articulações,vómitos,fadiga,febre_alta,dor_de_cabeça,náuseas,perda_de_apetite,dor_atrás_dos_olhos,dor_nas_costas,mal_estar,dor_muscular,manchas_vermelhas_pelo_corpo,,,
Febre Tifóide,arrepios,vómitos,fadiga,febre_alta,dor_de_cabeça,náuseas,obstipação,dor_abdominal,diarreia,aspeto_tóxico_(tifo),dor_na_barriga,,,,,,
Hepatite A,dor_nas_articulações,vómitos,pele_amarelada,urina_escura,náuseas,perda_de_apetite,dor_abdominal,diarreia,febre_ligeira,amarelecimento_dos_olhos,dor_muscular,,,,,,
Hepatite B,comichão,fadiga,letargia,pele_amarelada,urina_escura,perda_de_apetite,dor_abdominal,urina_amarela,amarelecimento_dos_olhos,mal_estar,receção_de_transfusão_de_sangue,receção_de_injeções_não_esterilizadas,,,,,
Hepatite C,fadiga,pele_amarelada,náuseas,perda_de_apetite,amarelecimento_dos_olhos,historial_familiar,,,,,,,,,,,
Hepatite D,dor_nas_articulações,vómitos,fadiga,pele_amarelada,urina_escura,náuseas,perda_de_apetite,dor_abdominal,amarelecimento_dos_olhos,,,,,,,,
Hepatite E,dor_nas_articulações,vómitos,fadiga,febre_alta,pele_amarelada,urina_escura,náuseas,perda_de_apetite,dor_abdominal,amarelecimento_dos_olhos,insuficiência_hepática_aguda,coma,hemorragia_gástrica,,,,
Hepatite Alcoólica,vómitos,pele_amarelada,dor_abdominal,inchaço_do_estômago,distensão_abdominal,historial_de_consumo_de_álcool,sobrecarga_de_fluidos,,,,,,,,,,
Tuberculose,arrepios,vómitos,fadiga,perda_de_peso,tosse,febre_alta,falta_de_ar,sudorese,perda_de_apetite,febre_ligeira,amarelecimento_dos_olhos,gânglios_linfáticos_inchados,mal_estar,fleuma,dor_no_peito,sangue_na_expetoração,
Constipação Comum,espirros_contínuos,arrepios,fadiga,tosse,febre_alta,dor_de_cabeça,gânglios_linfáticos_inchados,mal_estar,fleuma,irritação_da_garganta,vermelhidão_dos_olhos,pressão_sinusal,nariz_a_pingar,congestão,dor_no_peito,perda_de_olfato,dor_muscular
Pneumonia,arrepios,fadiga,tosse,febre_alta,falta_de_ar,sudorese,mal_estar,fleuma,dor_no_peito,frequência_cardíaca_elevada,expetoração_ferruginosa,,,,,,
Hemorroidas Dimórficas,obstipação,dor_durante_a_defecação,dor_na_região_anal,fezes_com_sangue,irritação_no_ânus,,,,,,,,,,,,
Ataque Cardíaco,vómitos,falta_de_ar,sudorese,dor_no_peito,,,,,,,,,,,,,
Varizes,fadiga,cãibras,equimoses,obesidade,pernas_inchadas,vasos_sanguíneos_dilatados,veias_proeminentes_na_barriga_da_perna,,,,,,,,,,
Hipotiroidismo,fadiga,aumento_de_peso,mãos_e_pés_frios,alterações_de_humor,letargia,tonturas,rosto_e_olhos_inchados,tiróide_aumentada,unhas_frágeis,extremidades_inchadas,depressão,irritabilidade,menstruação_anormal,,,,
Hipertiroidismo,fadiga,alterações_de_humor,perda_de_peso,agitação,sudorese,diarreia,frequência_cardíaca_elevada,fome_excessiva,fraqueza_muscular,irritabilidade,menstruação_anormal,,,,,,
Hipoglicemia,vómitos,fadiga,ansiedade,sudorese,dor_de_cabeça,náuseas,visão_turva_e_distorcida,fome_excessiva,lábios_secos_e_com_formigueiro,discurso_arrastado,irritabilidade,palpitações,,,,,
Osteoartrite,dor_nas_articulações,dor_no_pescoço,dor_no_joelho,dor_na_articulação_da_anca,inchaço_das_articulações,dor_ao_caminhar,,,,,,,,,,,
Artrite,fraqueza_muscular,rigidez_cervical,inchaço_das_articulações,rigidez_de_movimentos,dor_ao_caminhar,,,,,,,,,,,,
Vertigem Posicional Paroxística Benigna,vómitos,dor_de_cabeça,náuseas,movimentos_de_rotação,perda_de_equilíbrio,instabilidade,,,,,,,,,,,
Acne,erupção_cutânea,borbulhas_com_pus,pontos_negros,descamação,,,,,,,,,,,,,
Infeção do Trato Urinário,micção_ardente,desconforto_na_bexiga,odor_fétido_na_urina,sensação_contínua_de_urinar,,,,,,,,,,,,,
Psoríase,erupção_cutânea,dor_nas_articulações,descamação_da_pele,aspeto_prateado_na_pele,pequenas_depressões_nas_unhas,unhas_inflamadas,,,,,,,,,,,
Impétigo,erupção_cutânea,febre_alta,bolha,ferida_vermelha_à_volta_do_nariz,crostas_amarelas_com_exsudado,,,,,,,,,,,,
Infeção Fúngica,comichão,erupção_cutânea,erupções_cutâneas_nodulares,manchas_discrómicas,,,,,,,,,,,,,
Alergia,espirros_contínuos,tremores,arrepios,lacrimejo,,,,,,,,,,,,,
DRGE,dor_de_estômago,acidez,úlceras_na_língua,vómitos,tosse,dor_no_peito,,,,,,,,,,,
Colestase Crónica,comichão,vómitos,pele_amarelada,náuseas,perda_de_apetite,dor_abdominal,amarelecimento_dos_olhos,,,,,,,,,,
Reação a Medicamentos,comichão,erupção_cutânea,dor_de_estômago,micção_ardente,perdas_urinárias,,,,,,,,,,,,
Úlcera Péptica,vómitos,indigestão,perda_de_apetite,dor_abdominal,passagem_de_gases,comichão_interna,,,,,,,,,,,
SIDA,atrofia_muscular,manchas_na_garganta,febre_alta,contactos_extraconjugais,,,,,,,,,,,,,
Diabetes,fadiga,perda_de_peso,agitação,letargia,nível_de_açúcar_irregular,visão_turva_e_distorcida,obesidade,fome_excessiva,apetite_aumentado,poliúria,,,,,,,
Gastroenterite,vómitos,olhos_encovados,desidratação,diarreia,,,,,,,,,,,,,
Asma Brônquica,fadiga,tosse,febre_alta,falta_de_ar,historial_familiar,expetoração_mucoide,,,,,,,,,,,
Hipertensão,dor_de_cabeça,dor_no_peito,tonturas,perda_de_equilíbrio,falta_de_concentração,,,,,,,,,,,,
Enxaqueca,acidez,indigestão,dor_de_cabeça,visão_turva_e_distorcida,fome_excessiva,rigidez_cervical,depressão,irritabilidade,perturbações_visuais,,,,,,,,
Espondilose Cervical,dor_nas_costas,fraqueza_nos_membros,dor_no_pescoço,tonturas,perda_de_equilíbrio,,,,,,,,,,,,
Paralisia (Hemorragia Cerebral),vómitos,dor_de_cabeça,fraqueza_num_lado_do_corpo,alteração_do_sensório,,,,,,,,,,,,,
Icterícia,comichão,vómitos,fadiga,perda_de_peso,febre_alta,pele_amarelada,urina_escura,dor_abdominal,,,,,,,,,
Malária,arrepios,vómitos,febre_alta,sudorese,dor_de_cabeça,náuseas,diarreia,dor_muscular,,,,,,,,,
Varicela,comichão,erupção_cutânea,fadiga,letargia,febre_alta,dor_de_cabeça,perda_de_apetite,febre_ligeira,gânglios_linfáticos_inchados,mal_estar,manchas_vermelhas_pelo_corpo,,,,,,
Dengue,erupção_cutânea,arrepios,dor_nas_articulações,vómitos,fadiga,febre_alta,dor_de_cabeça,náuseas,perda_de_apetite,dor_atrás_dos_olhos,dor_nas_costas,mal_estar,dor_muscular,manchas_vermelhas_pelo_corpo,,,
Febre Tifóide,arrepios,vómitos,fadiga,febre_alta,dor_de_cabeça,náuseas,obstipação,dor_abdominal,diarreia,aspeto_tóxico_(tifo),dor_na_barriga,,,,,,
Hepatite A,dor_nas_articulações,vómitos,pele_amarelada,urina_escura,náuseas,perda_de_apetite,dor_abdominal,diarreia,febre_ligeira,amarelecimento_dos_olhos,dor_muscular,,,,,,
Hepatite B,comichão,fadiga,letargia,pele_amarelada,urina_escura,perda_de_apetite,dor_abdominal,urina_amarela,amarelecimento_dos_olhos,mal_estar,receção_de_transfusão_de_sangue,receção_de_injeções_não_esterilizadas,,,,,
Hepatite C,fadiga,pele_amarelada,náuseas,perda_de_apetite,amarelecimento_dos_olhos,historial_familiar,,,,,,,,,,,
Hepatite D,dor_nas_articulações,vómitos,fadiga,pele_amarelada,urina_escura,náuseas,perda_de_apetite,dor_abdominal,amarelecimento_dos_olhos,,,,,,,,
Hepatite E,dor_nas_articulações,vómitos,fadiga,febre_alta,pele_amarelada,urina_escura,náuseas,perda_de_apetite,dor_abdominal,amarelecimento_dos_olhos,insuficiência_hepática_aguda,coma,hemorragia_gástrica,,,,
Hepatite Alcoólica,vómitos,pele_amarelada,dor_abdominal,inchaço_do_estômago,distensão_abdominal,historial_de_consumo_de_álcool,sobrecarga_de_fluidos,,,,,,,,,,
Tuberculose,arrepios,vómitos,fadiga,perda_de_peso,tosse,febre_alta,falta_de_ar,sudorese,perda_de_apetite,febre_ligeira,amarelecimento_dos_olhos,gânglios_linfáticos_inchados,mal_estar,fleuma,dor_no_peito,sangue_na_expetoração,
Constipação Comum,espirros_contínuos,arrepios,fadiga,tosse,febre_alta,dor_de_cabeça,gânglios_linfáticos_inchados,mal_estar,fleuma,irritação_da_garganta,vermelhidão_dos_olhos,pressão_sinusal,nariz_a_pingar,congestão,dor_no_peito,perda_de_olfato,dor_muscular
Pneumonia,arrepios,fadiga,tosse,febre_alta,falta_de_ar,sudorese,mal_estar,fleuma,dor_no_peito,frequência_cardíaca_elevada,expetoração_ferruginosa,,,,,,
Hemorroidas Dimórficas,obstipação,dor_durante_a_defecação,dor_na_região_anal,fezes_com_sangue,irritação_no_ânus,,,,,,,,,,,,
Ataque Cardíaco,vómitos,falta_de_ar,sudorese,dor_no_peito,,,,,,,,,,,,,
Varizes,fadiga,cãibras,equimoses,obesidade,pernas_inchadas,vasos_sanguíneos_dilatados,veias_proeminentes_na_barriga_da_perna,,,,,,,,,,
Hipotiroidismo,fadiga,aumento_de_peso,mãos_e_pés_frios,alterações_de_humor,letargia,tonturas,rosto_e_olhos_inchados,tiróide_aumentada,unhas_frágeis,extremidades_inchadas,depressão,irritabilidade,menstruação_anormal,,,,
Hipertiroidismo,fadiga,alterações_de_humor,perda_de_peso,agitação,sudorese,diarreia,frequência_cardíaca_elevada,fome_excessiva,fraqueza_muscular,irritabilidade,menstruação_anormal,,,,,,
Hipoglicemia,vómitos,fadiga,ansiedade,sudorese,dor_de_cabeça,náuseas,visão_turva_e_distorcida,fome_excessiva,lábios_secos_e_com_formigueiro,discurso_arrastado,irritabilidade,palpitações,,,,,
Osteoartrite,dor_nas_articulações,dor_no_pescoço,dor_no_joelho,dor_na_articulação_da_anca,inchaço_das_articulações,dor_ao_caminhar,,,,,,,,,,,
Artrite,fraqueza_muscular,rigidez_cervical,inchaço_das_articulações,rigidez_de_movimentos,dor_ao_caminhar,,,,,,,,,,,,
Vertigem Posicional Paroxística Benigna,vómitos,dor_de_cabeça,náuseas,movimentos_de_rotação,perda_de_equilíbrio,instabilidade,,,,,,,,,,,
Acne,erupção_cutânea,borbulhas_com_pus,pontos_negros,descamação,,,,,,,,,,,,,
Infeção do Trato Urinário,micção_ardente,desconforto_na_bexiga,odor_fétido_na_urina,sensação_contínua_de_urinar,,,,,,,,,,,,,
Psoríase,erupção_cutânea,dor_nas_articulações,descamação_da_pele,aspeto_prateado_na_pele,pequenas_depressões_nas_unhas,unhas_inflamadas,,,,,,,,,,,
Impétigo,erupção_cutânea,febre_alta,bolha,ferida_vermelha_à_volta_do_nariz,crostas_amarelas_com_exsudado,,,,,,,,,,,,
Infeção Fúngica,comichão,erupção_cutânea,erupções_cutâneas_nodulares,manchas_discrómicas,,,,,,,,,,,,,
Alergia,espirros_contínuos,tremores,arrepios,lacrimejo,,,,,,,,,,,,,
DRGE,dor_de_estômago,acidez,úlceras_na_língua,vómitos,tosse,dor_no_peito,,,,,,,,,,,
Colestase Crónica,comichão,vómitos,pele_amarelada,náuseas,perda_de_apetite,dor_abdominal,amarelecimento_dos_olhos,,,,,,,,,,
Reação a Medicamentos,comichão,erupção_cutânea,dor_de_estômago,micção_ardente,perdas_urinárias,,,,,,,,,,,,
Úlcera Péptica,vómitos,indigestão,perda_de_apetite,dor_abdominal,passagem_de_gases,comichão_interna,,,,,,,,,,,
SIDA,atrofia_muscular,manchas_na_garganta,febre_alta,contactos_extraconjugais,,,,,,,,,,,,,
Diabetes,fadiga,perda_de_peso,agitação,letargia,nível_de_açúcar_irregular,visão_turva_e_distorcida,obesidade,fome_excessiva,apetite_aumentado,poliúria,,,,,,,
Gastroenterite,vómitos,olhos_encovados,desidratação,diarreia,,,,,,,,,,,,,
Asma Brônquica,fadiga,tosse,febre_alta,falta_de_ar,historial_familiar,expetoração_mucoide,,,,,,,,,,,
Hipertensão,dor_de_cabeça,dor_no_peito,tonturas,perda_de_equilíbrio,falta_de_concentração,,,,,,,,,,,,
Enxaqueca,acidez,indigestão,dor_de_cabeça,visão_turva_e_distorcida,fome_excessiva,rigidez_cervical,depressão,irritabilidade,perturbações_visuais,,,,,,,,
Espondilose Cervical,dor_nas_costas,fraqueza_nos_membros,dor_no_pescoço,tonturas,perda_de_equilíbrio,,,,,,,,,,,,
Paralisia (Hemorragia Cerebral),vómitos,dor_de_cabeça,fraqueza_num_lado_do_corpo,alteração_do_sensório,,,,,,,,,,,,,
Icterícia,comichão,vómitos,fadiga,perda_de_peso,febre_alta,pele_amarelada,urina_escura,dor_abdominal,,,,,,,,,
Malária,arrepios,vómitos,febre_alta,sudorese,dor_de_cabeça,náuseas,diarreia,dor_muscular,,,,,,,,,
Varicela,comichão,erupção_cutânea,fadiga,letargia,febre_alta,dor_de_cabeça,perda_de_apetite,febre_ligeira,gânglios_linfáticos_inchados,mal_estar,manchas_vermelhas_pelo_corpo,,,,,,
Dengue,erupção_cutânea,arrepios,dor_nas_articulações,vómitos,fadiga,febre_alta,dor_de_cabeça,náuseas,perda_de_apetite,dor_atrás_dos_olhos,dor_nas_costas,mal_estar,dor_muscular,manchas_vermelhas_pelo_corpo,,,
Febre Tifóide,arrepios,vómitos,fadiga,febre_alta,dor_de_cabeça,náuseas,obstipação,dor_abdominal,diarreia,aspeto_tóxico_(tifo),dor_na_barriga,,,,,,
Hepatite A,dor_nas_articulações,vómitos,pele_amarelada,urina_escura,náuseas,perda_de_apetite,dor_abdominal,diarreia,febre_ligeira,amarelecimento_dos_olhos,dor_muscular,,,,,,
Hepatite B,comichão,fadiga,letargia,pele_amarelada,urina_escura,perda_de_apetite,dor_abdominal,urina_amarela,amarelecimento_dos_olhos,mal_estar,receção_de_transfusão_de_sangue,receção_de_injeções_não_esterilizadas,,,,,
Hepatite C,fadiga,pele_amarelada,náuseas,perda_de_apetite,amarelecimento_dos_olhos,historial_familiar,,,,,,,,,,,
Hepatite D,dor_nas_articulações,vómitos,fadiga,pele_amarelada,urina_escura,náuseas,perda_de_apetite,dor_abdominal,amarelecimento_dos_olhos,,,,,,,,
Hepatite E,dor_nas_articulações,vómitos,fadiga,febre_alta,pele_amarelada,urina_escura,náuseas,perda_de_apetite,dor_abdominal,amarelecimento_dos_olhos,insuficiência_hepática_aguda,coma,hemorragia_gástrica,,,,
Hepatite Alcoólica,vómitos,pele_amarelada,dor_abdominal,inchaço_do_estômago,distensão_abdominal,historial_de_consumo_de_álcool,sobrecarga_de_fluidos,,,,,,,,,,
Tuberculose,arrepios,vómitos,fadiga,perda_de_peso,tosse,febre_alta,falta_de_ar,sudorese,perda_de_apetite,febre_ligeira,amarelecimento_dos_olhos,gânglios_linfáticos_inchados,mal_estar,fleuma,dor_no_peito,sangue_na_expetoração,
Constipação Comum,espirros_contínuos,arrepios,fadiga,tosse,febre_alta,dor_de_cabeça,gânglios_linfáticos_inchados,mal_estar,fleuma,irritação_da_garganta,vermelhidão_dos_olhos,pressão_sinusal,nariz_a_pingar,congestão,dor_no_peito,perda_de_olfato,dor_muscular
Pneumonia,arrepios,fadiga,tosse,febre_alta,falta_de_ar,sudorese,mal_estar,fleuma,dor_no_peito,frequência_cardíaca_elevada,expetoração_ferruginosa,,,,,,
Hemorroidas Dimórficas,obstipação,dor_durante_a_defecação,dor_na_região_anal,fezes_com_sangue,irritação_no_ânus,,,,,,,,,,,,
Ataque Cardíaco,vómitos,falta_de_ar,sudorese,dor_no_peito,,,,,,,,,,,,,
Varizes,fadiga,cãibras,equimoses,obesidade,pernas_inchadas,vasos_sanguíneos_dilatados,veias_proeminentes_na_barriga_da_perna,,,,,,,,,,
Hipotiroidismo,fadiga,aumento_de_peso,mãos_e_pés_frios,alterações_de_humor,letargia,tonturas,rosto_e_olhos_inchados,tiróide_aumentada,unhas_frágeis,extremidades_inchadas,depressão,irritabilidade,menstruação_anormal,,,,
Hipertiroidismo,fadiga,alterações_de_humor,perda_de_peso,agitação,sudorese,diarreia,frequência_cardíaca_elevada,fome_excessiva,fraqueza_muscular,irritabilidade,menstruação_anormal,,,,,,
Hipoglicemia,vómitos,fadiga,ansiedade,sudorese,dor_de_cabeça,náuseas,visão_turva_e_distorcida,fome_excessiva,lábios_secos_e_com_formigueiro,discurso_arrastado,irritabilidade,palpitações,,,,,
Osteoartrite,dor_nas_articulações,dor_no_pescoço,dor_no_joelho,dor_na_articulação_da_anca,inchaço_das_articulações,dor_ao_caminhar,,,,,,,,,,,
Artrite,fraqueza_muscular,rigidez_cervical,inchaço_das_articulações,rigidez_de_movimentos,dor_ao_caminhar,,,,,,,,,,,,
Vertigem Posicional Paroxística Benigna,vómitos,dor_de_cabeça,náuseas,movimentos_de_rotação,perda_de_equilíbrio,instabilidade,,,,,,,,,,,
Acne,erupção_cutânea,borbulhas_com_pus,pontos_negros,descamação,,,,,,,,,,,,,
Infeção do Trato Urinário,micção_ardente,desconforto_na_bexiga,odor_fétido_na_urina,sensação_contínua_de_urinar,,,,,,,,,,,,,
Psoríase,erupção_cutânea,dor_nas_articulações,descamação_da_pele,aspeto_prateado_na_pele,pequenas_depressões_nas_unhas,unhas_inflamadas,,,,,,,,,,,
Impétigo,erupção_cutânea,febre_alta,bolha,ferida_vermelha_à_volta_do_nariz,crostas_amarelas_com_exsudado,,,,,,,,,,,,
Infeção Fúngica,comichão,erupção_cutânea,erupções_cutâneas_nodulares,manchas_discrómicas,,,,,,,,,,,,,
Alergia,espirros_contínuos,tremores,arrepios,lacrimejo,,,,,,,,,,,,,
DRGE,dor_de_estômago,acidez,úlceras_na_língua,vómitos,tosse,dor_no_peito,,,,,,,,,,,
Colestase Crónica,comichão,vómitos,pele_amarelada,náuseas,perda_de_apetite,dor_abdominal,amarelecimento_dos_olhos,,,,,,,,,,
Reação a Medicamentos,comichão,erupção_cutânea,dor_de_estômago,micção_ardente,perdas_urinárias,,,,,,,,,,,,
Úlcera Péptica,vómitos,indigestão,perda_de_apetite,dor_abdominal,passagem_de_gases,comichão_interna,,,,,,,,,,,
SIDA,atrofia_muscular,manchas_na_garganta,febre_alta,contactos_extraconjugais,,,,,,,,,,,,,
Diabetes,fadiga,perda_de_peso,agitação,letargia,nível_de_açúcar_irregular,visão_turva_e_distorcida,obesidade,fome_excessiva,apetite_aumentado,poliúria,,,,,,,
Gastroenterite,vómitos,olhos_encovados,desidratação,diarreia,,,,,,,,,,,,,
Asma Brônquica,fadiga,tosse,febre_alta,falta_de_ar,historial_familiar,expetoração_mucoide,,,,,,,,,,,
Hipertensão,dor_de_cabeça,dor_no_peito,tonturas,perda_de_equilíbrio,falta_de_concentração,,,,,,,,,,,,
Enxaqueca,acidez,indigestão,dor_de_cabeça,visão_turva_e_distorcida,fome_excessiva,rigidez_cervical,depressão,irritabilidade,perturbações_visuais,,,,,,,,
Espondilose Cervical,dor_nas_costas,fraqueza_nos_membros,dor_no_pescoço,tonturas,perda_de_equilíbrio,,,,,,,,,,,,
Paralisia (Hemorragia Cerebral),vómitos,dor_de_cabeça,fraqueza_num_lado_do_corpo,alteração_do_sensório,,,,,,,,,,,,,
Icterícia,comichão,vómitos,fadiga,perda_de_peso,febre_alta,pele_amarelada,urina_escura,dor_abdominal,,,,,,,,,
Malária,arrepios,vómitos,febre_alta,sudorese,dor_de_cabeça,náuseas,diarreia,dor_muscular,,,,,,,,,
Varicela,comichão,erupção_cutânea,fadiga,letargia,febre_alta,dor_de_cabeça,perda_de_apetite,febre_ligeira,gânglios_linfáticos_inchados,mal_estar,manchas_vermelhas_pelo_corpo,,,,,,
Dengue,erupção_cutânea,arrepios,dor_nas_articulações,vómitos,fadiga,febre_alta,dor_de_cabeça,náuseas,perda_de_apetite,dor_atrás_dos_olhos,dor_nas_costas,mal_estar,dor_muscular,manchas_vermelhas_pelo_corpo,,,
Febre Tifóide,arrepios,vómitos,fadiga,febre_alta,dor_de_cabeça,náuseas,obstipação,dor_abdominal,diarreia,aspeto_tóxico_(tifo),dor_na_barriga,,,,,,
Hepatite A,dor_nas_articulações,vómitos,pele_amarelada,urina_escura,náuseas,perda_de_apetite,dor_abdominal,diarreia,febre_ligeira,amarelecimento_dos_olhos,dor_muscular,,,,,,
Hepatite B,comichão,fadiga,letargia,pele_amarelada,urina_escura,perda_de_apetite,dor_abdominal,urina_amarela,amarelecimento_dos_olhos,mal_estar,receção_de_transfusão_de_sangue,receção_de_injeções_não_esterilizadas,,,,,
Hepatite C,fadiga,pele_amarelada,náuseas,perda_de_apetite,amarelecimento_dos_olhos,historial_familiar,,,,,,,,,,,
Hepatite D,dor_nas_articulações,vómitos,fadiga,pele_amarelada,urina_escura,náuseas,perda_de_apetite,dor_abdominal,amarelecimento_dos_olhos,,,,,,,,
Hepatite E,dor_nas_articulações,vómitos,fadiga,febre_alta,pele_amarelada,urina_escura,náuseas,perda_de_apetite,dor_abdominal,amarelecimento_dos_olhos,insuficiência_hepática_aguda,coma,hemorragia_gástrica,,,,
Hepatite Alcoólica,vómitos,pele_amarelada,dor_abdominal,inchaço_do_estômago,distensão_abdominal,historial_de_consumo_de_álcool,sobrecarga_de_fluidos,,,,,,,,,,
Tuberculose,arrepios,vómitos,fadiga,perda_de_peso,tosse,febre_alta,falta_de_ar,sudorese,perda_de_apetite,febre_ligeira,amarelecimento_dos_olhos,gânglios_linfáticos_inchados,mal_estar,fleuma,dor_no_peito,sangue_na_expetoração,
Constipação Comum,espirros_contínuos,arrepios,fadiga,tosse,febre_alta,dor_de_cabeça,gânglios_linfáticos_inchados,mal_estar,fleuma,irritação_da_garganta,vermelhidão_dos_olhos,pressão_sinusal,nariz_a_pingar,congestão,dor_no_peito,perda_de_olfato,dor_muscular
Pneumonia,arrepios,fadiga,tosse,febre_alta,falta_de_ar,sudorese,mal_estar,fleuma,dor_no_peito,frequência_cardíaca_elevada,expetoração_ferruginosa,,,,,,
Hemorroidas Dimórficas,obstipação,dor_durante_a_defecação,dor_na_região_anal,fezes_com_sangue,irritação_no_ânus,,,,,,,,,,,,
Ataque Cardíaco,vómitos,falta_de_ar,sudorese,dor_no_peito,,,,,,,,,,,,,
Varizes,fadiga,cãibras,equimoses,obesidade,pernas_inchadas,vasos_sanguíneos_dilatados,veias_proeminentes_na_barriga_da_perna,,,,,,,,,,
Hipotiroidismo,fadiga,aumento_de_peso,mãos_e_pés_frios,alterações_de_humor,letargia,tonturas,rosto_e_olhos_inchados,tiróide_aumentada,unhas_frágeis,extremidades_inchadas,depressão,irritabilidade,menstruação_anormal,,,,
Hipertiroidismo,fadiga,alterações_de_humor,perda_de_peso,agitação,sudorese,diarreia,frequência_cardíaca_elevada,fome_excessiva,fraqueza_muscular,irritabilidade,menstruação_anormal,,,,,,
Hipoglicemia,vómitos,fadiga,ansiedade,sudorese,dor_de_cabeça,náuseas,visão_turva_e_distorcida,fome_excessiva,lábios_secos_e_com_formigueiro,discurso_arrastado,irritabilidade,palpitações,,,,,
Osteoartrite,dor_nas_articulações,dor_no_pescoço,dor_no_joelho,dor_na_articulação_da_anca,inchaço_das_articulações,dor_ao_caminhar,,,,,,,,,,,
Artrite,fraqueza_muscular,rigidez_cervical,inchaço_das_articulações,rigidez_de_movimentos,dor_ao_caminhar,,,,,,,,,,,,
Vertigem Posicional Paroxística Benigna,vómitos,dor_de_cabeça,náuseas,movimentos_de_rotação,perda_de_equilíbrio,instabilidade,,,,,,,,,,,
Acne,erupção_cutânea,borbulhas_com_pus,pontos_negros,descamação,,,,,,,,,,,,,
Infeção do Trato Urinário,micção_ardente,desconforto_na_bexiga,odor_fétido_na_urina,sensação_contínua_de_urinar,,,,,,,,,,,,,
Psoríase,erupção_cutânea,dor_nas_articulações,descamação_da_pele,aspeto_prateado_na_pele,pequenas_depressões_nas_unhas,unhas_inflamadas,,,,,,,,,,,
Impétigo,erupção_cutânea,febre_alta,bolha,ferida_vermelha_à_volta_do_nariz,crostas_amarelas_com_exsudado,,,,,,,,,,,,
Infeção Fúngica,comichão,erupção_cutânea,erupções_cutâneas_nodulares,manchas_discrómicas,,,,,,,,,,,,,
Alergia,espirros_contínuos,tremores,arrepios,lacrimejo,,,,,,,,,,,,,
DRGE,dor_de_estômago,acidez,úlceras_na_língua,vómitos,tosse,dor_no_peito,,,,,,,,,,,
Colestase Crónica,comichão,vómitos,pele_amarelada,náuseas,perda_de_apetite,dor_abdominal,amarelecimento_dos_olhos,,,,,,,,,,
Reação a Medicamentos,comichão,erupção_cutânea,dor_de_estômago,micção_ardente,perdas_urinárias,,,,,,,,,,,,
Úlcera Péptica,vómitos,indigestão,perda_de_apetite,dor_abdominal,passagem_de_gases,comichão_interna,,,,,,,,,,,
SIDA,atrofia_muscular,manchas_na_garganta,febre_alta,contactos_extraconjugais,,,,,,,,,,,,,
Diabetes,fadiga,perda_de_peso,agitação,letargia,nível_de_açúcar_irregular,visão_turva_e_distorcida,obesidade,fome_excessiva,apetite_aumentado,poliúria,,,,,,,
Gastroenterite,vómitos,olhos_encovados,desidratação,diarreia,,,,,,,,,,,,,
Asma Brônquica,fadiga,tosse,febre_alta,falta_de_ar,historial_familiar,expetoração_mucoide,,,,,,,,,,,
Hipertensão,dor_de_cabeça,dor_no_peito,tonturas,perda_de_equilíbrio,falta_de_concentração,,,,,,,,,,,,
Enxaqueca,acidez,indigestão,dor_de_cabeça,visão_turva_e_distorcida,fome_excessiva,rigidez_cervical,depressão,irritabilidade,perturbações_visuais,,,,,,,,
Espondilose Cervical,dor_nas_costas,fraqueza_nos_membros,dor_no_pescoço,tonturas,perda_de_equilíbrio,,,,,,,,,,,,
Paralisia (Hemorragia Cerebral),vómitos,dor_de_cabeça,fraqueza_num_lado_do_corpo,alteração_do_sensório,,,,,,,,,,,,,
Icterícia,comichão,vómitos,fadiga,perda_de_peso,febre_alta,pele_amarelada,urina_escura,dor_abdominal,,,,,,,,,
Malária,arrepios,vómitos,febre_alta,sudorese,dor_de_cabeça,náuseas,diarreia,dor_muscular,,,,,,,,,
Varicela,comichão,erupção_cutânea,fadiga,letargia,febre_alta,dor_de_cabeça,perda_de_apetite,febre_ligeira,gânglios_linfáticos_inchados,mal_estar,manchas_vermelhas_pelo_corpo,,,,,,
Dengue,erupção_cutânea,arrepios,dor_nas_articulações,vómitos,fadiga,febre_alta,dor_de_cabeça,náuseas,perda_de_apetite,dor_atrás_dos_olhos,dor_nas_costas,mal_estar,dor_muscular,manchas_vermelhas_pelo_corpo,,,
Febre Tifóide,arrepios,vómitos,fadiga,febre_alta,dor_de_cabeça,náuseas,obstipação,dor_abdominal,diarreia,aspeto_tóxico_(tifo),dor_na_barriga,,,,,,
Hepatite A,dor_nas_articulações,vómitos,pele_amarelada,urina_escura,náuseas,perda_de_apetite,dor_abdominal,diarreia,febre_ligeira,amarelecimento_dos_olhos,dor_muscular,,,,,,
Hepatite B,comichão,fadiga,letargia,pele_amarelada,urina_escura,perda_de_apetite,dor_abdominal,urina_amarela,amarelecimento_dos_olhos,mal_estar,receção_de_transfusão_de_sangue,receção_de_injeções_não_esterilizadas,,,,,
Hepatite C,fadiga,pele_amarelada,náuseas,perda_de_apetite,amarelecimento_dos_olhos,historial_familiar,,,,,,,,,,,
Hepatite D,dor_nas_articulações,vómitos,fadiga,pele_amarelada,urina_escura,náuseas,perda_de_apetite,dor_abdominal,amarelecimento_dos_olhos,,,,,,,,
Hepatite E,dor_nas_articulações,vómitos,fadiga,febre_alta,pele_amarelada,urina_escura,náuseas,perda_de_apetite,dor_abdominal,amarelecimento_dos_olhos,insuficiência_hepática_aguda,coma,hemorragia_gástrica,,,,
Hepatite Alcoólica,vómitos,pele_amarelada,dor_abdominal,inchaço_do_estômago,distensão_abdominal,historial_de_consumo_de_álcool,sobrecarga_de_fluidos,,,,,,,,,,
Tuberculose,arrepios,vómitos,fadiga,perda_de_peso,tosse,febre_alta,falta_de_ar,sudorese,perda_de_apetite,febre_ligeira,amarelecimento_dos_olhos,gânglios_linfáticos_inchados,mal_estar,fleuma,dor_no_peito,sangue_na_expetoração,
Constipação Comum,espirros_contínuos,arrepios,fadiga,tosse,febre_alta,dor_de_cabeça,gânglios_linfáticos_inchados,mal_estar,fleuma,irritação_da_garganta,vermelhidão_dos_olhos,pressão_sinusal,nariz_a_pingar,congestão,dor_no_peito,perda_de_olfato,dor_muscular
Pneumonia,arrepios,fadiga,tosse,febre_alta,falta_de_ar,sudorese,mal_estar,fleuma,dor_no_peito,frequência_cardíaca_elevada,expetoração_ferruginosa,,,,,,
Hemorroidas Dimórficas,obstipação,dor_durante_a_defecação,dor_na_região_anal,fezes_com_sangue,irritação_no_ânus,,,,,,,,,,,,
Ataque Cardíaco,vómitos,falta_de_ar,sudorese,dor_no_peito,,,,,,,,,,,,,
Varizes,fadiga,cãibras,equimoses,obesidade,pernas_inchadas,vasos_sanguíneos_dilatados,veias_proeminentes_na_barriga_da_perna,,,,,,,,,,
Hipotiroidismo,fadiga,aumento_de_peso,mãos_e_pés_frios,alterações_de_humor,letargia,tonturas,rosto_e_olhos_inchados,tiróide_aumentada,unhas_frágeis,extremidades_inchadas,depressão,irritabilidade,menstruação_anormal,,,,
Hipertiroidismo,fadiga,alterações_de_humor,perda_de_peso,agitação,sudorese,diarreia,frequência_cardíaca_elevada,fome_excessiva,fraqueza_muscular,irritabilidade,menstruação_anormal,,,,,,
Hipoglicemia,vómitos,fadiga,ansiedade,sudorese,dor_de_cabeça,náuseas,visão_turva_e_distorcida,fome_excessiva,lábios_secos_e_com_formigueiro,discurso_arrastado,irritabilidade,palpitações,,,,,
Osteoartrite,dor_nas_articulações,dor_no_pescoço,dor_no_joelho,dor_na_articulação_da_anca,inchaço_das_articulações,dor_ao_caminhar,,,,,,,,,,,
Artrite,fraqueza_muscular,rigidez_cervical,inchaço_das_articulações,rigidez_de_movimentos,dor_ao_caminhar,,,,,,,,,,,,
Vertigem Posicional Paroxística Benigna,vómitos,dor_de_cabeça,náuseas,movimentos_de_rotação,perda_de_equilíbrio,instabilidade,,,,,,,,,,,
Acne,erupção_cutânea,borbulhas_com_pus,pontos_negros,descamação,,,,,,,,,,,,,
Infeção do Trato Urinário,micção_ardente,desconforto_na_bexiga,odor_fétido_na_urina,sensação_contínua_de_urinar,,,,,,,,,,,,,
Psoríase,erupção_cutânea,dor_nas_articulações,descamação_da_pele,aspeto_prateado_na_pele,pequenas_depressões_nas_unhas,unhas_inflamadas,,,,,,,,,,,
Impétigo,erupção_cutânea,febre_alta,bolha,ferida_vermelha_à_volta_do_nariz,crostas_amarelas_com_exsudado,,,,,,,,,,,,
Infeção Fúngica,comichão,erupção_cutânea,erupções_cutâneas_nodulares,manchas_discrómicas,,,,,,,,,,,,,
Alergia,espirros_contínuos,tremores,arrepios,lacrimejo,,,,,,,,,,,,,
DRGE,dor_de_estômago,acidez,úlceras_na_língua,vómitos,tosse,dor_no_peito,,,,,,,,,,,
Colestase Crónica,comichão,vómitos,pele_amarelada,náuseas,perda_de_apetite,dor_abdominal,amarelecimento_dos_olhos,,,,,,,,,,
Reação a Medicamentos,comichão,erupção_cutânea,dor_de_estômago,micção_ardente,perdas_urinárias,,,,,,,,,,,,
Úlcera Péptica,vómitos,indigestão,perda_de_apetite,dor_abdominal,passagem_de_gases,comichão_interna,,,,,,,,,,,
SIDA,atrofia_muscular,manchas_na_garganta,febre_alta,contactos_extraconjugais,,,,,,,,,,,,,
Diabetes,fadiga,perda_de_peso,agitação,letargia,nível_de_açúcar_irregular,visão_turva_e_distorcida,obesidade,fome_excessiva,apetite_aumentado,poliúria,,,,,,,
Gastroenterite,vómitos,olhos_encovados,desidratação,diarreia,,,,,,,,,,,,,
Asma Brônquica,fadiga,tosse,febre_alta,falta_de_ar,historial_familiar,expetoração_mucoide,,,,,,,,,,,
Hipertensão,dor_de_cabeça,dor_no_peito,tonturas,perda_de_equilíbrio,falta_de_concentração,,,,,,,,,,,,
Enxaqueca,acidez,indigestão,dor_de_cabeça,visão_turva_e_distorcida,fome_excessiva,rigidez_cervical,depressão,irritabilidade,perturbações_visuais,,,,,,,,
Espondilose Cervical,dor_nas_costas,fraqueza_nos_membros,dor_no_pescoço,tonturas,perda_de_equilíbrio,,,,,,,,,,,,
Paralisia (Hemorragia Cerebral),vómitos,dor_de_cabeça,fraqueza_num_lado_do_corpo,alteração_do_sensório,,,,,,,,,,,,,
Icterícia,comichão,vómitos,fadiga,perda_de_peso,febre_alta,pele_amarelada,urina_escura,dor_abdominal,,,,,,,,,
Malária,arrepios,vómitos,febre_alta,sudorese,dor_de_cabeça,náuseas,diarreia,dor_muscular,,,,,,,,,
Varicela,comichão,erupção_cutânea,fadiga,letargia,febre_alta,dor_de_cabeça,perda_de_apetite,febre_ligeira,gânglios_linfáticos_inchados,mal_estar,manchas_vermelhas_pelo_corpo,,,,,,
Dengue,erupção_cutânea,arrepios,dor_nas_articulações,vómitos,fadiga,febre_alta,dor_de_cabeça,náuseas,perda_de_apetite,dor_atrás_dos_olhos,dor_nas_costas,mal_estar,dor_muscular,manchas_vermelhas_pelo_corpo,,,
Febre Tifóide,arrepios,vómitos,fadiga,febre_alta,dor_de_cabeça,náuseas,obstipação,dor_abdominal,diarreia,aspeto_tóxico_(tifo),dor_na_barriga,,,,,,
Hepatite A,dor_nas_articulações,vómitos,pele_amarelada,urina_escura,náuseas,perda_de_apetite,dor_abdominal,diarreia,febre_ligeira,amarelecimento_dos_olhos,dor_muscular,,,,,,
Hepatite B,comichão,fadiga,letargia,pele_amarelada,urina_escura,perda_de_apetite,dor_abdominal,urina_amarela,amarelecimento_dos_olhos,mal_estar,receção_de_transfusão_de_sangue,receção_de_injeções_não_esterilizadas,,,,,
Hepatite C,fadiga,pele_amarelada,náuseas,perda_de_apetite,amarelecimento_dos_olhos,historial_familiar,,,,,,,,,,,
Hepatite D,dor_nas_articulações,vómitos,fadiga,pele_amarelada,urina_escura,náuseas,perda_de_apetite,dor_abdominal,amarelecimento_dos_olhos,,,,,,,,
Hepatite E,dor_nas_articulações,vómitos,fadiga,febre_alta,pele_amarelada,urina_escura,náuseas,perda_de_apetite,dor_abdominal,amarelecimento_dos_olhos,insuficiência_hepática_aguda,coma,hemorragia_gástrica,,,,
Hepatite Alcoólica,vómitos,pele_amarelada,dor_abdominal,inchaço_do_estômago,distensão_abdominal,historial_de_consumo_de_álcool,sobrecarga_de_fluidos,,,,,,,,,,
Tuberculose,arrepios,vómitos,fadiga,perda_de_peso,tosse,febre_alta,falta_de_ar,sudorese,perda_de_apetite,febre_ligeira,amarelecimento_dos_olhos,gânglios_linfáticos_inchados,mal_estar,fleuma,dor_no_peito,sangue_na_expetoração,
Constipação Comum,espirros_contínuos,arrepios,fadiga,tosse,febre_alta,dor_de_cabeça,gânglios_linfáticos_inchados,mal_estar,fleuma,irritação_da_garganta,vermelhidão_dos_olhos,pressão_sinusal,nariz_a_pingar,congestão,dor_no_peito,perda_de_olfato,dor_muscular
Pneumonia,arrepios,fadiga,tosse,febre_alta,falta_de_ar,sudorese,mal_estar,fleuma,dor_no_peito,frequência_cardíaca_elevada,expetoração_ferruginosa,,,,,,
Hemorroidas Dimórficas,obstipação,dor_durante_a_defecação,dor_na_região_anal,fezes_com_sangue,irritação_no_ânus,,,,,,,,,,,,
Ataque Cardíaco,vómitos,falta_de_ar,sudorese,dor_no_peito,,,,,,,,,,,,,
Varizes,fadiga,cãibras,equimoses,obesidade,pernas_inchadas,vasos_sanguíneos_dilatados,veias_proeminentes_na_barriga_da_perna,,,,,,,,,,
Hipotiroidismo,fadiga,aumento_de_peso,mãos_e_pés_frios,alterações_de_humor,letargia,tonturas,rosto_e_olhos_inchados,tiróide_aumentada,unhas_frágeis,extremidades_inchadas,depressão,irritabilidade,menstruação_anormal,,,,
Hipertiroidismo,fadiga,alterações_de_humor,perda_de_peso,agitação,sudorese,diarreia,frequência_cardíaca_elevada,fome_excessiva,fraqueza_muscular,irritabilidade,menstruação_anormal,,,,,,
Hipoglicemia,vómitos,fadiga,ansiedade,sudorese,dor_de_cabeça,náuseas,visão_turva_e_distorcida,fome_excessiva,lábios_secos_e_com_formigueiro,discurso_arrastado,irritabilidade,palpitações,,,,,
Osteoartrite,dor_nas_articulações,dor_no_pescoço,dor_no_joelho,dor_na_articulação_da_anca,inchaço_das_articulações,dor_ao_caminhar,,,,,,,,,,,
Artrite,fraqueza_muscular,rigidez_cervical,inchaço_das_articulações,rigidez_de_movimentos,dor_ao_caminhar,,,,,,,,,,,,
Vertigem Posicional Paroxística Benigna,vómitos,dor_de_cabeça,náuseas,movimentos_de_rotação,perda_de_equilíbrio,instabilidade,,,,,,,,,,,
Acne,erupção_cutânea,borbulhas_com_pus,pontos_negros,descamação,,,,,,,,,,,,,
Infeção do Trato Urinário,micção_ardente,desconforto_na_bexiga,odor_fétido_na_urina,sensação_contínua_de_urinar,,,,,,,,,,,,,
Psoríase,erupção_cutânea,dor_nas_articulações,descamação_da_pele,aspeto_prateado_na_pele,pequenas_depressões_nas_unhas,unhas_inflamadas,,,,,,,,,,,
Impétigo,erupção_cutânea,febre_alta,bolha,ferida_vermelha_à_volta_do_nariz,crostas_amarelas_com_exsudado,,,,,,,,,,,,
Infeção Fúngica,comichão,erupção_cutânea,erupções_cutâneas_nodulares,manchas_discrómicas,,,,,,,,,,,,,
Alergia,espirros_contínuos,tremores,arrepios,lacrimejo,,,,,,,,,,,,,
DRGE,dor_de_estômago,acidez,úlceras_na_língua,vómitos,tosse,dor_no_peito,,,,,,,,,,,
Colestase Crónica,comichão,vómitos,pele_amarelada,náuseas,perda_de_apetite,dor_abdominal,amarelecimento_dos_olhos,,,,,,,,,,
Reação a Medicamentos,comichão,erupção_cutânea,dor_de_estômago,micção_ardente,perdas_urinárias,,,,,,,,,,,,
Úlcera Péptica,vómitos,indigestão,perda_de_apetite,dor_abdominal,passagem_de_gases,comichão_interna,,,,,,,,,,,
SIDA,atrofia_muscular,manchas_na_garganta,febre_alta,contactos_extraconjugais,,,,,,,,,,,,,
Diabetes,fadiga,perda_de_peso,agitação,letargia,nível_de_açúcar_irregular,visão_turva_e_distorcida,obesidade,fome_excessiva,apetite_aumentado,poliúria,,,,,,,
Gastroenterite,vómitos,olhos_encovados,desidratação,diarreia,,,,,,,,,,,,,
Asma Brônquica,fadiga,tosse,febre_alta,falta_de_ar,historial_familiar,expetoração_mucoide,,,,,,,,,,,
Hipertensão,dor_de_cabeça,dor_no_peito,tonturas,perda_de_equilíbrio,falta_de_concentração,,,,,,,,,,,,
Enxaqueca,acidez,indigestão,dor_de_cabeça,visão_turva_e_distorcida,fome_excessiva,rigidez_cervical,depressão,irritabilidade,perturbações_visuais,,,,,,,,
Espondilose Cervical,dor_nas_costas,fraqueza_nos_membros,dor_no_pescoço,tonturas,perda_de_equilíbrio,,,,,,,,,,,,
Paralisia (Hemorragia Cerebral),vómitos,dor_de_cabeça,fraqueza_num_lado_do_corpo,alteração_do_sensório,,,,,,,,,,,,,
Icterícia,comichão,vómitos,fadiga,perda_de_peso,febre_alta,pele_amarelada,urina_escura,dor_abdominal,,,,,,,,,
Malária,arrepios,vómitos,febre_alta,sudorese,dor_de_cabeça,náuseas,diarreia,dor_muscular,,,,,,,,,
Varicela,comichão,erupção_cutânea,fadiga,letargia,febre_alta,dor_de_cabeça,perda_de_apetite,febre_ligeira,gânglios_linfáticos_inchados,mal_estar,manchas_vermelhas_pelo_corpo,,,,,,
Dengue,erupção_cutânea,arrepios,dor_nas_articulações,vómitos,fadiga,febre_alta,dor_de_cabeça,náuseas,perda_de_apetite,dor_atrás_dos_olhos,dor_nas_costas,mal_estar,dor_muscular,manchas_vermelhas_pelo_corpo,,,
Febre Tifóide,arrepios,vómitos,fadiga,febre_alta,dor_de_cabeça,náuseas,obstipação,dor_abdominal,diarreia,aspeto_tóxico_(tifo),dor_na_barriga,,,,,,
Hepatite A,dor_nas_articulações,vómitos,pele_amarelada,urina_escura,náuseas,perda_de_apetite,dor_abdominal,diarreia,febre_ligeira,amarelecimento_dos_olhos,dor_muscular,,,,,,
Hepatite B,comichão,fadiga,letargia,pele_amarelada,urina_escura,perda_de_apetite,dor_abdominal,urina_amarela,amarelecimento_dos_olhos,mal_estar,receção_de_transfusão_de_sangue,receção_de_injeções_não_esterilizadas,,,,,
Hepatite C,fadiga,pele_amarelada,náuseas,perda_de_apetite,amarelecimento_dos_olhos,historial_familiar,,,,,,,,,,,
Hepatite D,dor_nas_articulações,vómitos,fadiga,pele_amarelada,urina_escura,náuseas,perda_de_apetite,dor_abdominal,amarelecimento_dos_olhos,,,,,,,,
Hepatite E,dor_nas_articulações,vómitos,fadiga,febre_alta,pele_amarelada,urina_escura,náuseas,perda_de_apetite,dor_abdominal,amarelecimento_dos_olhos,insuficiência_hepática_aguda,coma,hemorragia_gástrica,,,,
Hepatite Alcoólica,vómitos,pele_amarelada,dor_abdominal,inchaço_do_estômago,distensão_abdominal,historial_de_consumo_de_álcool,sobrecarga_de_fluidos,,,,,,,,,,
Tuberculose,arrepios,vómitos,fadiga,perda_de_peso,tosse,febre_alta,falta_de_ar,sudorese,perda_de_apetite,febre_ligeira,amarelecimento_dos_olhos,gânglios_linfáticos_inchados,mal_estar,fleuma,dor_no_peito,sangue_na_expetoração,
Constipação Comum,espirros_contínuos,arrepios,fadiga,tosse,febre_alta,dor_de_cabeça,gânglios_linfáticos_inchados,mal_estar,fleuma,irritação_da_garganta,vermelhidão_dos_olhos,pressão_sinusal,nariz_a_pingar,congestão,dor_no_peito,perda_de_olfato,dor_muscular
Pneumonia,arrepios,fadiga,tosse,febre_alta,falta_de_ar,sudorese,mal_estar,fleuma,dor_no_peito,frequência_cardíaca_elevada,expetoração_ferruginosa,,,,,,
Hemorroidas Dimórficas,obstipação,dor_durante_a_defecação,dor_na_região_anal,fezes_com_sangue,irritação_no_ânus,,,,,,,,,,,,
Ataque Cardíaco,vómitos,falta_de_ar,sudorese,dor_no_peito,,,,,,,,,,,,,
Varizes,fadiga,cãibras,equimoses,obesidade,pernas_inchadas,vasos_sanguíneos_dilatados,veias_proeminentes_na_barriga_da_perna,,,,,,,,,,
Hipotiroidismo,fadiga,aumento_de_peso,mãos_e_pés_frios,alterações_de_humor,letargia,tonturas,rosto_e_olhos_inchados,tiróide_aumentada,unhas_frágeis,extremidades_inchadas,depressão,irritabilidade,menstruação_anormal,,,,
Hipertiroidismo,fadiga,alterações_de_humor,perda_de_peso,agitação,sudorese,diarreia,frequência_cardíaca_elevada,fome_excessiva,fraqueza_muscular,irritabilidade,menstruação_anormal,,,,,,
Hipoglicemia,vómitos,fadiga,ansiedade,sudorese,dor_de_cabeça,náuseas,visão_turva_e_distorcida,fome_excessiva,lábios_secos_e_com_formigueiro,discurso_arrastado,irritabilidade,palpitações,,,,,
Osteoartrite,dor_nas_articulações,dor_no_pescoço,dor_no_joelho,dor_na_articulação_da_anca,inchaço_das_articulações,dor_ao_caminhar,,,,,,,,,,,
Artrite,fraqueza_muscular,rigidez_cervical,inchaço_das_articulações,rigidez_de_movimentos,dor_ao_caminhar,,,,,,,,,,,,
Vertigem Posicional Paroxística Benigna,vómitos,dor_de_cabeça,náuseas,movimentos_de_rotação,perda_de_equilíbrio,instabilidade,,,,,,,,,,,
Acne,erupção_cutânea,borbulhas_com_pus,pontos_negros,descamação,,,,,,,,,,,,,
Infeção do Trato Urinário,micção_ardente,desconforto_na_bexiga,odor_fétido_na_urina,sensação_contínua_de_urinar,,,,,,,,,,,,,
Psoríase,erupção_cutânea,dor_nas_articulações,descamação_da_pele,aspeto_prateado_na_pele,pequenas_depressões_nas_unhas,unhas_inflamadas,,,,,,,,,,,
Impétigo,erupção_cutânea,febre_alta,bolha,ferida_vermelha_à_volta_do_nariz,crostas_amarelas_com_exsudado,,,,,,,,,,,,
Infeção Fúngica,comichão,erupção_cutânea,erupções_cutâneas_nodulares,manchas_discrómicas,,,,,,,,,,,,,
Alergia,espirros_contínuos,tremores,arrepios,lacrimejo,,,,,,,,,,,,,
DRGE,dor_de_estômago,acidez,úlceras_na_língua,vómitos,tosse,dor_no_peito,,,,,,,,,,,
Colestase Crónica,comichão,vómitos,pele_amarelada,náuseas,perda_de_apetite,dor_abdominal,amarelecimento_dos_olhos,,,,,,,,,,
Reação a Medicamentos,comichão,erupção_cutânea,dor_de_estômago,micção_ardente,perdas_urinárias,,,,,,,,,,,,
Úlcera Péptica,vómitos,indigestão,perda_de_apetite,dor_abdominal,passagem_de_gases,comichão_interna,,,,,,,,,,,
SIDA,atrofia_muscular,manchas_na_garganta,febre_alta,contactos_extraconjugais,,,,,,,,,,,,,
Diabetes,fadiga,perda_de_peso,agitação,letargia,nível_de_açúcar_irregular,visão_turva_e_distorcida,obesidade,fome_excessiva,apetite_aumentado,poliúria,,,,,,,
Gastroenterite,vómitos,olhos_encovados,desidratação,diarreia,,,,,,,,,,,,,
Asma Brônquica,fadiga,tosse,febre_alta,falta_de_ar,historial_familiar,expetoração_mucoide,,,,,,,,,,,
Hipertensão,dor_de_cabeça,dor_no_peito,tonturas,perda_de_equilíbrio,falta_de_concentração,,,,,,,,,,,,
Enxaqueca,acidez,indigestão,dor_de_cabeça,visão_turva_e_distorcida,fome_excessiva,rigidez_cervical,depressão,irritabilidade,perturbações_visuais,,,,,,,,
Espondilose Cervical,dor_nas_costas,fraqueza_nos_membros,dor_no_pescoço,tonturas,perda_de_equilíbrio,,,,,,,,,,,,
Paralisia (Hemorragia Cerebral),vómitos,dor_de_cabeça,fraqueza_num_lado_do_corpo,alteração_do_sensório,,,,,,,,,,,,,
Icterícia,comichão,vómitos,fadiga,perda_de_peso,febre_alta,pele_amarelada,urina_escura,dor_abdominal,,,,,,,,,
Malária,arrepios,vómitos,febre_alta,sudorese,dor_de_cabeça,náuseas,diarreia,dor_muscular,,,,,,,,,
Varicela,comichão,erupção_cutânea,fadiga,letargia,febre_alta,dor_de_cabeça,perda_de_apetite,febre_ligeira,gânglios_linfáticos_inchados,mal_estar,manchas_vermelhas_pelo_corpo,,,,,,
Dengue,erupção_cutânea,arrepios,dor_nas_articulações,vómitos,fadiga,febre_alta,dor_de_cabeça,náuseas,perda_de_apetite,dor_atrás_dos_olhos,dor_nas_costas,mal_estar,dor_muscular,manchas_vermelhas_pelo_corpo,,,
Febre Tifóide,arrepios,vómitos,fadiga,febre_alta,dor_de_cabeça,náuseas,obstipação,dor_abdominal,diarreia,aspeto_tóxico_(tifo),dor_na_barriga,,,,,,
Hepatite A,dor_nas_articulações,vómitos,pele_amarelada,urina_escura,náuseas,perda_de_apetite,dor_abdominal,diarreia,febre_ligeira,amarelecimento_dos_olhos,dor_muscular,,,,,,
Hepatite B,comichão,fadiga,letargia,pele_amarelada,urina_escura,perda_de_apetite,dor_abdominal,urina_amarela,amarelecimento_dos_olhos,mal_estar,receção_de_transfusão_de_sangue,receção_de_injeções_não_esterilizadas,,,,,
Hepatite C,fadiga,pele_amarelada,náuseas,perda_de_apetite,amarelecimento_dos_olhos,historial_familiar,,,,,,,,,,,
Hepatite D,dor_nas_articulações,vómitos,fadiga,pele_amarelada,urina_escura,náuseas,perda_de_apetite,dor_abdominal,amarelecimento_dos_olhos,,,,,,,,
Hepatite E,dor_nas_articulações,vómitos,fadiga,febre_alta,pele_amarelada,urina_escura,náuseas,perda_de_apetite,dor_abdominal,amarelecimento_dos_olhos,insuficiência_hepática_aguda,coma,hemorragia_gástrica,,,,
Hepatite Alcoólica,vómitos,pele_amarelada,dor_abdominal,inchaço_do_estômago,distensão_abdominal,historial_de_consumo_de_álcool,sobrecarga_de_fluidos,,,,,,,,,,
Tuberculose,arrepios,vómitos,fadiga,perda_de_peso,tosse,febre_alta,falta_de_ar,sudorese,perda_de_apetite,febre_ligeira,amarelecimento_dos_olhos,gânglios_linfáticos_inchados,mal_estar,fleuma,dor_no_peito,sangue_na_expetoração,
Constipação Comum,espirros_contínuos,arrepios,fadiga,tosse,febre_alta,dor_de_cabeça,gânglios_linfáticos_inchados,mal_estar,fleuma,irritação_da_garganta,vermelhidão_dos_olhos,pressão_sinusal,nariz_a_pingar,congestão,dor_no_peito,perda_de_olfato,dor_muscular
Pneumonia,arrepios,fadiga,tosse,febre_alta,falta_de_ar,sudorese,mal_estar,fleuma,dor_no_peito,frequência_cardíaca_elevada,expetoração_ferruginosa,,,,,,
Hemorroidas Dimórficas,obstipação,dor_durante_a_defecação,dor_na_região_anal,fezes_com_sangue,irritação_no_ânus,,,,,,,,,,,,
Ataque Cardíaco,vómitos,falta_de_ar,sudorese,dor_no_peito,,,,,,,,,,,,,
Varizes,fadiga,cãibras,equimoses,obesidade,pernas_inchadas,vasos_sanguíneos_dilatados,veias_proeminentes_na_barriga_da_perna,,,,,,,,,,
Hipotiroidismo,fadiga,aumento_de_peso,mãos_e_pés_frios,alterações_de_humor,letargia,tonturas,rosto_e_olhos_inchados,tiróide_aumentada,unhas_frágeis,extremidades_inchadas,depressão,irritabilidade,menstruação_anormal,,,,
Hipertiroidismo,fadiga,alterações_de_humor,perda_de_peso,agitação,sudorese,diarreia,frequência_cardíaca_elevada,fome_excessiva,fraqueza_muscular,irritabilidade,menstruação_anormal,,,,,,
Hipoglicemia,vómitos,fadiga,ansiedade,sudorese,dor_de_cabeça,náuseas,visão_turva_e_distorcida,fome_excessiva,lábios_secos_e_com_formigueiro,discurso_arrastado,irritabilidade,palpitações,,,,,
Osteoartrite,dor_nas_articulações,dor_no_pescoço,dor_no_joelho,dor_na_articulação_da_anca,inchaço_das_articulações,dor_ao_caminhar,,,,,,,,,,,
Artrite,fraqueza_muscular,rigidez_cervical,inchaço_das_articulações,rigidez_de_movimentos,dor_ao_caminhar,,,,,,,,,,,,
Vertigem Posicional Paroxística Benigna,vómitos,dor_de_cabeça,náuseas,movimentos_de_rotação,perda_de_equilíbrio,instabilidade,,,,,,,,,,,
Acne,erupção_cutânea,borbulhas_com_pus,pontos_negros,descamação,,,,,,,,,,,,,
Infeção do Trato Urinário,micção_ardente,desconforto_na_bexiga,odor_fétido_na_urina,sensação_contínua_de_urinar,,,,,,,,,,,,,
Psoríase,erupção_cutânea,dor_nas_articulações,descamação_da_pele,aspeto_prateado_na_pele,pequenas_depressões_nas_unhas,unhas_inflamadas,,,,,,,,,,,
Impétigo,erupção_cutânea,febre_alta,bolha,ferida_vermelha_à_volta_do_nariz,crostas_amarelas_com_exsudado,,,,,,,,,,,,
Infeção Fúngica,comichão,erupção_cutânea,erupções_cutâneas_nodulares,manchas_discrómicas,,,,,,,,,,,,,
Alergia,espirros_contínuos,tremores,arrepios,lacrimejo,,,,,,,,,,,,,
DRGE,dor_de_estômago,acidez,úlceras_na_língua,vómitos,tosse,dor_no_peito,,,,,,,,,,,
Colestase Crónica,comichão,vómitos,pele_amarelada,náuseas,perda_de_apetite,dor_abdominal,amarelecimento_dos_olhos,,,,,,,,,,
Reação a Medicamentos,comichão,erupção_cutânea,dor_de_estômago,micção_ardente,perdas_urinárias,,,,,,,,,,,,
Úlcera Péptica,vómitos,indigestão,perda_de_apetite,dor_abdominal,passagem_de_gases,comichão_interna,,,,,,,,,,,
SIDA,atrofia_muscular,manchas_na_garganta,febre_alta,contactos_extraconjugais,,,,,,,,,,,,,
Diabetes,fadiga,perda_de_peso,agitação,letargia,nível_de_açúcar_irregular,visão_turva_e_distorcida,obesidade,fome_excessiva,apetite_aumentado,poliúria,,,,,,,
Gastroenterite,vómitos,olhos_encovados,desidratação,diarreia,,,,,,,,,,,,,
Asma Brônquica,fadiga,tosse,febre_alta,falta_de_ar,historial_familiar,expetoração_mucoide,,,,,,,,,,,
Hipertensão,dor_de_cabeça,dor_no_peito,tonturas,perda_de_equilíbrio,falta_de_concentração,,,,,,,,,,,,
Enxaqueca,acidez,indigestão,dor_de_cabeça,visão_turva_e_distorcida,fome_excessiva,rigidez_cervical,depressão,irritabilidade,perturbações_visuais,,,,,,,,
Espondilose Cervical,dor_nas_costas,fraqueza_nos_membros,dor_no_pescoço,tonturas,perda_de_equilíbrio,,,,,,,,,,,,
Paralisia (Hemorragia Cerebral),vómitos,dor_de_cabeça,fraqueza_num_lado_do_corpo,alteração_do_sensório,,,,,,,,,,,,,
Icterícia,comichão,vómitos,fadiga,perda_de_peso,febre_alta,pele_amarelada,urina_escura,dor_abdominal,,,,,,,,,
Malária,arrepios,vómitos,febre_alta,sudorese,dor_de_cabeça,náuseas,diarreia,dor_muscular,,,,,,,,,
Varicela,comichão,erupção_cutânea,fadiga,letargia,febre_alta,dor_de_cabeça,perda_de_apetite,febre_ligeira,gânglios_linfáticos_inchados,mal_estar,manchas_vermelhas_pelo_corpo,,,,,,
Dengue,erupção_cutânea,arrepios,dor_nas_articulações,vómitos,fadiga,febre_alta,dor_de_cabeça,náuseas,perda_de_apetite,dor_atrás_dos_olhos,dor_nas_costas,mal_estar,dor_muscular,manchas_vermelhas_pelo_corpo,,,
Febre Tifóide,arrepios,vómitos,fadiga,febre_alta,dor_de_cabeça,náuseas,obstipação,dor_abdominal,diarreia,aspeto_tóxico_(tifo),dor_na_barriga,,,,,,
Hepatite A,dor_nas_articulações,vómitos,pele_amarelada,urina_escura,náuseas,perda_de_apetite,dor_abdominal,diarreia,febre_ligeira,amarelecimento_dos_olhos,dor_muscular,,,,,,
Hepatite B,comichão,fadiga,letargia,pele_amarelada,urina_escura,perda_de_apetite,dor_abdominal,urina_amarela,amarelecimento_dos_olhos,mal_estar,receção_de_transfusão_de_sangue,receção_de_injeções_não_esterilizadas,,,,,
Hepatite C,fadiga,pele_amarelada,náuseas,perda_de_apetite,amarelecimento_dos_olhos,historial_familiar,,,,,,,,,,,
Hepatite D,dor_nas_articulações,vómitos,fadiga,pele_amarelada,urina_escura,náuseas,perda_de_apetite,dor_abdominal,amarelecimento_dos_olhos,,,,,,,,
Hepatite E,dor_nas_articulações,vómitos,fadiga,febre_alta,pele_amarelada,urina_escura,náuseas,perda_de_apetite,dor_abdominal,amarelecimento_dos_olhos,insuficiência_hepática_aguda,coma,hemorragia_gástrica,,,,
Hepatite Alcoólica,vómitos,pele_amarelada,dor_abdominal,inchaço_do_estômago,distensão_abdominal,historial_de_consumo_de_álcool,sobrecarga_de_fluidos,,,,,,,,,,
Tuberculose,arrepios,vómitos,fadiga,perda_de_peso,tosse,febre_alta,falta_de_ar,sudorese,perda_de_apetite,febre_ligeira,amarelecimento_dos_olhos,gânglios_linfáticos_inchados,mal_estar,fleuma,dor_no_peito,sangue_na_expetoração,
Constipação Comum,espirros_contínuos,arrepios,fadiga,tosse,febre_alta,dor_de_cabeça,gânglios_linfáticos_inchados,mal_estar,fleuma,irritação_da_garganta,vermelhidão_dos_olhos,pressão_sinusal,nariz_a_pingar,congestão,dor_no_peito,perda_de_olfato,dor_muscular
Pneumonia,arrepios,fadiga,tosse,febre_alta,falta_de_ar,sudorese,mal_estar,fleuma,dor_no_peito,frequência_cardíaca_elevada,expetoração_ferruginosa,,,,,,
Hemorroidas Dimórficas,obstipação,dor_durante_a_defecação,dor_na_região_anal,fezes_com_sangue,irritação_no_ânus,,,,,,,,,,,,
Ataque Cardíaco,vómitos,falta_de_ar,sudorese,dor_no_peito,,,,,,,,,,,,,
Varizes,fadiga,cãibras,equimoses,obesidade,pernas_inchadas,vasos_sanguíneos_dilatados,veias_proeminentes_na_barriga_da_perna,,,,,,,,,,
Hipotiroidismo,fadiga,aumento_de_peso,mãos_e_pés_frios,alterações_de_humor,letargia,tonturas,rosto_e_olhos_inchados,tiróide_aumentada,unhas_frágeis,extremidades_inchadas,depressão,irritabilidade,menstruação_anormal,,,,
Hipertiroidismo,fadiga,alterações_de_humor,perda_de_peso,agitação,sudorese,diarreia,frequência_cardíaca_elevada,fome_excessiva,fraqueza_muscular,irritabilidade,menstruação_anormal,,,,,,
Hipoglicemia,vómitos,fadiga,ansiedade,sudorese,dor_de_cabeça,náuseas,visão_turva_e_distorcida,fome_excessiva,lábios_secos_e_com_formigueiro,discurso_arrastado,irritabilidade,palpitações,,,,,
Osteoartrite,dor_nas_articulações,dor_no_pescoço,dor_no_joelho,dor_na_articulação_da_anca,inchaço_das_articulações,dor_ao_caminhar,,,,,,,,,,,
Artrite,fraqueza_muscular,rigidez_cervical,inchaço_das_articulações,rigidez_de_movimentos,dor_ao_caminhar,,,,,,,,,,,,
Vertigem Posicional Paroxística Benigna,vómitos,dor_de_cabeça,náuseas,movimentos_de_rotação,perda_de_equilíbrio,instabilidade,,,,,,,,,,,
Acne,erupção_cutânea,borbulhas_com_pus,pontos_negros,descamação,,,,,,,,,,,,,
Infeção do Trato Urinário,micção_ardente,desconforto_na_bexiga,odor_fétido_na_urina,sensação_contínua_de_urinar,,,,,,,,,,,,,
Psoríase,erupção_cutânea,dor_nas_articulações,descamação_da_pele,aspeto_prateado_na_pele,pequenas_depressões_nas_unhas,unhas_inflamadas,,,,,,,,,,,
Impétigo,erupção_cutânea,febre_alta,bolha,ferida_vermelha_à_volta_do_nariz,crostas_amarelas_com_exsudado,,,,,,,,,,,,
Infeção Fúngica,comichão,erupção_cutânea,erupções_cutâneas_nodulares,manchas_discrómicas,,,,,,,,,,,,,
Alergia,espirros_contínuos,tremores,arrepios,lacrimejo,,,,,,,,,,,,,
DRGE,dor_de_estômago,acidez,úlceras_na_língua,vómitos,tosse,dor_no_peito,,,,,,,,,,,
Colestase Crónica,comichão,vómitos,pele_amarelada,náuseas,perda_de_apetite,dor_abdominal,amarelecimento_dos_olhos,,,,,,,,,,
Reação a Medicamentos,comichão,erupção_cutânea,dor_de_estômago,micção_ardente,perdas_urinárias,,,,,,,,,,,,
Úlcera Péptica,vómitos,indigestão,perda_de_apetite,dor_abdominal,passagem_de_gases,comichão_interna,,,,,,,,,,,
SIDA,atrofia_muscular,manchas_na_garganta,febre_alta,contactos_extraconjugais,,,,,,,,,,,,,
Diabetes,fadiga,perda_de_peso,agitação,letargia,nível_de_açúcar_irregular,visão_turva_e_distorcida,obesidade,fome_excessiva,apetite_aumentado,poliúria,,,,,,,
Gastroenterite,vómitos,olhos_encovados,desidratação,diarreia,,,,,,,,,,,,,
Asma Brônquica,fadiga,tosse,febre_alta,falta_de_ar,historial_familiar,expetoração_mucoide,,,,,,,,,,,
Hipertensão,dor_de_cabeça,dor_no_peito,tonturas,perda_de_equilíbrio,falta_de_concentração,,,,,,,,,,,,
Enxaqueca,acidez,indigestão,dor_de_cabeça,visão_turva_e_distorcida,fome_excessiva,rigidez_cervical,depressão,irritabilidade,perturbações_visuais,,,,,,,,
Espondilose Cervical,dor_nas_costas,fraqueza_nos_membros,dor_no_pescoço,tonturas,perda_de_equilíbrio,,,,,,,,,,,,
Paralisia (Hemorragia Cerebral),vómitos,dor_de_cabeça,fraqueza_num_lado_do_corpo,alteração_do_sensório,,,,,,,,,,,,,
Icterícia,comichão,vómitos,fadiga,perda_de_peso,febre_alta,pele_amarelada,urina_escura,dor_abdominal,,,,,,,,,
Malária,arrepios,vómitos,febre_alta,sudorese,dor_de_cabeça,náuseas,diarreia,dor_muscular,,,,,,,,,
Varicela,comichão,erupção_cutânea,fadiga,letargia,febre_alta,dor_de_cabeça,perda_de_apetite,febre_ligeira,gânglios_linfáticos_inchados,mal_estar,manchas_vermelhas_pelo_corpo,,,,,,
Dengue,erupção_cutânea,arrepios,dor_nas_articulações,vómitos,fadiga,febre_alta,dor_de_cabeça,náuseas,perda_de_apetite,dor_atrás_dos_olhos,dor_nas_costas,mal_estar,dor_muscular,manchas_vermelhas_pelo_corpo,,,
Febre Tifóide,arrepios,vómitos,fadiga,febre_alta,dor_de_cabeça,náuseas,obstipação,dor_abdominal,diarreia,aspeto_tóxico_(tifo),dor_na_barriga,,,,,,
Hepatite A,dor_nas_articulações,vómitos,pele_amarelada,urina_escura,náuseas,perda_de_apetite,dor_abdominal,diarreia,febre_ligeira,amarelecimento_dos_olhos,dor_muscular,,,,,,
Hepatite B,comichão,fadiga,letargia,pele_amarelada,urina_escura,perda_de_apetite,dor_abdominal,urina_amarela,amarelecimento_dos_olhos,mal_estar,receção_de_transfusão_de_sangue,receção_de_injeções_não_esterilizadas,,,,,
Hepatite C,fadiga,pele_amarelada,náuseas,perda_de_apetite,amarelecimento_dos_olhos,historial_familiar,,,,,,,,,,,
Hepatite D,dor_nas_articulações,vómitos,fadiga,pele_amarelada,urina_escura,náuseas,perda_de_apetite,dor_abdominal,amarelecimento_dos_olhos,,,,,,,,
Hepatite E,dor_nas_articulações,vómitos,fadiga,febre_alta,pele_amarelada,urina_escura,náuseas,perda_de_apetite,dor_abdominal,amarelecimento_dos_olhos,insuficiência_hepática_aguda,coma,hemorragia_gástrica,,,,
Hepatite Alcoólica,vómitos,pele_amarelada,dor_abdominal,inchaço_do_estômago,distensão_abdominal,historial_de_consumo_de_álcool,sobrecarga_de_fluidos,,,,,,,,,,
Tuberculose,arrepios,vómitos,fadiga,perda_de_peso,tosse,febre_alta,falta_de_ar,sudorese,perda_de_apetite,febre_ligeira,amarelecimento_dos_olhos,gânglios_linfáticos_inchados,mal_estar,fleuma,dor_no_peito,sangue_na_expetoração,
Constipação Comum,espirros_contínuos,arrepios,fadiga,tosse,febre_alta,dor_de_cabeça,gânglios_linfáticos_inchados,mal_estar,fleuma,irritação_da_garganta,vermelhidão_dos_olhos,pressão_sinusal,nariz_a_pingar,congestão,dor_no_peito,perda_de_olfato,dor_muscular
Pneumonia,arrepios,fadiga,tosse,febre_alta,falta_de_ar,sudorese,mal_estar,fleuma,dor_no_peito,frequência_cardíaca_elevada,expetoração_ferruginosa,,,,,,
Hemorroidas Dimórficas,obstipação,dor_durante_a_defecação,dor_na_região_anal,fezes_com_sangue,irritação_no_ânus,,,,,,,,,,,,
Ataque Cardíaco,vómitos,falta_de_ar,sudorese,dor_no_peito,,,,,,,,,,,,,
Varizes,fadiga,cãibras,equimoses,obesidade,pernas_inchadas,vasos_sanguíneos_dilatados,veias_proeminentes_na_barriga_da_perna,,,,,,,,,,
Hipotiroidismo,fadiga,aumento_de_peso,mãos_e_pés_frios,alterações_de_humor,letargia,tonturas,rosto_e_olhos_inchados,tiróide_aumentada,unhas_frágeis,extremidades_inchadas,depressão,irritabilidade,menstruação_anormal,,,,
Hipertiroidismo,fadiga,alterações_de_humor,perda_de_peso,agitação,sudorese,diarreia,frequência_cardíaca_elevada,fome_excessiva,fraqueza_muscular,irritabilidade,menstruação_anormal,,,,,,
Hipoglicemia,vómitos,fadiga,ansiedade,sudorese,dor_de_cabeça,náuseas,visão_turva_e_distorcida,fome_excessiva,lábios_secos_e_com_formigueiro,discurso_arrastado,irritabilidade,palpitações,,,,,
Osteoartrite,dor_nas_articulações,dor_no_pescoço,dor_no_joelho,dor_na_articulação_da_anca,inchaço_das_articulações,dor_ao_caminhar,,,,,,,,,,,
Artrite,fraqueza_muscular,rigidez_cervical,inchaço_das_articulações,rigidez_de_movimentos,dor_ao_caminhar,,,,,,,,,,,,
Vertigem Posicional Paroxística Benigna,vómitos,dor_de_cabeça,náuseas,movimentos_de_rotação,perda_de_equilíbrio,instabilidade,,,,,,,,,,,
Acne,erupção_cutânea,borbulhas_com_pus,pontos_negros,descamação,,,,,,,,,,,,,
Infeção do Trato Urinário,micção_ardente,desconforto_na_bexiga,odor_fétido_na_urina,sensação_contínua_de_urinar,,,,,,,,,,,,,
Psoríase,erupção_cutânea,dor_nas_articulações,descamação_da_pele,aspeto_prateado_na_pele,pequenas_depressões_nas_unhas,unhas_inflamadas,,,,,,,,,,,
Impétigo,erupção_cutânea,febre_alta,bolha,ferida_vermelha_à_volta_do_nariz,crostas_amarelas_com_exsudado,,,,,,,,,,,,
Infeção Fúngica,comichão,erupção_cutânea,erupções_cutâneas_nodulares,manchas_discrómicas,,,,,,,,,,,,,
Alergia,espirros_contínuos,tremores,arrepios,lacrimejo,,,,,,,,,,,,,
DRGE,dor_de_estômago,acidez,úlceras_na_língua,vómitos,tosse,dor_no_peito,,,,,,,,,,,
Colestase Crónica,comichão,vómitos,pele_amarelada,náuseas,perda_de_apetite,dor_abdominal,amarelecimento_dos_olhos,,,,,,,,,,
Reação a Medicamentos,comichão,erupção_cutânea,dor_de_estômago,micção_ardente,perdas_urinárias,,,,,,,,,,,,
Úlcera Péptica,vómitos,indigestão,perda_de_apetite,dor_abdominal,passagem_de_gases,comichão_interna,,,,,,,,,,,
SIDA,atrofia_muscular,manchas_na_garganta,febre_alta,contactos_extraconjugais,,,,,,,,,,,,,
Diabetes,fadiga,perda_de_peso,agitação,letargia,nível_de_açúcar_irregular,visão_turva_e_distorcida,obesidade,fome_excessiva,apetite_aumentado,poliúria,,,,,,,
Gastroenterite,vómitos,olhos_encovados,desidratação,diarreia,,,,,,,,,,,,,
Asma Brônquica,fadiga,tosse,febre_alta,falta_de_ar,historial_familiar,expetoração_mucoide,,,,,,,,,,,
Hipertensão,dor_de_cabeça,dor_no_peito,tonturas,perda_de_equilíbrio,falta_de_concentração,,,,,,,,,,,,
Enxaqueca,acidez,indigestão,dor_de_cabeça,visão_turva_e_distorcida,fome_excessiva,rigidez_cervical,depressão,irritabilidade,perturbações_visuais,,,,,,,,
Espondilose Cervical,dor_nas_costas,fraqueza_nos_membros,dor_no_pescoço,tonturas,perda_de_equilíbrio,,,,,,,,,,,,
Paralisia (Hemorragia Cerebral),vómitos,dor_de_cabeça,fraqueza_num_lado_do_corpo,alteração_do_sensório,,,,,,,,,,,,,
Icterícia,comichão,vómitos,fadiga,perda_de_peso,febre_alta,pele_amarelada,urina_escura,dor_abdominal,,,,,,,,,
Malária,arrepios,vómitos,febre_alta,sudorese,dor_de_cabeça,náuseas,diarreia,dor_muscular,,,,,,,,,
Varicela,comichão,erupção_cutânea,fadiga,letargia,febre_alta,dor_de_cabeça,perda_de_apetite,febre_ligeira,gânglios_linfáticos_inchados,mal_estar,manchas_vermelhas_pelo_corpo,,,,,,
Dengue,erupção_cutânea,arrepios,dor_nas_articulações,vómitos,fadiga,febre_alta,dor_de_cabeça,náuseas,perda_de_apetite,dor_atrás_dos_olhos,dor_nas_costas,mal_estar,dor_muscular,manchas_vermelhas_pelo_corpo,,,
Febre Tifóide,arrepios,vómitos,fadiga,febre_alta,dor_de_cabeça,náuseas,obstipação,dor_abdominal,diarreia,aspeto_tóxico_(tifo),dor_na_barriga,,,,,,
Hepatite A,dor_nas_articulações,vómitos,pele_amarelada,urina_escura,náuseas,perda_de_apetite,dor_abdominal,diarreia,febre_ligeira,amarelecimento_dos_olhos,dor_muscular,,,,,,
Hepatite B,comichão,fadiga,letargia,pele_amarelada,urina_escura,perda_de_apetite,dor_abdominal,urina_amarela,amarelecimento_dos_olhos,mal_estar,receção_de_transfusão_de_sangue,receção_de_injeções_não_esterilizadas,,,,,
Hepatite C,fadiga,pele_amarelada,náuseas,perda_de_apetite,amarelecimento_dos_olhos,historial_familiar,,,,,,,,,,,
Hepatite D,dor_nas_articulações,vómitos,fadiga,pele_amarelada,urina_escura,náuseas,perda_de_apetite,dor_abdominal,amarelecimento_dos_olhos,,,,,,,,
Hepatite E,dor_nas_articulações,vómitos,fadiga,febre_alta,pele_amarelada,urina_escura,náuseas,perda_de_apetite,dor_abdominal,amarelecimento_dos_olhos,insuficiência_hepática_aguda,coma,hemorragia_gástrica,,,,
Hepatite Alcoólica,vómitos,pele_amarelada,dor_abdominal,inchaço_do_estômago,distensão_abdominal,historial_de_consumo_de_álcool,sobrecarga_de_fluidos,,,,,,,,,,
Tuberculose,arrepios,vómitos,fadiga,perda_de_peso,tosse,febre_alta,falta_de_ar,sudorese,perda_de_apetite,febre_ligeira,amarelecimento_dos_olhos,gânglios_linfáticos_inchados,mal_estar,fleuma,dor_no_peito,sangue_na_expetoração,
Constipação Comum,espirros_contínuos,arrepios,fadiga,tosse,febre_alta,dor_de_cabeça,gânglios_linfáticos_inchados,mal_estar,fleuma,irritação_da_garganta,vermelhidão_dos_olhos,pressão_sinusal,nariz_a_pingar,congestão,dor_no_peito,perda_de_olfato,dor_muscular
Pneumonia,arrepios,fadiga,tosse,febre_alta,falta_de_ar,sudorese,mal_estar,fleuma,dor_no_peito,frequência_cardíaca_elevada,expetoração_ferruginosa,,,,,,
Hemorroidas Dimórficas,obstipação,dor_durante_a_defecação,dor_na_região_anal,fezes_com_sangue,irritação_no_ânus,,,,,,,,,,,,
Ataque Cardíaco,vómitos,falta_de_ar,sudorese,dor_no_peito,,,,,,,,,,,,,
Varizes,fadiga,cãibras,equimoses,obesidade,pernas_inchadas,vasos_sanguíneos_dilatados,veias_proeminentes_na_barriga_da_perna,,,,,,,,,,
Hipotiroidismo,fadiga,aumento_de_peso,mãos_e_pés_frios,alterações_de_humor,letargia,tonturas,rosto_e_olhos_inchados,tiróide_aumentada,unhas_frágeis,extremidades_inchadas,depressão,irritabilidade,menstruação_anormal,,,,
Hipertiroidismo,fadiga,alterações_de_humor,perda_de_peso,agitação,sudorese,diarreia,frequência_cardíaca_elevada,fome_excessiva,fraqueza_muscular,irritabilidade,menstruação_anormal,,,,,,
Hipoglicemia,vómitos,fadiga,ansiedade,sudorese,dor_de_cabeça,náuseas,visão_turva_e_distorcida,fome_excessiva,lábios_secos_e_com_formigueiro,discurso_arrastado,irritabilidade,palpitações,,,,,
Osteoartrite,dor_nas_articulações,dor_no_pescoço,dor_no_joelho,dor_na_articulação_da_anca,inchaço_das_articulações,dor_ao_caminhar,,,,,,,,,,,
Artrite,fraqueza_muscular,rigidez_cervical,inchaço_das_articulações,rigidez_de_movimentos,dor_ao_caminhar,,,,,,,,,,,,
Vertigem Posicional Paroxística Benigna,vómitos,dor_de_cabeça,náuseas,movimentos_de_rotação,perda_de_equilíbrio,instabilidade,,,,,,,,,,,
Acne,erupção_cutânea,borbulhas_com_pus,pontos_negros,descamação,,,,,,,,,,,,,
Infeção do Trato Urinário,micção_ardente,desconforto_na_bexiga,odor_fétido_na_urina,sensação_contínua_de_urinar,,,,,,,,,,,,,
Psoríase,erupção_cutânea,dor_nas_articulações,descamação_da_pele,aspeto_prateado_na_pele,pequenas_depressões_nas_unhas,unhas_inflamadas,,,,,,,,,,,
Impétigo,erupção_cutânea,febre_alta,bolha,ferida_vermelha_à_volta_do_nariz,crostas_amarelas_com_exsudado,,,,,,,,,,,,
Infeção Fúngica,comichão,erupção_cutânea,erupções_cutâneas_nodulares,manchas_discrómicas,,,,,,,,,,,,,
Alergia,espirros_contínuos,tremores,arrepios,lacrimejo,,,,,,,,,,,,,
DRGE,dor_de_estômago,acidez,úlceras_na_língua,vómitos,tosse,dor_no_peito,,,,,,,,,,,
Colestase Crónica,comichão,vómitos,pele_amarelada,náuseas,perda_de_apetite,dor_abdominal,amarelecimento_dos_olhos,,,,,,,,,,
Reação a Medicamentos,comichão,erupção_cutânea,dor_de_estômago,micção_ardente,perdas_urinárias,,,,,,,,,,,,
Úlcera Péptica,vómitos,indigestão,perda_de_apetite,dor_abdominal,passagem_de_gases,comichão_interna,,,,,,,,,,,
SIDA,atrofia_muscular,manchas_na_garganta,febre_alta,contactos_extraconjugais,,,,,,,,,,,,,
Diabetes,fadiga,perda_de_peso,agitação,letargia,nível_de_açúcar_irregular,visão_turva_e_distorcida,obesidade,fome_excessiva,apetite_aumentado,poliúria,,,,,,,
Gastroenterite,vómitos,olhos_encovados,desidratação,diarreia,,,,,,,,,,,,,
Asma Brônquica,fadiga,tosse,febre_alta,falta_de_ar,historial_familiar,expetoração_mucoide,,,,,,,,,,,
Hipertensão,dor_de_cabeça,dor_no_peito,tonturas,perda_de_equilíbrio,falta_de_concentração,,,,,,,,,,,,
Enxaqueca,acidez,indigestão,dor_de_cabeça,visão_turva_e_distorcida,fome_excessiva,rigidez_cervical,depressão,irritabilidade,perturbações_visuais,,,,,,,,
Espondilose Cervical,dor_nas_costas,fraqueza_nos_membros,dor_no_pescoço,tonturas,perda_de_equilíbrio,,,,,,,,,,,,
Paralisia (Hemorragia Cerebral),vómitos,dor_de_cabeça,fraqueza_num_lado_do_corpo,alteração_do_sensório,,,,,,,,,,,,,
Icterícia,comichão,vómitos,fadiga,perda_de_peso,febre_alta,pele_amarelada,urina_escura,dor_abdominal,,,,,,,,,
Malária,arrepios,vómitos,febre_alta,sudorese,dor_de_cabeça,náuseas,diarreia,dor_muscular,,,,,,,,,
Varicela,comichão,erupção_cutânea,fadiga,letargia,febre_alta,dor_de_cabeça,perda_de_apetite,febre_ligeira,gânglios_linfáticos_inchados,mal_estar,manchas_vermelhas_pelo_corpo,,,,,,
Dengue,erupção_cutânea,arrepios,dor_nas_articulações,vómitos,fadiga,febre_alta,dor_de_cabeça,náuseas,perda_de_apetite,dor_atrás_dos_olhos,dor_nas_costas,mal_estar,dor_muscular,manchas_vermelhas_pelo_corpo,,,
Febre Tifóide,arrepios,vómitos,fadiga,febre_alta,dor_de_cabeça,náuseas,obstipação,dor_abdominal,diarreia,aspeto_tóxico_(tifo),dor_na_barriga,,,,,,
Hepatite A,dor_nas_articulações,vómitos,pele_amarelada,urina_escura,náuseas,perda_de_apetite,dor_abdominal,diarreia,febre_ligeira,amarelecimento_dos_olhos,dor_muscular,,,,,,
Hepatite B,comichão,fadiga,letargia,pele_amarelada,urina_escura,perda_de_apetite,dor_abdominal,urina_amarela,amarelecimento_dos_olhos,mal_estar,receção_de_transfusão_de_sangue,receção_de_injeções_não_esterilizadas,,,,,
Hepatite C,fadiga,pele_amarelada,náuseas,perda_de_apetite,amarelecimento_dos_olhos,historial_familiar,,,,,,,,,,,
Hepatite D,dor_nas_articulações,vómitos,fadiga,pele_amarelada,urina_escura,náuseas,perda_de_apetite,dor_abdominal,amarelecimento_dos_olhos,,,,,,,,
Hepatite E,dor_nas_articulações,vómitos,fadiga,febre_alta,pele_amarelada,urina_escura,náuseas,perda_de_apetite,dor_abdominal,amarelecimento_dos_olhos,insuficiência_hepática_aguda,coma,hemorragia_gástrica,,,,
Hepatite Alcoólica,vómitos,pele_amarelada,dor_abdominal,inchaço_do_estômago,distensão_abdominal,historial_de_consumo_de_álcool,sobrecarga_de_fluidos,,,,,,,,,,
Tuberculose,arrepios,vómitos,fadiga,perda_de_peso,tosse,febre_alta,falta_de_ar,sudorese,perda_de_apetite,febre_ligeira,amarelecimento_dos_olhos,gânglios_linfáticos_inchados,mal_estar,fleuma,dor_no_peito,sangue_na_expetoração,
Constipação Comum,espirros_contínuos,arrepios,fadiga,tosse,febre_alta,dor_de_cabeça,gânglios_linfáticos_inchados,mal_estar,fleuma,irritação_da_garganta,vermelhidão_dos_olhos,pressão_sinusal,nariz_a_pingar,congestão,dor_no_peito,perda_de_olfato,dor_muscular
Pneumonia,arrepios,fadiga,tosse,febre_alta,falta_de_ar,sudorese,mal_estar,fleuma,dor_no_peito,frequência_cardíaca_elevada,expetoração_ferruginosa,,,,,,
Hemorroidas Dimórficas,obstipação,dor_durante_a_defecação,dor_na_região_anal,fezes_com_sangue,irritação_no_ânus,,,,,,,,,,,,
Ataque Cardíaco,vómitos,falta_de_ar,sudorese,dor_no_peito,,,,,,,,,,,,,
Varizes,fadiga,cãibras,equimoses,obesidade,pernas_inchadas,vasos_sanguíneos_dilatados,veias_proeminentes_na_barriga_da_perna,,,,,,,,,,
Hipotiroidismo,fadiga,aumento_de_peso,mãos_e_pés_frios,alterações_de_humor,letargia,tonturas,rosto_e_olhos_inchados,tiróide_aumentada,unhas_frágeis,extremidades_inchadas,depressão,irritabilidade,menstruação_anormal,,,,
Hipertiroidismo,fadiga,alterações_de_humor,perda_de_peso,agitação,sudorese,diarreia,frequência_cardíaca_elevada,fome_excessiva,fraqueza_muscular,irritabilidade,menstruação_anormal,,,,,,
Hipoglicemia,vómitos,fadiga,ansiedade,sudorese,dor_de_cabeça,náuseas,visão_turva_e_distorcida,fome_excessiva,lábios_secos_e_com_formigueiro,discurso_arrastado,irritabilidade,palpitações,,,,,
Osteoartrite,dor_nas_articulações,dor_no_pescoço,dor_no_joelho,dor_na_articulação_da_anca,inchaço_das_articulações,dor_ao_caminhar,,,,,,,,,,,
Artrite,fraqueza_muscular,rigidez_cervical,inchaço_das_articulações,rigidez_de_movimentos,dor_ao_caminhar,,,,,,,,,,,,
Vertigem Posicional Paroxística Benigna,vómitos,dor_de_cabeça,náuseas,movimentos_de_rotação,perda_de_equilíbrio,instabilidade,,,,,,,,,,,
Acne,erupção_cutânea,borbulhas_com_pus,pontos_negros,descamação,,,,,,,,,,,,,
Infeção do Trato Urinário,micção_ardente,desconforto_na_bexiga,odor_fétido_na_urina,sensação_contínua_de_urinar,,,,,,,,,,,,,
Psoríase,erupção_cutânea,dor_nas_articulações,descamação_da_pele,aspeto_prateado_na_pele,pequenas_depressões_nas_unhas,unhas_inflamadas,,,,,,,,,,,
Impétigo,erupção_cutânea,febre_alta,bolha,ferida_vermelha_à_volta_do_nariz,crostas_amarelas_com_exsudado,,,,,,,,,,,,
Infeção Fúngica,comichão,erupção_cutânea,erupções_cutâneas_nodulares,manchas_discrómicas,,,,,,,,,,,,,
Alergia,espirros_contínuos,tremores,arrepios,lacrimejo,,,,,,,,,,,,,
DRGE,dor_de_estômago,acidez,úlceras_na_língua,vómitos,tosse,dor_no_peito,,,,,,,,,,,
Colestase Crónica,comichão,vómitos,pele_amarelada,náuseas,perda_de_apetite,dor_abdominal,amarelecimento_dos_olhos,,,,,,,,,,
Reação a Medicamentos,comichão,erupção_cutânea,dor_de_estômago,micção_ardente,perdas_urinárias,,,,,,,,,,,,
Úlcera Péptica,vómitos,indigestão,perda_de_apetite,dor_abdominal,passagem_de_gases,comichão_interna,,,,,,,,,,,
SIDA,atrofia_muscular,manchas_na_garganta,febre_alta,contactos_extraconjugais,,,,,,,,,,,,,
Diabetes,fadiga,perda_de_peso,agitação,letargia,nível_de_açúcar_irregular,visão_turva_e_distorcida,obesidade,fome_excessiva,apetite_aumentado,poliúria,,,,,,,
Gastroenterite,vómitos,olhos_encovados,desidratação,diarreia,,,,,,,,,,,,,
Asma Brônquica,fadiga,tosse,febre_alta,falta_de_ar,historial_familiar,expetoração_mucoide,,,,,,,,,,,
Hipertensão,dor_de_cabeça,dor_no_peito,tonturas,perda_de_equilíbrio,falta_de_concentração,,,,,,,,,,,,
Enxaqueca,acidez,indigestão,dor_de_cabeça,visão_turva_e_distorcida,fome_excessiva,rigidez_cervical,depressão,irritabilidade,perturbações_visuais,,,,,,,,
Espondilose Cervical,dor_nas_costas,fraqueza_nos_membros,dor_no_pescoço,tonturas,perda_de_equilíbrio,,,,,,,,,,,,
Paralisia (Hemorragia Cerebral),vómitos,dor_de_cabeça,fraqueza_num_lado_do_corpo,alteração_do_sensório,,,,,,,,,,,,,
Icterícia,comichão,vómitos,fadiga,perda_de_peso,febre_alta,pele_amarelada,urina_escura,dor_abdominal,,,,,,,,,
Malária,arrepios,vómitos,febre_alta,sudorese,dor_de_cabeça,náuseas,diarreia,dor_muscular,,,,,,,,,
Varicela,comichão,erupção_cutânea,fadiga,letargia,febre_alta,dor_de_cabeça,perda_de_apetite,febre_ligeira,gânglios_linfáticos_inchados,mal_estar,manchas_vermelhas_pelo_corpo,,,,,,
Dengue,erupção_cutânea,arrepios,dor_nas_articulações,vómitos,fadiga,febre_alta,dor_de_cabeça,náuseas,perda_de_apetite,dor_atrás_dos_olhos,dor_nas_costas,mal_estar,dor_muscular,manchas_vermelhas_pelo_corpo,,,
Febre Tifóide,arrepios,vómitos,fadiga,febre_alta,dor_de_cabeça,náuseas,obstipação,dor_abdominal,diarreia,aspeto_tóxico_(tifo),dor_na_barriga,,,,,,
Hepatite A,dor_nas_articulações,vómitos,pele_amarelada,urina_escura,náuseas,perda_de_apetite,dor_abdominal,diarreia,febre_ligeira,amarelecimento_dos_olhos,dor_muscular,,,,,,
Hepatite B,comichão,fadiga,letargia,pele_amarelada,urina_escura,perda_de_apetite,dor_abdominal,urina_amarela,amarelecimento_dos_olhos,mal_estar,receção_de_transfusão_de_sangue,receção_de_injeções_não_esterilizadas,,,,,
Hepatite C,fadiga,pele_amarelada,náuseas,perda_de_apetite,amarelecimento_dos_olhos,historial_familiar,,,,,,,,,,,
Hepatite D,dor_nas_articulações,vómitos,fadiga,pele_amarelada,urina_escura,náuseas,perda_de_apetite,dor_abdominal,amarelecimento_dos_olhos,,,,,,,,
Hepatite E,dor_nas_articulações,vómitos,fadiga,febre_alta,pele_amarelada,urina_escura,náuseas,perda_de_apetite,dor_abdominal,amarelecimento_dos_olhos,insuficiência_hepática_aguda,coma,hemorragia_gástrica,,,,
Hepatite Alcoólica,vómitos,pele_amarelada,dor_abdominal,inchaço_do_estômago,distensão_abdominal,historial_de_consumo_de_álcool,sobrecarga_de_fluidos,,,,,,,,,,
Tuberculose,arrepios,vómitos,fadiga,perda_de_peso,tosse,febre_alta,falta_de_ar,sudorese,perda_de_apetite,febre_ligeira,amarelecimento_dos_olhos,gânglios_linfáticos_inchados,mal_estar,fleuma,dor_no_peito,sangue_na_expetoração,
Constipação Comum,espirros_contínuos,arrepios,fadiga,tosse,febre_alta,dor_de_cabeça,gânglios_linfáticos_inchados,mal_estar,fleuma,irritação_da_garganta,vermelhidão_dos_olhos,pressão_sinusal,nariz_a_pingar,congestão,dor_no_peito,perda_de_olfato,dor_muscular
Pneumonia,arrepios,fadiga,tosse,febre_alta,falta_de_ar,sudorese,mal_estar,fleuma,dor_no_peito,frequência_cardíaca_elevada,expetoração_ferruginosa,,,,,,
Hemorroidas Dimórficas,obstipação,dor_durante_a_defecação,dor_na_região_anal,fezes_com_sangue,irritação_no_ânus,,,,,,,,,,,,
Ataque Cardíaco,vómitos,falta_de_ar,sudorese,dor_no_peito,,,,,,,,,,,,,
Varizes,fadiga,cãibras,equimoses,obesidade,pernas_inchadas,vasos_sanguíneos_dilatados,veias_proeminentes_na_barriga_da_perna,,,,,,,,,,
Hipotiroidismo,fadiga,aumento_de_peso,mãos_e_pés_frios,alterações_de_humor,letargia,tonturas,rosto_e_olhos_inchados,tiróide_aumentada,unhas_frágeis,extremidades_inchadas,depressão,irritabilidade,menstruação_anormal,,,,
Hipertiroidismo,fadiga,alterações_de_humor,perda_de_peso,agitação,sudorese,diarreia,frequência_cardíaca_elevada,fome_excessiva,fraqueza_muscular,irritabilidade,menstruação_anormal,,,,,,
Hipoglicemia,vómitos,fadiga,ansiedade,sudorese,dor_de_cabeça,náuseas,visão_turva_e_distorcida,fome_excessiva,lábios_secos_e_com_formigueiro,discurso_arrastado,irritabilidade,palpitações,,,,,
Osteoartrite,dor_nas_articulações,dor_no_pescoço,dor_no_joelho,dor_na_articulação_da_anca,inchaço_das_articulações,dor_ao_caminhar,,,,,,,,,,,
Artrite,fraqueza_muscular,rigidez_cervical,inchaço_das_articulações,rigidez_de_movimentos,dor_ao_caminhar,,,,,,,,,,,,
Vertigem Posicional Paroxística Benigna,vómitos,dor_de_cabeça,náuseas,movimentos_de_rotação,perda_de_equilíbrio,instabilidade,,,,,,,,,,,
Acne,erupção_cutânea,borbulhas_com_pus,pontos_negros,descamação,,,,,,,,,,,,,
Infeção do Trato Urinário,micção_ardente,desconforto_na_bexiga,odor_fétido_na_urina,sensação_contínua_de_urinar,,,,,,,,,,,,,
Psoríase,erupção_cutânea,dor_nas_articulações,descamação_da_pele,aspeto_prateado_na_pele,pequenas_depressões_nas_unhas,unhas_inflamadas,,,,,,,,,,,
Impétigo,erupção_cutânea,febre_alta,bolha,ferida_vermelha_à_volta_do_nariz,crostas_amarelas_com_exsudado,,,,,,,,,,,,
Infeção Fúngica,comichão,erupção_cutânea,erupções_cutâneas_nodulares,manchas_discrómicas,,,,,,,,,,,,,
Alergia,espirros_contínuos,tremores,arrepios,lacrimejo,,,,,,,,,,,,,
DRGE,dor_de_estômago,acidez,úlceras_na_língua,vómitos,tosse,dor_no_peito,,,,,,,,,,,
Colestase Crónica,comichão,vómitos,pele_amarelada,náuseas,perda_de_apetite,dor_abdominal,amarelecimento_dos_olhos,,,,,,,,,,
Reação a Medicamentos,comichão,erupção_cutânea,dor_de_estômago,micção_ardente,perdas_urinárias,,,,,,,,,,,,
Úlcera Péptica,vómitos,indigestão,perda_de_apetite,dor_abdominal,passagem_de_gases,comichão_interna,,,,,,,,,,,
SIDA,atrofia_muscular,manchas_na_garganta,febre_alta,contactos_extraconjugais,,,,,,,,,,,,,
Diabetes,fadiga,perda_de_peso,agitação,letargia,nível_de_açúcar_irregular,visão_turva_e_distorcida,obesidade,fome_excessiva,apetite_aumentado,poliúria,,,,,,,
Gastroenterite,vómitos,olhos_encovados,desidratação,diarreia,,,,,,,,,,,,,
Asma Brônquica,fadiga,tosse,febre_alta,falta_de_ar,historial_familiar,expetoração_mucoide,,,,,,,,,,,
Hipertensão,dor_de_cabeça,dor_no_peito,tonturas,perda_de_equilíbrio,falta_de_concentração,,,,,,,,,,,,
Enxaqueca,acidez,indigestão,dor_de_cabeça,visão_turva_e_distorcida,fome_excessiva,rigidez_cervical,depressão,irritabilidade,perturbações_visuais,,,,,,,,
Espondilose Cervical,dor_nas_costas,fraqueza_nos_membros,dor_no_pescoço,tonturas,perda_de_equilíbrio,,,,,,,,,,,,
Paralisia (Hemorragia Cerebral),vómitos,dor_de_cabeça,fraqueza_num_lado_do_corpo,alteração_do_sensório,,,,,,,,,,,,,
Icterícia,comichão,vómitos,fadiga,perda_de_peso,febre_alta,pele_amarelada,urina_escura,dor_abdominal,,,,,,,,,
Malária,arrepios,vómitos,febre_alta,sudorese,dor_de_cabeça,náuseas,diarreia,dor_muscular,,,,,,,,,
Varicela,comichão,erupção_cutânea,fadiga,letargia,febre_alta,dor_de_cabeça,perda_de_apetite,febre_ligeira,gânglios_linfáticos_inchados,mal_estar,manchas_vermelhas_pelo_corpo,,,,,,
Dengue,erupção_cutânea,arrepios,dor_nas_articulações,vómitos,fadiga,febre_alta,dor_de_cabeça,náuseas,perda_de_apetite,dor_atrás_dos_olhos,dor_nas_costas,mal_estar,dor_muscular,manchas_vermelhas_pelo_corpo,,,
Febre Tifóide,arrepios,vómitos,fadiga,febre_alta,dor_de_cabeça,náuseas,obstipação,dor_abdominal,diarreia,aspeto_tóxico_(tifo),dor_na_barriga,,,,,,
Hepatite A,dor_nas_articulações,vómitos,pele_amarelada,urina_escura,náuseas,perda_de_apetite,dor_abdominal,diarreia,febre_ligeira,amarelecimento_dos_olhos,dor_muscular,,,,,,
Hepatite B,comichão,fadiga,letargia,pele_amarelada,urina_escura,perda_de_apetite,dor_abdominal,urina_amarela,amarelecimento_dos_olhos,mal_estar,receção_de_transfusão_de_sangue,receção_de_injeções_não_esterilizadas,,,,,
Hepatite C,fadiga,pele_amarelada,náuseas,perda_de_apetite,amarelecimento_dos_olhos,historial_familiar,,,,,,,,,,,
Hepatite D,dor_nas_articulações,vómitos,fadiga,pele_amarelada,urina_escura,náuseas,perda_de_apetite,dor_abdominal,amarelecimento_dos_olhos,,,,,,,,
Hepatite E,dor_nas_articulações,vómitos,fadiga,febre_alta,pele_amarelada,urina_escura,náuseas,perda_de_apetite,dor_abdominal,amarelecimento_dos_olhos,insuficiência_hepática_aguda,coma,hemorragia_gástrica,,,,
Hepatite Alcoólica,vómitos,pele_amarelada,dor_abdominal,inchaço_do_estômago,distensão_abdominal,historial_de_consumo_de_álcool,sobrecarga_de_fluidos,,,,,,,,,,
Tuberculose,arrepios,vómitos,fadiga,perda_de_peso,tosse,febre_alta,falta_de_ar,sudorese,perda_de_apetite,febre_ligeira,amarelecimento_dos_olhos,gânglios_linfáticos_inchados,mal_estar,fleuma,dor_no_peito,sangue_na_expetoração,
Constipação Comum,espirros_contínuos,arrepios,fadiga,tosse,febre_alta,dor_de_cabeça,gânglios_linfáticos_inchados,mal_estar,fleuma,irritação_da_garganta,vermelhidão_dos_olhos,pressão_sinusal,nariz_a_pingar,congestão,dor_no_peito,perda_de_olfato,dor_muscular
Pneumonia,arrepios,fadiga,tosse,febre_alta,falta_de_ar,sudorese,mal_estar,fleuma,dor_no_peito,frequência_cardíaca_elevada,expetoração_ferruginosa,,,,,,
Hemorroidas Dimórficas,obstipação,dor_durante_a_defecação,dor_na_região_anal,fezes_com_sangue,irritação_no_ânus,,,,,,,,,,,,
Ataque Cardíaco,vómitos,falta_de_ar,sudorese,dor_no_peito,,,,,,,,,,,,,
Varizes,fadiga,cãibras,equimoses,obesidade,pernas_inchadas,vasos_sanguíneos_dilatados,veias_proeminentes_na_barriga_da_perna,,,,,,,,,,
Hipotiroidismo,fadiga,aumento_de_peso,mãos_e_pés_frios,alterações_de_humor,letargia,tonturas,rosto_e_olhos_inchados,tiróide_aumentada,unhas_frágeis,extremidades_inchadas,depressão,irritabilidade,menstruação_anormal,,,,
Hipertiroidismo,fadiga,alterações_de_humor,perda_de_peso,agitação,sudorese,diarreia,frequência_cardíaca_elevada,fome_excessiva,fraqueza_muscular,irritabilidade,menstruação_anormal,,,,,,
Hipoglicemia,vómitos,fadiga,ansiedade,sudorese,dor_de_cabeça,náuseas,visão_turva_e_distorcida,fome_excessiva,lábios_secos_e_com_formigueiro,discurso_arrastado,irritabilidade,palpitações,,,,,
Osteoartrite,dor_nas_articulações,dor_no_pescoço,dor_no_joelho,dor_na_articulação_da_anca,inchaço_das_articulações,dor_ao_caminhar,,,,,,,,,,,
Artrite,fraqueza_muscular,rigidez_cervical,inchaço_das_articulações,rigidez_de_movimentos,dor_ao_caminhar,,,,,,,,,,,,
Vertigem Posicional Paroxística Benigna,vómitos,dor_de_cabeça,náuseas,movimentos_de_rotação,perda_de_equilíbrio,instabilidade,,,,,,,,,,,
Acne,erupção_cutânea,borbulhas_com_pus,pontos_negros,descamação,,,,,,,,,,,,,
Infeção do Trato Urinário,micção_ardente,desconforto_na_bexiga,odor_fétido_na_urina,sensação_contínua_de_urinar,,,,,,,,,,,,,
Psoríase,erupção_cutânea,dor_nas_articulações,descamação_da_pele,aspeto_prateado_na_pele,pequenas_depressões_nas_unhas,unhas_inflamadas,,,,,,,,,,,
Impétigo,erupção_cutânea,febre_alta,bolha,ferida_vermelha_à_volta_do_nariz,crostas_amarelas_com_exsudado,,,,,,,,,,,,
Infeção Fúngica,comichão,erupção_cutânea,erupções_cutâneas_nodulares,manchas_discrómicas,,,,,,,,,,,,,
Alergia,espirros_contínuos,tremores,arrepios,lacrimejo,,,,,,,,,,,,,
DRGE,dor_de_estômago,acidez,úlceras_na_língua,vómitos,tosse,dor_no_peito,,,,,,,,,,,
Colestase Crónica,comichão,vómitos,pele_amarelada,náuseas,perda_de_apetite,dor_abdominal,amarelecimento_dos_olhos,,,,,,,,,,
Reação a Medicamentos,comichão,erupção_cutânea,dor_de_estômago,micção_ardente,perdas_urinárias,,,,,,,,,,,,
Úlcera Péptica,vómitos,indigestão,perda_de_apetite,dor_abdominal,passagem_de_gases,comichão_interna,,,,,,,,,,,
SIDA,atrofia_muscular,manchas_na_garganta,febre_alta,contactos_extraconjugais,,,,,,,,,,,,,
Diabetes,fadiga,perda_de_peso,agitação,letargia,nível_de_açúcar_irregular,visão_turva_e_distorcida,obesidade,fome_excessiva,apetite_aumentado,poliúria,,,,,,,
Gastroenterite,vómitos,olhos_encovados,desidratação,diarreia,,,,,,,,,,,,,
Asma Brônquica,fadiga,tosse,febre_alta,falta_de_ar,historial_familiar,expetoração_mucoide,,,,,,,,,,,
Hipertensão,dor_de_cabeça,dor_no_peito,tonturas,perda_de_equilíbrio,falta_de_concentração,,,,,,,,,,,,
Enxaqueca,acidez,indigestão,dor_de_cabeça,visão_turva_e_distorcida,fome_excessiva,rigidez_cervical,depressão,irritabilidade,perturbações_visuais,,,,,,,,
Espondilose Cervical,dor_nas_costas,fraqueza_nos_membros,dor_no_pescoço,tonturas,perda_de_equilíbrio,,,,,,,,,,,,
Paralisia (Hemorragia Cerebral),vómitos,dor_de_cabeça,fraqueza_num_lado_do_corpo,alteração_do_sensório,,,,,,,,,,,,,
Icterícia,comichão,vómitos,fadiga,perda_de_peso,febre_alta,pele_amarelada,urina_escura,dor_abdominal,,,,,,,,,
Malária,arrepios,vómitos,febre_alta,sudorese,dor_de_cabeça,náuseas,diarreia,dor_muscular,,,,,,,,,
Varicela,comichão,erupção_cutânea,fadiga,letargia,febre_alta,dor_de_cabeça,perda_de_apetite,febre_ligeira,gânglios_linfáticos_inchados,mal_estar,manchas_vermelhas_pelo_corpo,,,,,,
Dengue,erupção_cutânea,arrepios,dor_nas_articulações,vómitos,fadiga,febre_alta,dor_de_cabeça,náuseas,perda_de_apetite,dor_atrás_dos_olhos,dor_nas_costas,mal_estar,dor_muscular,manchas_vermelhas_pelo_corpo,,,
Febre Tifóide,arrepios,vómitos,fadiga,febre_alta,dor_de_cabeça,náuseas,obstipação,dor_abdominal,diarreia,aspeto_tóxico_(tifo),dor_na_barriga,,,,,,
Hepatite A,dor_nas_articulações,vómitos,pele_amarelada,urina_escura,náuseas,perda_de_apetite,dor_abdominal,diarreia,febre_ligeira,amarelecimento_dos_olhos,dor_muscular,,,,,,
Hepatite B,comichão,fadiga,letargia,pele_amarelada,urina_escura,perda_de_apetite,dor_abdominal,urina_amarela,amarelecimento_dos_olhos,mal_estar,receção_de_transfusão_de_sangue,receção_de_injeções_não_esterilizadas,,,,,
Hepatite C,fadiga,pele_amarelada,náuseas,perda_de_apetite,amarelecimento_dos_olhos,historial_familiar,,,,,,,,,,,
Hepatite D,dor_nas_articulações,vómitos,fadiga,pele_amarelada,urina_escura,náuseas,perda_de_apetite,dor_abdominal,amarelecimento_dos_olhos,,,,,,,,
Hepatite E,dor_nas_articulações,vómitos,fadiga,febre_alta,pele_amarelada,urina_escura,náuseas,perda_de_apetite,dor_abdominal,amarelecimento_dos_olhos,insuficiência_hepática_aguda,coma,hemorragia_gástrica,,,,
Hepatite Alcoólica,vómitos,pele_amarelada,dor_abdominal,inchaço_do_estômago,distensão_abdominal,historial_de_consumo_de_álcool,sobrecarga_de_fluidos,,,,,,,,,,
Tuberculose,arrepios,vómitos,fadiga,perda_de_peso,tosse,febre_alta,falta_de_ar,sudorese,perda_de_apetite,febre_ligeira,amarelecimento_dos_olhos,gânglios_linfáticos_inchados,mal_estar,fleuma,dor_no_peito,sangue_na_expetoração,
Constipação Comum,espirros_contínuos,arrepios,fadiga,tosse,febre_alta,dor_de_cabeça,gânglios_linfáticos_inchados,mal_estar,fleuma,irritação_da_garganta,vermelhidão_dos_olhos,pressão_sinusal,nariz_a_pingar,congestão,dor_no_peito,perda_de_olfato,dor_muscular
Pneumonia,arrepios,fadiga,tosse,febre_alta,falta_de_ar,sudorese,mal_estar,fleuma,dor_no_peito,frequência_cardíaca_elevada,expetoração_ferruginosa,,,,,,
Hemorroidas Dimórficas,obstipação,dor_durante_a_defecação,dor_na_região_anal,fezes_com_sangue,irritação_no_ânus,,,,,,,,,,,,
Ataque Cardíaco,vómitos,falta_de_ar,sudorese,dor_no_peito,,,,,,,,,,,,,
Varizes,fadiga,cãibras,equimoses,obesidade,pernas_inchadas,vasos_sanguíneos_dilatados,veias_proeminentes_na_barriga_da_perna,,,,,,,,,,
Hipotiroidismo,fadiga,aumento_de_peso,mãos_e_pés_frios,alterações_de_humor,letargia,tonturas,rosto_e_olhos_inchados,tiróide_aumentada,unhas_frágeis,extremidades_inchadas,depressão,irritabilidade,menstruação_anormal,,,,
Hipertiroidismo,fadiga,alterações_de_humor,perda_de_peso,agitação,sudorese,diarreia,frequência_cardíaca_elevada,fome_excessiva,fraqueza_muscular,irritabilidade,menstruação_anormal,,,,,,
Hipoglicemia,vómitos,fadiga,ansiedade,sudorese,dor_de_cabeça,náuseas,visão_turva_e_distorcida,fome_excessiva,lábios_secos_e_com_formigueiro,discurso_arrastado,irritabilidade,palpitações,,,,,
Osteoartrite,dor_nas_articulações,dor_no_pescoço,dor_no_joelho,dor_na_articulação_da_anca,inchaço_das_articulações,dor_ao_caminhar,,,,,,,,,,,
Artrite,fraqueza_muscular,rigidez_cervical,inchaço_das_articulações,rigidez_de_movimentos,dor_ao_caminhar,,,,,,,,,,,,
Vertigem Posicional Paroxística Benigna,vómitos,dor_de_cabeça,náuseas,movimentos_de_rotação,perda_de_equilíbrio,instabilidade,,,,,,,,,,,
Acne,erupção_cutânea,borbulhas_com_pus,pontos_negros,descamação,,,,,,,,,,,,,
Infeção do Trato Urinário,micção_ardente,desconforto_na_bexiga,odor_fétido_na_urina,sensação_contínua_de_urinar,,,,,,,,,,,,,
Psoríase,erupção_cutânea,dor_nas_articulações,descamação_da_pele,aspeto_prateado_na_pele,pequenas_depressões_nas_unhas,unhas_inflamadas,,,,,,,,,,,
Impétigo,erupção_cutânea,febre_alta,bolha,ferida_vermelha_à_volta_do_nariz,crostas_amarelas_com_exsudado,,,,,,,,,,,,
Infeção Fúngica,comichão,erupção_cutânea,erupções_cutâneas_nodulares,manchas_discrómicas,,,,,,,,,,,,,
Alergia,espirros_contínuos,tremores,arrepios,lacrimejo,,,,,,,,,,,,,
DRGE,dor_de_estômago,acidez,úlceras_na_língua,vómitos,tosse,dor_no_peito,,,,,,,,,,,
Colestase Crónica,comichão,vómitos,pele_amarelada,náuseas,perda_de_apetite,dor_abdominal,amarelecimento_dos_olhos,,,,,,,,,,
Reação a Medicamentos,comichão,erupção_cutânea,dor_de_estômago,micção_ardente,perdas_urinárias,,,,,,,,,,,,
Úlcera Péptica,vómitos,indigestão,perda_de_apetite,dor_abdominal,passagem_de_gases,comichão_interna,,,,,,,,,,,
SIDA,atrofia_muscular,manchas_na_garganta,febre_alta,contactos_extraconjugais,,,,,,,,,,,,,
Diabetes,fadiga,perda_de_peso,agitação,letargia,nível_de_açúcar_irregular,visão_turva_e_distorcida,obesidade,fome_excessiva,apetite_aumentado,poliúria,,,,,,,
Gastroenterite,vómitos,olhos_encovados,desidratação,diarreia,,,,,,,,,,,,,
Asma Brônquica,fadiga,tosse,febre_alta,falta_de_ar,historial_familiar,expetoração_mucoide,,,,,,,,,,,
Hipertensão,dor_de_cabeça,dor_no_peito,tonturas,perda_de_equilíbrio,falta_de_concentração,,,,,,,,,,,,
Enxaqueca,acidez,indigestão,dor_de_cabeça,visão_turva_e_distorcida,fome_excessiva,rigidez_cervical,depressão,irritabilidade,perturbações_visuais,,,,,,,,
Espondilose Cervical,dor_nas_costas,fraqueza_nos_membros,dor_no_pescoço,tonturas,perda_de_equilíbrio,,,,,,,,,,,,
Paralisia (Hemorragia Cerebral),vómitos,dor_de_cabeça,fraqueza_num_lado_do_corpo,alteração_do_sensório,,,,,,,,,,,,,
Icterícia,comichão,vómitos,fadiga,perda_de_peso,febre_alta,pele_amarelada,urina_escura,dor_abdominal,,,,,,,,,
Malária,arrepios,vómitos,febre_alta,sudorese,dor_de_cabeça,náuseas,diarreia,dor_muscular,,,,,,,,,
Varicela,comichão,erupção_cutânea,fadiga,letargia,febre_alta,dor_de_cabeça,perda_de_apetite,febre_ligeira,gânglios_linfáticos_inchados,mal_estar,manchas_vermelhas_pelo_corpo,,,,,,
Dengue,erupção_cutânea,arrepios,dor_nas_articulações,vómitos,fadiga,febre_alta,dor_de_cabeça,náuseas,perda_de_apetite,dor_atrás_dos_olhos,dor_nas_costas,mal_estar,dor_muscular,manchas_vermelhas_pelo_corpo,,,
Febre Tifóide,arrepios,vómitos,fadiga,febre_alta,dor_de_cabeça,náuseas,obstipação,dor_abdominal,diarreia,aspeto_tóxico_(tifo),dor_na_barriga,,,,,,
Hepatite A,dor_nas_articulações,vómitos,pele_amarelada,urina_escura,náuseas,perda_de_apetite,dor_abdominal,diarreia,febre_ligeira,amarelecimento_dos_olhos,dor_muscular,,,,,,
Hepatite B,comichão,fadiga,letargia,pele_amarelada,urina_escura,perda_de_apetite,dor_abdominal,urina_amarela,amarelecimento_dos_olhos,mal_estar,receção_de_transfusão_de_sangue,receção_de_injeções_não_esterilizadas,,,,,
Hepatite C,fadiga,pele_amarelada,náuseas,perda_de_apetite,amarelecimento_dos_olhos,historial_familiar,,,,,,,,,,,
Hepatite D,dor_nas_articulações,vómitos,fadiga,pele_amarelada,urina_escura,náuseas,perda_de_apetite,dor_abdominal,amarelecimento_dos_olhos,,,,,,,,
Hepatite E,dor_nas_articulações,vómitos,fadiga,febre_alta,pele_amarelada,urina_escura,náuseas,perda_de_apetite,dor_abdominal,amarelecimento_dos_olhos,insuficiência_hepática_aguda,coma,hemorragia_gástrica,,,,
Hepatite Alcoólica,vómitos,pele_amarelada,dor_abdominal,inchaço_do_estômago,distensão_abdominal,historial_de_consumo_de_álcool,sobrecarga_de_fluidos,,,,,,,,,,
Tuberculose,arrepios,vómitos,fadiga,perda_de_peso,tosse,febre_alta,falta_de_ar,sudorese,perda_de_apetite,febre_ligeira,amarelecimento_dos_olhos,gânglios_linfáticos_inchados,mal_estar,fleuma,dor_no_peito,sangue_na_expetoração,
Constipação Comum,espirros_contínuos,arrepios,fadiga,tosse,febre_alta,dor_de_cabeça,gânglios_linfáticos_inchados,mal_estar,fleuma,irritação_da_garganta,vermelhidão_dos_olhos,pressão_sinusal,nariz_a_pingar,congestão,dor_no_peito,perda_de_olfato,dor_muscular
Pneumonia,arrepios,fadiga,tosse,febre_alta,falta_de_ar,sudorese,mal_estar,fleuma,dor_no_peito,frequência_cardíaca_elevada,expetoração_ferruginosa,,,,,,
Hemorroidas Dimórficas,obstipação,dor_durante_a_defecação,dor_na_região_anal,fezes_com_sangue,irritação_no_ânus,,,,,,,,,,,,
Ataque Cardíaco,vómitos,falta_de_ar,sudorese,dor_no_peito,,,,,,,,,,,,,
Varizes,fadiga,cãibras,equimoses,obesidade,pernas_inchadas,vasos_sanguíneos_dilatados,veias_proeminentes_na_barriga_da_perna,,,,,,,,,,
Hipotiroidismo,fadiga,aumento_de_peso,mãos_e_pés_frios,alterações_de_humor,letargia,tonturas,rosto_e_olhos_inchados,tiróide_aumentada,unhas_frágeis,extremidades_inchadas,depressão,irritabilidade,menstruação_anormal,,,,
Hipertiroidismo,fadiga,alterações_de_humor,perda_de_peso,agitação,sudorese,diarreia,frequência_cardíaca_elevada,fome_excessiva,fraqueza_muscular,irritabilidade,menstruação_anormal,,,,,,
Hipoglicemia,vómitos,fadiga,ansiedade,sudorese,dor_de_cabeça,náuseas,visão_turva_e_distorcida,fome_excessiva,lábios_secos_e_com_formigueiro,discurso_arrastado,irritabilidade,palpitações,,,,,
Osteoartrite,dor_nas_articulações,dor_no_pescoço,dor_no_joelho,dor_na_articulação_da_anca,inchaço_das_articulações,dor_ao_caminhar,,,,,,,,,,,
Artrite,fraqueza_muscular,rigidez_cervical,inchaço_das_articulações,rigidez_de_movimentos,dor_ao_caminhar,,,,,,,,,,,,
Vertigem Posicional Paroxística Benigna,vómitos,dor_de_cabeça,náuseas,movimentos_de_rotação,perda_de_equilíbrio,instabilidade,,,,,,,,,,,
Acne,erupção_cutânea,borbulhas_com_pus,pontos_negros,descamação,,,,,,,,,,,,,
Infeção do Trato Urinário,micção_ardente,desconforto_na_bexiga,odor_fétido_na_urina,sensação_contínua_de_urinar,,,,,,,,,,,,,
Psoríase,erupção_cutânea,dor_nas_articulações,descamação_da_pele,aspeto_prateado_na_pele,pequenas_depressões_nas_unhas,unhas_inflamadas,,,,,,,,,,,
Impétigo,erupção_cutânea,febre_alta,bolha,ferida_vermelha_à_volta_do_nariz,crostas_amarelas_com_exsudado,,,,,,,,,,,,
Infeção Fúngica,comichão,erupção_cutânea,erupções_cutâneas_nodulares,manchas_discrómicas,,,,,,,,,,,,,
Alergia,espirros_contínuos,tremores,arrepios,lacrimejo,,,,,,,,,,,,,
DRGE,dor_de_estômago,acidez,úlceras_na_língua,vómitos,tosse,dor_no_peito,,,,,,,,,,,
Colestase Crónica,comichão,vómitos,pele_amarelada,náuseas,perda_de_apetite,dor_abdominal,amarelecimento_dos_olhos,,,,,,,,,,
Reação a Medicamentos,comichão,erupção_cutânea,dor_de_estômago,micção_ardente,perdas_urinárias,,,,,,,,,,,,
Úlcera Péptica,vómitos,indigestão,perda_de_apetite,dor_abdominal,passagem_de_gases,comichão_interna,,,,,,,,,,,
SIDA,atrofia_muscular,manchas_na_garganta,febre_alta,contactos_extraconjugais,,,,,,,,,,,,,
Diabetes,fadiga,perda_de_peso,agitação,letargia,nível_de_açúcar_irregular,visão_turva_e_distorcida,obesidade,fome_excessiva,apetite_aumentado,poliúria,,,,,,,
Gastroenterite,vómitos,olhos_encovados,desidratação,diarreia,,,,,,,,,,,,,
Asma Brônquica,fadiga,tosse,febre_alta,falta_de_ar,historial_familiar,expetoração_mucoide,,,,,,,,,,,
Hipertensão,dor_de_cabeça,dor_no_peito,tonturas,perda_de_equilíbrio,falta_de_concentração,,,,,,,,,,,,
Enxaqueca,acidez,indigestão,dor_de_cabeça,visão_turva_e_distorcida,fome_excessiva,rigidez_cervical,depressão,irritabilidade,perturbações_visuais,,,,,,,,
Espondilose Cervical,dor_nas_costas,fraqueza_nos_membros,dor_no_pescoço,tonturas,perda_de_equilíbrio,,,,,,,,,,,,
Paralisia (Hemorragia Cerebral),vómitos,dor_de_cabeça,fraqueza_num_lado_do_corpo,alteração_do_sensório,,,,,,,,,,,,,
Icterícia,comichão,vómitos,fadiga,perda_de_peso,febre_alta,pele_amarelada,urina_escura,dor_abdominal,,,,,,,,,
Malária,arrepios,vómitos,febre_alta,sudorese,dor_de_cabeça,náuseas,diarreia,dor_muscular,,,,,,,,,
Varicela,comichão,erupção_cutânea,fadiga,letargia,febre_alta,dor_de_cabeça,perda_de_apetite,febre_ligeira,gânglios_linfáticos_inchados,mal_estar,manchas_vermelhas_pelo_corpo,,,,,,
Dengue,erupção_cutânea,arrepios,dor_nas_articulações,vómitos,fadiga,febre_alta,dor_de_cabeça,náuseas,perda_de_apetite,dor_atrás_dos_olhos,dor_nas_costas,mal_estar,dor_muscular,manchas_vermelhas_pelo_corpo,,,
Febre Tifóide,arrepios,vómitos,fadiga,febre_alta,dor_de_cabeça,náuseas,obstipação,dor_abdominal,diarreia,aspeto_tóxico_(tifo),dor_na_barriga,,,,,,
Hepatite A,dor_nas_articulações,vómitos,pele_amarelada,urina_escura,náuseas,perda_de_apetite,dor_abdominal,diarreia,febre_ligeira,amarelecimento_dos_olhos,dor_muscular,,,,,,
Hepatite B,comichão,fadiga,letargia,pele_amarelada,urina_escura,perda_de_apetite,dor_abdominal,urina_amarela,amarelecimento_dos_olhos,mal_estar,receção_de_transfusão_de_sangue,receção_de_injeções_não_esterilizadas,,,,,
Hepatite C,fadiga,pele_amarelada,náuseas,perda_de_apetite,amarelecimento_dos_olhos,historial_familiar,,,,,,,,,,,
Hepatite D,dor_nas_articulações,vómitos,fadiga,pele_amarelada,urina_escura,náuseas,perda_de_apetite,dor_abdominal,amarelecimento_dos_olhos,,,,,,,,
Hepatite E,dor_nas_articulações,vómitos,fadiga,febre_alta,pele_amarelada,urina_escura,náuseas,perda_de_apetite,dor_abdominal,amarelecimento_dos_olhos,insuficiência_hepática_aguda,coma,hemorragia_gástrica,,,,
Hepatite Alcoólica,vómitos,pele_amarelada,dor_abdominal,inchaço_do_estômago,distensão_abdominal,historial_de_consumo_de_álcool,sobrecarga_de_fluidos,,,,,,,,,,
Tuberculose,arrepios,vómitos,fadiga,perda_de_peso,tosse,febre_alta,falta_de_ar,sudorese,perda_de_apetite,febre_ligeira,amarelecimento_dos_olhos,gânglios_linfáticos_inchados,mal_estar,fleuma,dor_no_peito,sangue_na_expetoração,
Constipação Comum,espirros_contínuos,arrepios,fadiga,tosse,febre_alta,dor_de_cabeça,gânglios_linfáticos_inchados,mal_estar,fleuma,irritação_da_garganta,vermelhidão_dos_olhos,pressão_sinusal,nariz_a_pingar,congestão,dor_no_peito,perda_de_olfato,dor_muscular
Pneumonia,arrepios,fadiga,tosse,febre_alta,falta_de_ar,sudorese,mal_estar,fleuma,dor_no_peito,frequência_cardíaca_elevada,expetoração_ferruginosa,,,,,,
Hemorroidas Dimórficas,obstipação,dor_durante_a_defecação,dor_na_região_anal,fezes_com_sangue,irritação_no_ânus,,,,,,,,,,,,
Ataque Cardíaco,vómitos,falta_de_ar,sudorese,dor_no_peito,,,,,,,,,,,,,
Varizes,fadiga,cãibras,equimoses,obesidade,pernas_inchadas,vasos_sanguíneos_dilatados,veias_proeminentes_na_barriga_da_perna,,,,,,,,,,
Hipotiroidismo,fadiga,aumento_de_peso,mãos_e_pés_frios,alterações_de_humor,letargia,tonturas,rosto_e_olhos_inchados,tiróide_aumentada,unhas_frágeis,extremidades_inchadas,depressão,irritabilidade,menstruação_anormal,,,,
Hipertiroidismo,fadiga,alterações_de_humor,perda_de_peso,agitação,sudorese,diarreia,frequência_cardíaca_elevada,fome_excessiva,fraqueza_muscular,irritabilidade,menstruação_anormal,,,,,,
Hipoglicemia,vómitos,fadiga,ansiedade,sudorese,dor_de_cabeça,náuseas,visão_turva_e_distorcida,fome_excessiva,lábios_secos_e_com_formigueiro,discurso_arrastado,irritabilidade,palpitações,,,,,
Osteoartrite,dor_nas_articulações,dor_no_pescoço,dor_no_joelho,dor_na_articulação_da_anca,inchaço_das_articulações,dor_ao_caminhar,,,,,,,,,,,
Artrite,fraqueza_muscular,rigidez_cervical,inchaço_das_articulações,rigidez_de_movimentos,dor_ao_caminhar,,,,,,,,,,,,
Vertigem Posicional Paroxística Benigna,vómitos,dor_de_cabeça,náuseas,movimentos_de_rotação,perda_de_equilíbrio,instabilidade,,,,,,,,,,,
Acne,erupção_cutânea,borbulhas_com_pus,pontos_negros,descamação,,,,,,,,,,,,,
Infeção do Trato Urinário,micção_ardente,desconforto_na_bexiga,odor_fétido_na_urina,sensação_contínua_de_urinar,,,,,,,,,,,,,
Psoríase,erupção_cutânea,dor_nas_articulações,descamação_da_pele,aspeto_prateado_na_pele,pequenas_depressões_nas_unhas,unhas_inflamadas,,,,,,,,,,,
Impétigo,erupção_cutânea,febre_alta,bolha,ferida_vermelha_à_volta_do_nariz,crostas_amarelas_com_exsudado,,,,,,,,,,,,
Infeção Fúngica,comichão,erupção_cutânea,erupções_cutâneas_nodulares,manchas_discrómicas,,,,,,,,,,,,,
Alergia,espirros_contínuos,tremores,arrepios,lacrimejo,,,,,,,,,,,,,
DRGE,dor_de_estômago,acidez,úlceras_na_língua,vómitos,tosse,dor_no_peito,,,,,,,,,,,
Colestase Crónica,comichão,vómitos,pele_amarelada,náuseas,perda_de_apetite,dor_abdominal,amarelecimento_dos_olhos,,,,,,,,,,
Reação a Medicamentos,comichão,erupção_cutânea,dor_de_estômago,micção_ardente,perdas_urinárias,,,,,,,,,,,,
Úlcera Péptica,vómitos,indigestão,perda_de_apetite,dor_abdominal,passagem_de_gases,comichão_interna,,,,,,,,,,,
SIDA,atrofia_muscular,manchas_na_garganta,febre_alta,contactos_extraconjugais,,,,,,,,,,,,,
Diabetes,fadiga,perda_de_peso,agitação,letargia,nível_de_açúcar_irregular,visão_turva_e_distorcida,obesidade,fome_excessiva,apetite_aumentado,poliúria,,,,,,,
Gastroenterite,vómitos,olhos_encovados,desidratação,diarreia,,,,,,,,,,,,,
Asma Brônquica,fadiga,tosse,febre_alta,falta_de_ar,historial_familiar,expetoração_mucoide,,,,,,,,,,,
Hipertensão,dor_de_cabeça,dor_no_peito,tonturas,perda_de_equilíbrio,falta_de_concentração,,,,,,,,,,,,
Enxaqueca,acidez,indigestão,dor_de_cabeça,visão_turva_e_distorcida,fome_excessiva,rigidez_cervical,depressão,irritabilidade,perturbações_visuais,,,,,,,,
Espondilose Cervical,dor_nas_costas,fraqueza_nos_membros,dor_no_pescoço,tonturas,perda_de_equilíbrio,,,,,,,,,,,,
Paralisia (Hemorragia Cerebral),vómitos,dor_de_cabeça,fraqueza_num_lado_do_corpo,alteração_do_sensório,,,,,,,,,,,,,
Icterícia,comichão,vómitos,fadiga,perda_de_peso,febre_alta,pele_amarelada,urina_escura,dor_abdominal,,,,,,,,,
Malária,arrepios,vómitos,febre_alta,sudorese,dor_de_cabeça,náuseas,diarreia,dor_muscular,,,,,,,,,
Varicela,comichão,erupção_cutânea,fadiga,letargia,febre_alta,dor_de_cabeça,perda_de_apetite,febre_ligeira,gânglios_linfáticos_inchados,mal_estar,manchas_vermelhas_pelo_corpo,,,,,,
Dengue,erupção_cutânea,arrepios,dor_nas_articulações,vómitos,fadiga,febre_alta,dor_de_cabeça,náuseas,perda_de_apetite,dor_atrás_dos_olhos,dor_nas_costas,mal_estar,dor_muscular,manchas_vermelhas_pelo_corpo,,,
Febre Tifóide,arrepios,vómitos,fadiga,febre_alta,dor_de_cabeça,náuseas,obstipação,dor_abdominal,diarreia,aspeto_tóxico_(tifo),dor_na_barriga,,,,,,
Hepatite A,dor_nas_articulações,vómitos,pele_amarelada,urina_escura,náuseas,perda_de_apetite,dor_abdominal,diarreia,febre_ligeira,amarelecimento_dos_olhos,dor_muscular,,,,,,
Hepatite B,comichão,fadiga,letargia,pele_amarelada,urina_escura,perda_de_apetite,dor_abdominal,urina_amarela,amarelecimento_dos_olhos,mal_estar,receção_de_transfusão_de_sangue,receção_de_injeções_não_esterilizadas,,,,,
Hepatite C,fadiga,pele_amarelada,náuseas,perda_de_apetite,amarelecimento_dos_olhos,historial_familiar,,,,,,,,,,,
Hepatite D,dor_nas_articulações,vómitos,fadiga,pele_amarelada,urina_escura,náuseas,perda_de_apetite,dor_abdominal,amarelecimento_dos_olhos,,,,,,,,
Hepatite E,dor_nas_articulações,vómitos,fadiga,febre_alta,pele_amarelada,urina_escura,náuseas,perda_de_apetite,dor_abdominal,amarelecimento_dos_olhos,insuficiência_hepática_aguda,coma,hemorragia_gástrica,,,,
Hepatite Alcoólica,vómitos,pele_amarelada,dor_abdominal,inchaço_do_estômago,distensão_abdominal,historial_de_consumo_de_álcool,sobrecarga_de_fluidos,,,,,,,,,,
Tuberculose,arrepios,vómitos,fadiga,perda_de_peso,tosse,febre_alta,falta_de_ar,sudorese,perda_de_apetite,febre_ligeira,amarelecimento_dos_olhos,gânglios_linfáticos_inchados,mal_estar,fleuma,dor_no_peito,sangue_na_expetoração,
Constipação Comum,espirros_contínuos,arrepios,fadiga,tosse,febre_alta,dor_de_cabeça,gânglios_linfáticos_inchados,mal_estar,fleuma,irritação_da_garganta,vermelhidão_dos_olhos,pressão_sinusal,nariz_a_pingar,congestão,dor_no_peito,perda_de_olfato,dor_muscular
Pneumonia,arrepios,fadiga,tosse,febre_alta,falta_de_ar,sudorese,mal_estar,fleuma,dor_no_peito,frequência_cardíaca_elevada,expetoração_ferruginosa,,,,,,
Hemorroidas Dimórficas,obstipação,dor_durante_a_defecação,dor_na_região_anal,fezes_com_sangue,irritação_no_ânus,,,,,,,,,,,,
Ataque Cardíaco,vómitos,falta_de_ar,sudorese,dor_no_peito,,,,,,,,,,,,,
Varizes,fadiga,cãibras,equimoses,obesidade,pernas_inchadas,vasos_sanguíneos_dilatados,veias_proeminentes_na_barriga_da_perna,,,,,,,,,,
Hipotiroidismo,fadiga,aumento_de_peso,mãos_e_pés_frios,alterações_de_humor,letargia,tonturas,rosto_e_olhos_inchados,tiróide_aumentada,unhas_frágeis,extremidades_inchadas,depressão,irritabilidade,menstruação_anormal,,,,
Hipertiroidismo,fadiga,alterações_de_humor,perda_de_peso,agitação,sudorese,diarreia,frequência_cardíaca_elevada,fome_excessiva,fraqueza_muscular,irritabilidade,menstruação_anormal,,,,,,
Hipoglicemia,vómitos,fadiga,ansiedade,sudorese,dor_de_cabeça,náuseas,visão_turva_e_distorcida,fome_excessiva,lábios_secos_e_com_formigueiro,discurso_arrastado,irritabilidade,palpitações,,,,,
Osteoartrite,dor_nas_articulações,dor_no_pescoço,dor_no_joelho,dor_na_articulação_da_anca,inchaço_das_articulações,dor_ao_caminhar,,,,,,,,,,,
Artrite,fraqueza_muscular,rigidez_cervical,inchaço_das_articulações,rigidez_de_movimentos,dor_ao_caminhar,,,,,,,,,,,,
Vertigem Posicional Paroxística Benigna,vómitos,dor_de_cabeça,náuseas,movimentos_de_rotação,perda_de_equilíbrio,instabilidade,,,,,,,,,,,
Acne,erupção_cutânea,borbulhas_com_pus,pontos_negros,descamação,,,,,,,,,,,,,
Infeção do Trato Urinário,micção_ardente,desconforto_na_bexiga,odor_fétido_na_urina,sensação_contínua_de_urinar,,,,,,,,,,,,,
Psoríase,erupção_cutânea,dor_nas_articulações,descamação_da_pele,aspeto_prateado_na_pele,pequenas_depressões_nas_unhas,unhas_inflamadas,,,,,,,,,,,
Impétigo,erupção_cutânea,febre_alta,bolha,ferida_vermelha_à_volta_do_nariz,crostas_amarelas_com_exsudado,,,,,,,,,,,,
Infeção Fúngica,comichão,erupção_cutânea,erupções_cutâneas_nodulares,manchas_discrómicas,,,,,,,,,,,,,
Alergia,espirros_contínuos,tremores,arrepios,lacrimejo,,,,,,,,,,,,,
DRGE,dor_de_estômago,acidez,úlceras_na_língua,vómitos,tosse,dor_no_peito,,,,,,,,,,,
Colestase Crónica,comichão,vómitos,pele_amarelada,náuseas,perda_de_apetite,dor_abdominal,amarelecimento_dos_olhos,,,,,,,,,,
Reação a Medicamentos,comichão,erupção_cutânea,dor_de_estômago,micção_ardente,perdas_urinárias,,,,,,,,,,,,
Úlcera Péptica,vómitos,indigestão,perda_de_apetite,dor_abdominal,passagem_de_gases,comichão_interna,,,,,,,,,,,
SIDA,atrofia_muscular,manchas_na_garganta,febre_alta,contactos_extraconjugais,,,,,,,,,,,,,
Diabetes,fadiga,perda_de_peso,agitação,letargia,nível_de_açúcar_irregular,visão_turva_e_distorcida,obesidade,fome_excessiva,apetite_aumentado,poliúria,,,,,,,
Gastroenterite,vómitos,olhos_encovados,desidratação,diarreia,,,,,,,,,,,,,
Asma Brônquica,fadiga,tosse,febre_alta,falta_de_ar,historial_familiar,expetoração_mucoide,,,,,,,,,,,
Hipertensão,dor_de_cabeça,dor_no_peito,tonturas,perda_de_equilíbrio,falta_de_concentração,,,,,,,,,,,,
Enxaqueca,acidez,indigestão,dor_de_cabeça,visão_turva_e_distorcida,fome_excessiva,rigidez_cervical,depressão,irritabilidade,perturbações_visuais,,,,,,,,
Espondilose Cervical,dor_nas_costas,fraqueza_nos_membros,dor_no_pescoço,tonturas,perda_de_equilíbrio,,,,,,,,,,,,
Paralisia (Hemorragia Cerebral),vómitos,dor_de_cabeça,fraqueza_num_lado_do_corpo,alteração_do_sensório,,,,,,,,,,,,,
Icterícia,comichão,vómitos,fadiga,perda_de_peso,febre_alta,pele_amarelada,urina_escura,dor_abdominal,,,,,,,,,
Malária,arrepios,vómitos,febre_alta,sudorese,dor_de_cabeça,náuseas,diarreia,dor_muscular,,,,,,,,,
Varicela,comichão,erupção_cutânea,fadiga,letargia,febre_alta,dor_de_cabeça,perda_de_apetite,febre_ligeira,gânglios_linfáticos_inchados,mal_estar,manchas_vermelhas_pelo_corpo,,,,,,
Dengue,erupção_cutânea,arrepios,dor_nas_articulações,vómitos,fadiga,febre_alta,dor_de_cabeça,náuseas,perda_de_apetite,dor_atrás_dos_olhos,dor_nas_costas,mal_estar,dor_muscular,manchas_vermelhas_pelo_corpo,,,
Febre Tifóide,arrepios,vómitos,fadiga,febre_alta,dor_de_cabeça,náuseas,obstipação,dor_abdominal,diarreia,aspeto_tóxico_(tifo),dor_na_barriga,,,,,,
Hepatite A,dor_nas_articulações,vómitos,pele_amarelada,urina_escura,náuseas,perda_de_apetite,dor_abdominal,diarreia,febre_ligeira,amarelecimento_dos_olhos,dor_muscular,,,,,,
Hepatite B,comichão,fadiga,letargia,pele_amarelada,urina_escura,perda_de_apetite,dor_abdominal,urina_amarela,amarelecimento_dos_olhos,mal_estar,receção_de_transfusão_de_sangue,receção_de_injeções_não_esterilizadas,,,,,
Hepatite C,fadiga,pele_amarelada,náuseas,perda_de_apetite,amarelecimento_dos_olhos,historial_familiar,,,,,,,,,,,
Hepatite D,dor_nas_articulações,vómitos,fadiga,pele_amarelada,urina_escura,náuseas,perda_de_apetite,dor_abdominal,amarelecimento_dos_olhos,,,,,,,,
Hepatite E,dor_nas_articulações,vómitos,fadiga,febre_alta,pele_amarelada,urina_escura,náuseas,perda_de_apetite,dor_abdominal,amarelecimento_dos_olhos,insuficiência_hepática_aguda,coma,hemorragia_gástrica,,,,
Hepatite Alcoólica,vómitos,pele_amarelada,dor_abdominal,inchaço_do_estômago,distensão_abdominal,historial_de_consumo_de_álcool,sobrecarga_de_fluidos,,,,,,,,,,
Tuberculose,arrepios,vómitos,fadiga,perda_de_peso,tosse,febre_alta,falta_de_ar,sudorese,perda_de_apetite,febre_ligeira,amarelecimento_dos_olhos,gânglios_linfáticos_inchados,mal_estar,fleuma,dor_no_peito,sangue_na_expetoração,
Constipação Comum,espirros_contínuos,arrepios,fadiga,tosse,febre_alta,dor_de_cabeça,gânglios_linfáticos_inchados,mal_estar,fleuma,irritação_da_garganta,vermelhidão_dos_olhos,pressão_sinusal,nariz_a_pingar,congestão,dor_no_peito,perda_de_olfato,dor_muscular
Pneumonia,arrepios,fadiga,tosse,febre_alta,falta_de_ar,sudorese,mal_estar,fleuma,dor_no_peito,frequência_cardíaca_elevada,expetoração_ferruginosa,,,,,,
Hemorroidas Dimórficas,obstipação,dor_durante_a_defecação,dor_na_região_anal,fezes_com_sangue,irritação_no_ânus,,,,,,,,,,,,
Ataque Cardíaco,vómitos,falta_de_ar,sudorese,dor_no_peito,,,,,,,,,,,,,
Varizes,fadiga,cãibras,equimoses,obesidade,pernas_inchadas,vasos_sanguíneos_dilatados,veias_proeminentes_na_barriga_da_perna,,,,,,,,,,
Hipotiroidismo,fadiga,aumento_de_peso,mãos_e_pés_frios,alterações_de_humor,letargia,tonturas,rosto_e_olhos_inchados,tiróide_aumentada,unhas_frágeis,extremidades_inchadas,depressão,irritabilidade,menstruação_anormal,,,,
Hipertiroidismo,fadiga,alterações_de_humor,perda_de_peso,agitação,sudorese,diarreia,frequência_cardíaca_elevada,fome_excessiva,fraqueza_muscular,irritabilidade,menstruação_anormal,,,,,,
Hipoglicemia,vómitos,fadiga,ansiedade,sudorese,dor_de_cabeça,náuseas,visão_turva_e_distorcida,fome_excessiva,lábios_secos_e_com_formigueiro,discurso_arrastado,irritabilidade,palpitações,,,,,
Osteoartrite,dor_nas_articulações,dor_no_pescoço,dor_no_joelho,dor_na_articulação_da_anca,inchaço_das_articulações,dor_ao_caminhar,,,,,,,,,,,
Artrite,fraqueza_muscular,rigidez_cervical,inchaço_das_articulações,rigidez_de_movimentos,dor_ao_caminhar,,,,,,,,,,,,
Vertigem Posicional Paroxística Benigna,vómitos,dor_de_cabeça,náuseas,movimentos_de_rotação,perda_de_equilíbrio,instabilidade,,,,,,,,,,,
Acne,erupção_cutânea,borbulhas_com_pus,pontos_negros,descamação,,,,,,,,,,,,,
Infeção do Trato Urinário,micção_ardente,desconforto_na_bexiga,odor_fétido_na_urina,sensação_contínua_de_urinar,,,,,,,,,,,,,
Psoríase,erupção_cutânea,dor_nas_articulações,descamação_da_pele,aspeto_prateado_na_pele,pequenas_depressões_nas_unhas,unhas_inflamadas,,,,,,,,,,,
Impétigo,erupção_cutânea,febre_alta,bolha,ferida_vermelha_à_volta_do_nariz,crostas_amarelas_com_exsudado,,,,,,,,,,,,
Infeção Fúngica,comichão,erupção_cutânea,erupções_cutâneas_nodulares,manchas_discrómicas,,,,,,,,,,,,,
Alergia,espirros_contínuos,tremores,arrepios,lacrimejo,,,,,,,,,,,,,
DRGE,dor_de_estômago,acidez,úlceras_na_língua,vómitos,tosse,dor_no_peito,,,,,,,,,,,
Colestase Crónica,comichão,vómitos,pele_amarelada,náuseas,perda_de_apetite,dor_abdominal,amarelecimento_dos_olhos,,,,,,,,,,
Reação a Medicamentos,comichão,erupção_cutânea,dor_de_estômago,micção_ardente,perdas_urinárias,,,,,,,,,,,,
Úlcera Péptica,vómitos,indigestão,perda_de_apetite,dor_abdominal,passagem_de_gases,comichão_interna,,,,,,,,,,,
SIDA,atrofia_muscular,manchas_na_garganta,febre_alta,contactos_extraconjugais,,,,,,,,,,,,,
Diabetes,fadiga,perda_de_peso,agitação,letargia,nível_de_açúcar_irregular,visão_turva_e_distorcida,obesidade,fome_excessiva,apetite_aumentado,poliúria,,,,,,,
Gastroenterite,vómitos,olhos_encovados,desidratação,diarreia,,,,,,,,,,,,,
Asma Brônquica,fadiga,tosse,febre_alta,falta_de_ar,historial_familiar,expetoração_mucoide,,,,,,,,,,,
Hipertensão,dor_de_cabeça,dor_no_peito,tonturas,perda_de_equilíbrio,falta_de_concentração,,,,,,,,,,,,
Enxaqueca,acidez,indigestão,dor_de_cabeça,visão_turva_e_distorcida,fome_excessiva,rigidez_cervical,depressão,irritabilidade,perturbações_visuais,,,,,,,,
Espondilose Cervical,dor_nas_costas,fraqueza_nos_membros,dor_no_pescoço,tonturas,perda_de_equilíbrio,,,,,,,,,,,,
Paralisia (Hemorragia Cerebral),vómitos,dor_de_cabeça,fraqueza_num_lado_do_corpo,alteração_do_sensório,,,,,,,,,,,,,
Icterícia,comichão,vómitos,fadiga,perda_de_peso,febre_alta,pele_amarelada,urina_escura,dor_abdominal,,,,,,,,,
Malária,arrepios,vómitos,febre_alta,sudorese,dor_de_cabeça,náuseas,diarreia,dor_muscular,,,,,,,,,
Varicela,comichão,erupção_cutânea,fadiga,letargia,febre_alta,dor_de_cabeça,perda_de_apetite,febre_ligeira,gânglios_linfáticos_inchados,mal_estar,manchas_vermelhas_pelo_corpo,,,,,,
Dengue,erupção_cutânea,arrepios,dor_nas_articulações,vómitos,fadiga,febre_alta,dor_de_cabeça,náuseas,perda_de_apetite,dor_atrás_dos_olhos,dor_nas_costas,mal_estar,dor_muscular,manchas_vermelhas_pelo_corpo,,,
Febre Tifóide,arrepios,vómitos,fadiga,febre_alta,dor_de_cabeça,náuseas,obstipação,dor_abdominal,diarreia,aspeto_tóxico_(tifo),dor_na_barriga,,,,,,
Hepatite A,dor_nas_articulações,vómitos,pele_amarelada,urina_escura,náuseas,perda_de_apetite,dor_abdominal,diarreia,febre_ligeira,amarelecimento_dos_olhos,dor_muscular,,,,,,
Hepatite B,comichão,fadiga,letargia,pele_amarelada,urina_escura,perda_de_apetite,dor_abdominal,urina_amarela,amarelecimento_dos_olhos,mal_estar,receção_de_transfusão_de_sangue,receção_de_injeções_não_esterilizadas,,,,,
Hepatite C,fadiga,pele_amarelada,náuseas,perda_de_apetite,amarelecimento_dos_olhos,historial_familiar,,,,,,,,,,,
Hepatite D,dor_nas_articulações,vómitos,fadiga,pele_amarelada,urina_escura,náuseas,perda_de_apetite,dor_abdominal,amarelecimento_dos_olhos,,,,,,,,
Hepatite E,dor_nas_articulações,vómitos,fadiga,febre_alta,pele_amarelada,urina_escura,náuseas,perda_de_apetite,dor_abdominal,amarelecimento_dos_olhos,insuficiência_hepática_aguda,coma,hemorragia_gástrica,,,,
Hepatite Alcoólica,vómitos,pele_amarelada,dor_abdominal,inchaço_do_estômago,distensão_abdominal,historial_de_consumo_de_álcool,sobrecarga_de_fluidos,,,,,,,,,,
Tuberculose,arrepios,vómitos,fadiga,perda_de_peso,tosse,febre_alta,falta_de_ar,sudorese,perda_de_apetite,febre_ligeira,amarelecimento_dos_olhos,gânglios_linfáticos_inchados,mal_estar,fleuma,dor_no_peito,sangue_na_expetoração,
Constipação Comum,espirros_contínuos,arrepios,fadiga,tosse,febre_alta,dor_de_cabeça,gânglios_linfáticos_inchados,mal_estar,fleuma,irritação_da_garganta,vermelhidão_dos_olhos,pressão_sinusal,nariz_a_pingar,congestão,dor_no_peito,perda_de_olfato,dor_muscular
Pneumonia,arrepios,fadiga,tosse,febre_alta,falta_de_ar,sudorese,mal_estar,fleuma,dor_no_peito,frequência_cardíaca_elevada,expetoração_ferruginosa,,,,,,
Hemorroidas Dimórficas,obstipação,dor_durante_a_defecação,dor_na_região_anal,fezes_com_sangue,irritação_no_ânus,,,,,,,,,,,,
Ataque Cardíaco,vómitos,falta_de_ar,sudorese,dor_no_peito,,,,,,,,,,,,,
Varizes,fadiga,cãibras,equimoses,obesidade,pernas_inchadas,vasos_sanguíneos_dilatados,veias_proeminentes_na_barriga_da_perna,,,,,,,,,,
Hipotiroidismo,fadiga,aumento_de_peso,mãos_e_pés_frios,alterações_de_humor,letargia,tonturas,rosto_e_olhos_inchados,tiróide_aumentada,unhas_frágeis,extremidades_inchadas,depressão,irritabilidade,menstruação_anormal,,,,
Hipertiroidismo,fadiga,alterações_de_humor,perda_de_peso,agitação,sudorese,diarreia,frequência_cardíaca_elevada,fome_excessiva,fraqueza_muscular,irritabilidade,menstruação_anormal,,,,,,
Hipoglicemia,vómitos,fadiga,ansiedade,sudorese,dor_de_cabeça,náuseas,visão_turva_e_distorcida,fome_excessiva,lábios_secos_e_com_formigueiro,discurso_arrastado,irritabilidade,palpitações,,,,,
Osteoartrite,dor_nas_articulações,dor_no_pescoço,dor_no_joelho,dor_na_articulação_da_anca,inchaço_das_articulações,dor_ao_caminhar,,,,,,,,,,,
Artrite,fraqueza_muscular,rigidez_cervical,inchaço_das_articulações,rigidez_de_movimentos,dor_ao_caminhar,,,,,,,,,,,,
Vertigem Posicional Paroxística Benigna,vómitos,dor_de_cabeça,náuseas,movimentos_de_rotação,perda_de_equilíbrio,instabilidade,,,,,,,,,,,
Acne,erupção_cutânea,borbulhas_com_pus,pontos_negros,descamação,,,,,,,,,,,,,
Infeção do Trato Urinário,micção_ardente,desconforto_na_bexiga,odor_fétido_na_urina,sensação_contínua_de_urinar,,,,,,,,,,,,,
Psoríase,erupção_cutânea,dor_nas_articulações,descamação_da_pele,aspeto_prateado_na_pele,pequenas_depressões_nas_unhas,unhas_inflamadas,,,,,,,,,,,
Impétigo,erupção_cutânea,febre_alta,bolha,ferida_vermelha_à_volta_do_nariz,crostas_amarelas_com_exsudado,,,,,,,,,,,,
Infeção Fúngica,comichão,erupção_cutânea,erupções_cutâneas_nodulares,manchas_discrómicas,,,,,,,,,,,,,
Alergia,espirros_contínuos,tremores,arrepios,lacrimejo,,,,,,,,,,,,,
DRGE,dor_de_estômago,acidez,úlceras_na_língua,vómitos,tosse,dor_no_peito,,,,,,,,,,,
Colestase Crónica,comichão,vómitos,pele_amarelada,náuseas,perda_de_apetite,dor_abdominal,amarelecimento_dos_olhos,,,,,,,,,,
Reação a Medicamentos,comichão,erupção_cutânea,dor_de_estômago,micção_ardente,perdas_urinárias,,,,,,,,,,,,
Úlcera Péptica,vómitos,indigestão,perda_de_apetite,dor_abdominal,passagem_de_gases,comichão_interna,,,,,,,,,,,
SIDA,atrofia_muscular,manchas_na_garganta,febre_alta,contactos_extraconjugais,,,,,,,,,,,,,
Diabetes,fadiga,perda_de_peso,agitação,letargia,nível_de_açúcar_irregular,visão_turva_e_distorcida,obesidade,fome_excessiva,apetite_aumentado,poliúria,,,,,,,
Gastroenterite,vómitos,olhos_encovados,desidratação,diarreia,,,,,,,,,,,,,
Asma Brônquica,fadiga,tosse,febre_alta,falta_de_ar,historial_familiar,expetoração_mucoide,,,,,,,,,,,
Hipertensão,dor_de_cabeça,dor_no_peito,tonturas,perda_de_equilíbrio,falta_de_concentração,,,,,,,,,,,,
Enxaqueca,acidez,indigestão,dor_de_cabeça,visão_turva_e_distorcida,fome_excessiva,rigidez_cervical,depressão,irritabilidade,perturbações_visuais,,,,,,,,
Espondilose Cervical,dor_nas_costas,fraqueza_nos_membros,dor_no_pescoço,tonturas,perda_de_equilíbrio,,,,,,,,,,,,
Paralisia (Hemorragia Cerebral),vómitos,dor_de_cabeça,fraqueza_num_lado_do_corpo,alteração_do_sensório,,,,,,,,,,,,,
Icterícia,comichão,vómitos,fadiga,perda_de_peso,febre_alta,pele_amarelada,urina_escura,dor_abdominal,,,,,,,,,
Malária,arrepios,vómitos,febre_alta,sudorese,dor_de_cabeça,náuseas,diarreia,dor_muscular,,,,,,,,,
Varicela,comichão,erupção_cutânea,fadiga,letargia,febre_alta,dor_de_cabeça,perda_de_apetite,febre_ligeira,gânglios_linfáticos_inchados,mal_estar,manchas_vermelhas_pelo_corpo,,,,,,
Dengue,erupção_cutânea,arrepios,dor_nas_articulações,vómitos,fadiga,febre_alta,dor_de_cabeça,náuseas,perda_de_apetite,dor_atrás_dos_olhos,dor_nas_costas,mal_estar,dor_muscular,manchas_vermelhas_pelo_corpo,,,
Febre Tifóide,arrepios,vómitos,fadiga,febre_alta,dor_de_cabeça,náuseas,obstipação,dor_abdominal,diarreia,aspeto_tóxico_(tifo),dor_na_barriga,,,,,,
Hepatite A,dor_nas_articulações,vómitos,pele_amarelada,urina_escura,náuseas,perda_de_apetite,dor_abdominal,diarreia,febre_ligeira,amarelecimento_dos_olhos,dor_muscular,,,,,,
Hepatite B,comichão,fadiga,letargia,pele_amarelada,urina_escura,perda_de_apetite,dor_abdominal,urina_amarela,amarelecimento_dos_olhos,mal_estar,receção_de_transfusão_de_sangue,receção_de_injeções_não_esterilizadas,,,,,
Hepatite C,fadiga,pele_amarelada,náuseas,perda_de_apetite,amarelecimento_dos_olhos,historial_familiar,,,,,,,,,,,
Hepatite D,dor_nas_articulações,vómitos,fadiga,pele_amarelada,urina_escura,náuseas,perda_de_apetite,dor_abdominal,amarelecimento_dos_olhos,,,,,,,,
Hepatite E,dor_nas_articulações,vómitos,fadiga,febre_alta,pele_amarelada,urina_escura,náuseas,perda_de_apetite,dor_abdominal,amarelecimento_dos_olhos,insuficiência_hepática_aguda,coma,hemorragia_gástrica,,,,
Hepatite Alcoólica,vómitos,pele_amarelada,dor_abdominal,inchaço_do_estômago,distensão_abdominal,historial_de_consumo_de_álcool,sobrecarga_de_fluidos,,,,,,,,,,
Tuberculose,arrepios,vómitos,fadiga,perda_de_peso,tosse,febre_alta,falta_de_ar,sudorese,perda_de_apetite,febre_ligeira,amarelecimento_dos_olhos,gânglios_linfáticos_inchados,mal_estar,fleuma,dor_no_peito,sangue_na_expetoração,
Constipação Comum,espirros_contínuos,arrepios,fadiga,tosse,febre_alta,dor_de_cabeça,gânglios_linfáticos_inchados,mal_estar,fleuma,irritação_da_garganta,vermelhidão_dos_olhos,pressão_sinusal,nariz_a_pingar,congestão,dor_no_peito,perda_de_olfato,dor_muscular
Pneumonia,arrepios,fadiga,tosse,febre_alta,falta_de_ar,sudorese,mal_estar,fleuma,dor_no_peito,frequência_cardíaca_elevada,expetoração_ferruginosa,,,,,,
Hemorroidas Dimórficas,obstipação,dor_durante_a_defecação,dor_na_região_anal,fezes_com_sangue,irritação_no_ânus,,,,,,,,,,,,
Ataque Cardíaco,vómitos,falta_de_ar,sudorese,dor_no_peito,,,,,,,,,,,,,
Varizes,fadiga,cãibras,equimoses,obesidade,pernas_inchadas,vasos_sanguíneos_dilatados,veias_proeminentes_na_barriga_da_perna,,,,,,,,,,
Hipotiroidismo,fadiga,aumento_de_peso,mãos_e_pés_frios,alterações_de_humor,letargia,tonturas,rosto_e_olhos_inchados,tiróide_aumentada,unhas_frágeis,extremidades_inchadas,depressão,irritabilidade,menstruação_anormal,,,,
Hipertiroidismo,fadiga,alterações_de_humor,perda_de_peso,agitação,sudorese,diarreia,frequência_cardíaca_elevada,fome_excessiva,fraqueza_muscular,irritabilidade,menstruação_anormal,,,,,,
Hipoglicemia,vómitos,fadiga,ansiedade,sudorese,dor_de_cabeça,náuseas,visão_turva_e_distorcida,fome_excessiva,lábios_secos_e_com_formigueiro,discurso_arrastado,irritabilidade,palpitações,,,,,
Osteoartrite,dor_nas_articulações,dor_no_pescoço,dor_no_joelho,dor_na_articulação_da_anca,inchaço_das_articulações,dor_ao_caminhar,,,,,,,,,,,
Artrite,fraqueza_muscular,rigidez_cervical,inchaço_das_articulações,rigidez_de_movimentos,dor_ao_caminhar,,,,,,,,,,,,
Vertigem Posicional Paroxística Benigna,vómitos,dor_de_cabeça,náuseas,movimentos_de_rotação,perda_de_equilíbrio,instabilidade,,,,,,,,,,,
Acne,erupção_cutânea,borbulhas_com_pus,pontos_negros,descamação,,,,,,,,,,,,,
Infeção do Trato Urinário,micção_ardente,desconforto_na_bexiga,odor_fétido_na_urina,sensação_contínua_de_urinar,,,,,,,,,,,,,
Psoríase,erupção_cutânea,dor_nas_articulações,descamação_da_pele,aspeto_prateado_na_pele,pequenas_depressões_nas_unhas,unhas_inflamadas,,,,,,,,,,,
Impétigo,erupção_cutânea,febre_alta,bolha,ferida_vermelha_à_volta_do_nariz,crostas_amarelas_com_exsudado,,,,,,,,,,,,
Infeção Fúngica,comichão,erupção_cutânea,erupções_cutâneas_nodulares,manchas_discrómicas,,,,,,,,,,,,,
Alergia,espirros_contínuos,tremores,arrepios,lacrimejo,,,,,,,,,,,,,
DRGE,dor_de_estômago,acidez,úlceras_na_língua,vómitos,tosse,dor_no_peito,,,,,,,,,,,
Colestase Crónica,comichão,vómitos,pele_amarelada,náuseas,perda_de_apetite,dor_abdominal,amarelecimento_dos_olhos,,,,,,,,,,
Reação a Medicamentos,comichão,erupção_cutânea,dor_de_estômago,micção_ardente,perdas_urinárias,,,,,,,,,,,,
Úlcera Péptica,vómitos,indigestão,perda_de_apetite,dor_abdominal,passagem_de_gases,comichão_interna,,,,,,,,,,,
SIDA,atrofia_muscular,manchas_na_garganta,febre_alta,contactos_extraconjugais,,,,,,,,,,,,,
Diabetes,fadiga,perda_de_peso,agitação,letargia,nível_de_açúcar_irregular,visão_turva_e_distorcida,obesidade,fome_excessiva,apetite_aumentado,poliúria,,,,,,,
Gastroenterite,vómitos,olhos_encovados,desidratação,diarreia,,,,,,,,,,,,,
Asma Brônquica,fadiga,tosse,febre_alta,falta_de_ar,historial_familiar,expetoração_mucoide,,,,,,,,,,,
Hipertensão,dor_de_cabeça,dor_no_peito,tonturas,perda_de_equilíbrio,falta_de_concentração,,,,,,,,,,,,
Enxaqueca,acidez,indigestão,dor_de_cabeça,visão_turva_e_distorcida,fome_excessiva,rigidez_cervical,depressão,irritabilidade,perturbações_visuais,,,,,,,,
Espondilose Cervical,dor_nas_costas,fraqueza_nos_membros,dor_no_pescoço,tonturas,perda_de_equilíbrio,,,,,,,,,,,,
Paralisia (Hemorragia Cerebral),vómitos,dor_de_cabeça,fraqueza_num_lado_do_corpo,alteração_do_sensório,,,,,,,,,,,,,
Icterícia,comichão,vómitos,fadiga,perda_de_peso,febre_alta,pele_amarelada,urina_escura,dor_abdominal,,,,,,,,,
Malária,arrepios,vómitos,febre_alta,sudorese,dor_de_cabeça,náuseas,diarreia,dor_muscular,,,,,,,,,
Varicela,comichão,erupção_cutânea,fadiga,letargia,febre_alta,dor_de_cabeça,perda_de_apetite,febre_ligeira,gânglios_linfáticos_inchados,mal_estar,manchas_vermelhas_pelo_corpo,,,,,,
Dengue,erupção_cutânea,arrepios,dor_nas_articulações,vómitos,fadiga,febre_alta,dor_de_cabeça,náuseas,perda_de_apetite,dor_atrás_dos_olhos,dor_nas_costas,mal_estar,dor_muscular,manchas_vermelhas_pelo_corpo,,,
Febre Tifóide,arrepios,vómitos,fadiga,febre_alta,dor_de_cabeça,náuseas,obstipação,dor_abdominal,diarreia,aspeto_tóxico_(tifo),dor_na_barriga,,,,,,
Hepatite A,dor_nas_articulações,vómitos,pele_amarelada,urina_escura,náuseas,perda_de_apetite,dor_abdominal,diarreia,febre_ligeira,amarelecimento_dos_olhos,dor_muscular,,,,,,
Hepatite B,comichão,fadiga,letargia,pele_amarelada,urina_escura,perda_de_apetite,dor_abdominal,urina_amarela,amarelecimento_dos_olhos,mal_estar,receção_de_transfusão_de_sangue,receção_de_injeções_não_esterilizadas,,,,,
Hepatite C,fadiga,pele_amarelada,náuseas,perda_de_apetite,amarelecimento_dos_olhos,historial_familiar,,,,,,,,,,,
Hepatite D,dor_nas_articulações,vómitos,fadiga,pele_amarelada,urina_escura,náuseas,perda_de_apetite,dor_abdominal,amarelecimento_dos_olhos,,,,,,,,
Hepatite E,dor_nas_articulações,vómitos,fadiga,febre_alta,pele_amarelada,urina_escura,náuseas,perda_de_apetite,dor_abdominal,amarelecimento_dos_olhos,insuficiência_hepática_aguda,coma,hemorragia_gástrica,,,,
Hepatite Alcoólica,vómitos,pele_amarelada,dor_abdominal,inchaço_do_estômago,distensão_abdominal,historial_de_consumo_de_álcool,sobrecarga_de_fluidos,,,,,,,,,,
Tuberculose,arrepios,vómitos,fadiga,perda_de_peso,tosse,febre_alta,falta_de_ar,sudorese,perda_de_apetite,febre_ligeira,amarelecimento_dos_olhos,gânglios_linfáticos_inchados,mal_estar,fleuma,dor_no_peito,sangue_na_expetoração,
Constipação Comum,espirros_contínuos,arrepios,fadiga,tosse,febre_alta,dor_de_cabeça,gânglios_linfáticos_inchados,mal_estar,fleuma,irritação_da_garganta,vermelhidão_dos_olhos,pressão_sinusal,nariz_a_pingar,congestão,dor_no_peito,perda_de_olfato,dor_muscular
Pneumonia,arrepios,fadiga,tosse,febre_alta,falta_de_ar,sudorese,mal_estar,fleuma,dor_no_peito,frequência_cardíaca_elevada,expetoração_ferruginosa,,,,,,
Hemorroidas Dimórficas,obstipação,dor_durante_a_defecação,dor_na_região_anal,fezes_com_sangue,irritação_no_ânus,,,,,,,,,,,,
Ataque Cardíaco,vómitos,falta_de_ar,sudorese,dor_no_peito,,,,,,,,,,,,,
Varizes,fadiga,cãibras,equimoses,obesidade,pernas_inchadas,vasos_sanguíneos_dilatados,veias_proeminentes_na_barriga_da_perna,,,,,,,,,,
Hipotiroidismo,fadiga,aumento_de_peso,mãos_e_pés_frios,alterações_de_humor,letargia,tonturas,rosto_e_olhos_inchados,tiróide_aumentada,unhas_frágeis,extremidades_inchadas,depressão,irritabilidade,menstruação_anormal,,,,
Hipertiroidismo,fadiga,alterações_de_humor,perda_de_peso,agitação,sudorese,diarreia,frequência_cardíaca_elevada,fome_excessiva,fraqueza_muscular,irritabilidade,menstruação_anormal,,,,,,
Hipoglicemia,vómitos,fadiga,ansiedade,sudorese,dor_de_cabeça,náuseas,visão_turva_e_distorcida,fome_excessiva,lábios_secos_e_com_formigueiro,discurso_arrastado,irritabilidade,palpitações,,,,,
Osteoartrite,dor_nas_articulações,dor_no_pescoço,dor_no_joelho,dor_na_articulação_da_anca,inchaço_das_articulações,dor_ao_caminhar,,,,,,,,,,,
Artrite,fraqueza_muscular,rigidez_cervical,inchaço_das_articulações,rigidez_de_movimentos,dor_ao_caminhar,,,,,,,,,,,,
Vertigem Posicional Paroxística Benigna,vómitos,dor_de_cabeça,náuseas,movimentos_de_rotação,perda_de_equilíbrio,instabilidade,,,,,,,,,,,
Acne,erupção_cutânea,borbulhas_com_pus,pontos_negros,descamação,,,,,,,,,,,,,
Infeção do Trato Urinário,micção_ardente,desconforto_na_bexiga,odor_fétido_na_urina,sensação_contínua_de_urinar,,,,,,,,,,,,,
Psoríase,erupção_cutânea,dor_nas_articulações,descamação_da_pele,aspeto_prateado_na_pele,pequenas_depressões_nas_unhas,unhas_inflamadas,,,,,,,,,,,
Impétigo,erupção_cutânea,febre_alta,bolha,ferida_vermelha_à_volta_do_nariz,crostas_amarelas_com_exsudado,,,,,,,,,,,,
Infeção Fúngica,comichão,erupção_cutânea,erupções_cutâneas_nodulares,manchas_discrómicas,,,,,,,,,,,,,
Alergia,espirros_contínuos,tremores,arrepios,lacrimejo,,,,,,,,,,,,,
DRGE,dor_de_estômago,acidez,úlceras_na_língua,vómitos,tosse,dor_no_peito,,,,,,,,,,,
Colestase Crónica,comichão,vómitos,pele_amarelada,náuseas,perda_de_apetite,dor_abdominal,amarelecimento_dos_olhos,,,,,,,,,,
Reação a Medicamentos,comichão,erupção_cutânea,dor_de_estômago,micção_ardente,perdas_urinárias,,,,,,,,,,,,
Úlcera Péptica,vómitos,indigestão,perda_de_apetite,dor_abdominal,passagem_de_gases,comichão_interna,,,,,,,,,,,
SIDA,atrofia_muscular,manchas_na_garganta,febre_alta,contactos_extraconjugais,,,,,,,,,,,,,
Diabetes,fadiga,perda_de_peso,agitação,letargia,nível_de_açúcar_irregular,visão_turva_e_distorcida,obesidade,fome_excessiva,apetite_aumentado,poliúria,,,,,,,
Gastroenterite,vómitos,olhos_encovados,desidratação,diarreia,,,,,,,,,,,,,
Asma Brônquica,fadiga,tosse,febre_alta,falta_de_ar,historial_familiar,expetoração_mucoide,,,,,,,,,,,
Hipertensão,dor_de_cabeça,dor_no_peito,tonturas,perda_de_equilíbrio,falta_de_concentração,,,,,,,,,,,,
Enxaqueca,acidez,indigestão,dor_de_cabeça,visão_turva_e_distorcida,fome_excessiva,rigidez_cervical,depressão,irritabilidade,perturbações_visuais,,,,,,,,
Espondilose Cervical,dor_nas_costas,fraqueza_nos_membros,dor_no_pescoço,tonturas,perda_de_equilíbrio,,,,,,,,,,,,
Paralisia (Hemorragia Cerebral),vómitos,dor_de_cabeça,fraqueza_num_lado_do_corpo,alteração_do_sensório,,,,,,,,,,,,,
Icterícia,comichão,vómitos,fadiga,perda_de_peso,febre_alta,pele_amarelada,urina_escura,dor_abdominal,,,,,,,,,
Malária,arrepios,vómitos,febre_alta,sudorese,dor_de_cabeça,náuseas,diarreia,dor_muscular,,,,,,,,,
Varicela,comichão,erupção_cutânea,fadiga,letargia,febre_alta,dor_de_cabeça,perda_de_apetite,febre_ligeira,gânglios_linfáticos_inchados,mal_estar,manchas_vermelhas_pelo_corpo,,,,,,
Dengue,erupção_cutânea,arrepios,dor_nas_articulações,vómitos,fadiga,febre_alta,dor_de_cabeça,náuseas,perda_de_apetite,dor_atrás_dos_olhos,dor_nas_costas,mal_estar,dor_muscular,manchas_vermelhas_pelo_corpo,,,
Febre Tifóide,arrepios,vómitos,fadiga,febre_alta,dor_de_cabeça,náuseas,obstipação,dor_abdominal,diarreia,aspeto_tóxico_(tifo),dor_na_barriga,,,,,,
Hepatite A,dor_nas_articulações,vómitos,pele_amarelada,urina_escura,náuseas,perda_de_apetite,dor_abdominal,diarreia,febre_ligeira,amarelecimento_dos_olhos,dor_muscular,,,,,,
Hepatite B,comichão,fadiga,letargia,pele_amarelada,urina_escura,perda_de_apetite,dor_abdominal,urina_amarela,amarelecimento_dos_olhos,mal_estar,receção_de_transfusão_de_sangue,receção_de_injeções_não_esterilizadas,,,,,
Hepatite C,fadiga,pele_amarelada,náuseas,perda_de_apetite,amarelecimento_dos_olhos,historial_familiar,,,,,,,,,,,
Hepatite D,dor_nas_articulações,vómitos,fadiga,pele_amarelada,urina_escura,náuseas,perda_de_apetite,dor_abdominal,amarelecimento_dos_olhos,,,,,,,,
Hepatite E,dor_nas_articulações,vómitos,fadiga,febre_alta,pele_amarelada,urina_escura,náuseas,perda_de_apetite,dor_abdominal,amarelecimento_dos_olhos,insuficiência_hepática_aguda,coma,hemorragia_gástrica,,,,
Hepatite Alcoólica,vómitos,pele_amarelada,dor_abdominal,inchaço_do_estômago,distensão_abdominal,historial_de_consumo_de_álcool,sobrecarga_de_fluidos,,,,,,,,,,
Tuberculose,arrepios,vómitos,fadiga,perda_de_peso,tosse,febre_alta,falta_de_ar,sudorese,perda_de_apetite,febre_ligeira,amarelecimento_dos_olhos,gânglios_linfáticos_inchados,mal_estar,fleuma,dor_no_peito,sangue_na_expetoração,
Constipação Comum,espirros_contínuos,arrepios,fadiga,tosse,febre_alta,dor_de_cabeça,gânglios_linfáticos_inchados,mal_estar,fleuma,irritação_da_garganta,vermelhidão_dos_olhos,pressão_sinusal,nariz_a_pingar,congestão,dor_no_peito,perda_de_olfato,dor_muscular
Pneumonia,arrepios,fadiga,tosse,febre_alta,falta_de_ar,sudorese,mal_estar,fleuma,dor_no_peito,frequência_cardíaca_elevada,expetoração_ferruginosa,,,,,,
Hemorroidas Dimórficas,obstipação,dor_durante_a_defecação,dor_na_região_anal,fezes_com_sangue,irritação_no_ânus,,,,,,,,,,,,
Ataque Cardíaco,vómitos,falta_de_ar,sudorese,dor_no_peito,,,,,,,,,,,,,
Varizes,fadiga,cãibras,equimoses,obesidade,pernas_inchadas,vasos_sanguíneos_dilatados,veias_proeminentes_na_barriga_da_perna,,,,,,,,,,
Hipotiroidismo,fadiga,aumento_de_peso,mãos_e_pés_frios,alterações_de_humor,letargia,tonturas,rosto_e_olhos_inchados,tiróide_aumentada,unhas_frágeis,extremidades_inchadas,depressão,irritabilidade,menstruação_anormal,,,,
Hipertiroidismo,fadiga,alterações_de_humor,perda_de_peso,agitação,sudorese,diarreia,frequência_cardíaca_elevada,fome_excessiva,fraqueza_muscular,irritabilidade,menstruação_anormal,,,,,,
Hipoglicemia,vómitos,fadiga,ansiedade,sudorese,dor_de_cabeça,náuseas,visão_turva_e_distorcida,fome_excessiva,lábios_secos_e_com_formigueiro,discurso_arrastado,irritabilidade,palpitações,,,,,
Osteoartrite,dor_nas_articulações,dor_no_pescoço,dor_no_joelho,dor_na_articulação_da_anca,inchaço_das_articulações,dor_ao_caminhar,,,,,,,,,,,
Artrite,fraqueza_muscular,rigidez_cervical,inchaço_das_articulações,rigidez_de_movimentos,dor_ao_caminhar,,,,,,,,,,,,
Vertigem Posicional Paroxística Benigna,vómitos,dor_de_cabeça,náuseas,movimentos_de_rotação,perda_de_equilíbrio,instabilidade,,,,,,,,,,,
Acne,erupção_cutânea,borbulhas_com_pus,pontos_negros,descamação,,,,,,,,,,,,,
Infeção do Trato Urinário,micção_ardente,desconforto_na_bexiga,odor_fétido_na_urina,sensação_contínua_de_urinar,,,,,,,,,,,,,
Psoríase,erupção_cutânea,dor_nas_articulações,descamação_da_pele,aspeto_prateado_na_pele,pequenas_depressões_nas_unhas,unhas_inflamadas,,,,,,,,,,,
Impétigo,erupção_cutânea,febre_alta,bolha,ferida_vermelha_à_volta_do_nariz,crostas_amarelas_com_exsudado,,,,,,,,,,,,
Infeção Fúngica,comichão,erupção_cutânea,erupções_cutâneas_nodulares,manchas_discrómicas,,,,,,,,,,,,,
Alergia,espirros_contínuos,tremores,arrepios,lacrimejo,,,,,,,,,,,,,
DRGE,dor_de_estômago,acidez,úlceras_na_língua,vómitos,tosse,dor_no_peito,,,,,,,,,,,
Colestase Crónica,comichão,vómitos,pele_amarelada,náuseas,perda_de_apetite,dor_abdominal,amarelecimento_dos_olhos,,,,,,,,,,
Reação a Medicamentos,comichão,erupção_cutânea,dor_de_estômago,micção_ardente,perdas_urinárias,,,,,,,,,,,,
Úlcera Péptica,vómitos,indigestão,perda_de_apetite,dor_abdominal,passagem_de_gases,comichão_interna,,,,,,,,,,,
SIDA,atrofia_muscular,manchas_na_garganta,febre_alta,contactos_extraconjugais,,,,,,,,,,,,,
Diabetes,fadiga,perda_de_peso,agitação,letargia,nível_de_açúcar_irregular,visão_turva_e_distorcida,obesidade,fome_excessiva,apetite_aumentado,poliúria,,,,,,,
Gastroenterite,vómitos,olhos_encovados,desidratação,diarreia,,,,,,,,,,,,,
Asma Brônquica,fadiga,tosse,febre_alta,falta_de_ar,historial_familiar,expetoração_mucoide,,,,,,,,,,,
Hipertensão,dor_de_cabeça,dor_no_peito,tonturas,perda_de_equilíbrio,falta_de_concentração,,,,,,,,,,,,
Enxaqueca,acidez,indigestão,dor_de_cabeça,visão_turva_e_distorcida,fome_excessiva,rigidez_cervical,depressão,irritabilidade,perturbações_visuais,,,,,,,,
Espondilose Cervical,dor_nas_costas,fraqueza_nos_membros,dor_no_pescoço,tonturas,perda_de_equilíbrio,,,,,,,,,,,,
Paralisia (Hemorragia Cerebral),vómitos,dor_de_cabeça,fraqueza_num_lado_do_corpo,alteração_do_sensório,,,,,,,,,,,,,
Icterícia,comichão,vómitos,fadiga,perda_de_peso,febre_alta,pele_amarelada,urina_escura,dor_abdominal,,,,,,,,,
Malária,arrepios,vómitos,febre_alta,sudorese,dor_de_cabeça,náuseas,diarreia,dor_muscular,,,,,,,,,
Varicela,comichão,erupção_cutânea,fadiga,letargia,febre_alta,dor_de_cabeça,perda_de_apetite,febre_ligeira,gânglios_linfáticos_inchados,mal_estar,manchas_vermelhas_pelo_corpo,,,,,,
Dengue,erupção_cutânea,arrepios,dor_nas_articulações,vómitos,fadiga,febre_alta,dor_de_cabeça,náuseas,perda_de_apetite,dor_atrás_dos_olhos,dor_nas_costas,mal_estar,dor_muscular,manchas_vermelhas_pelo_corpo,,,
Febre Tifóide,arrepios,vómitos,fadiga,febre_alta,dor_de_cabeça,náuseas,obstipação,dor_abdominal,diarreia,aspeto_tóxico_(tifo),dor_na_barriga,,,,,,
Hepatite A,dor_nas_articulações,vómitos,pele_amarelada,urina_escura,náuseas,perda_de_apetite,dor_abdominal,diarreia,febre_ligeira,amarelecimento_dos_olhos,dor_muscular,,,,,,
Hepatite B,comichão,fadiga,letargia,pele_amarelada,urina_escura,perda_de_apetite,dor_abdominal,urina_amarela,amarelecimento_dos_olhos,mal_estar,receção_de_transfusão_de_sangue,receção_de_injeções_não_esterilizadas,,,,,
Hepatite C,fadiga,pele_amarelada,náuseas,perda_de_apetite,amarelecimento_dos_olhos,historial_familiar,,,,,,,,,,,
Hepatite D,dor_nas_articulações,vómitos,fadiga,pele_amarelada,urina_escura,náuseas,perda_de_apetite,dor_abdominal,amarelecimento_dos_olhos,,,,,,,,
Hepatite E,dor_nas_articulações,vómitos,fadiga,febre_alta,pele_amarelada,urina_escura,náuseas,perda_de_apetite,dor_abdominal,amarelecimento_dos_olhos,insuficiência_hepática_aguda,coma,hemorragia_gástrica,,,,
Hepatite Alcoólica,vómitos,pele_amarelada,dor_abdominal,inchaço_do_estômago,distensão_abdominal,historial_de_consumo_de_álcool,sobrecarga_de_fluidos,,,,,,,,,,
Tuberculose,arrepios,vómitos,fadiga,perda_de_peso,tosse,febre_alta,falta_de_ar,sudorese,perda_de_apetite,febre_ligeira,amarelecimento_dos_olhos,gânglios_linfáticos_inchados,mal_estar,fleuma,dor_no_peito,sangue_na_expetoração,
Constipação Comum,espirros_contínuos,arrepios,fadiga,tosse,febre_alta,dor_de_cabeça,gânglios_linfáticos_inchados,mal_estar,fleuma,irritação_da_garganta,vermelhidão_dos_olhos,pressão_sinusal,nariz_a_pingar,congestão,dor_no_peito,perda_de_olfato,dor_muscular
Pneumonia,arrepios,fadiga,tosse,febre_alta,falta_de_ar,sudorese,mal_estar,fleuma,dor_no_peito,frequência_cardíaca_elevada,expetoração_ferruginosa,,,,,,
Hemorroidas Dimórficas,obstipação,dor_durante_a_defecação,dor_na_região_anal,fezes_com_sangue,irritação_no_ânus,,,,,,,,,,,,
Ataque Cardíaco,vómitos,falta_de_ar,sudorese,dor_no_peito,,,,,,,,,,,,,
Varizes,fadiga,cãibras,equimoses,obesidade,pernas_inchadas,vasos_sanguíneos_dilatados,veias_proeminentes_na_barriga_da_perna,,,,,,,,,,
Hipotiroidismo,fadiga,aumento_de_peso,mãos_e_pés_frios,alterações_de_humor,letargia,tonturas,rosto_e_olhos_inchados,tiróide_aumentada,unhas_frágeis,extremidades_inchadas,depressão,irritabilidade,menstruação_anormal,,,,
Hipertiroidismo,fadiga,alterações_de_humor,perda_de_peso,agitação,sudorese,diarreia,frequência_cardíaca_elevada,fome_excessiva,fraqueza_muscular,irritabilidade,menstruação_anormal,,,,,,
Hipoglicemia,vómitos,fadiga,ansiedade,sudorese,dor_de_cabeça,náuseas,visão_turva_e_distorcida,fome_excessiva,lábios_secos_e_com_formigueiro,discurso_arrastado,irritabilidade,palpitações,,,,,
Osteoartrite,dor_nas_articulações,dor_no_pescoço,dor_no_joelho,dor_na_articulação_da_anca,inchaço_das_articulações,dor_ao_caminhar,,,,,,,,,,,
Artrite,fraqueza_muscular,rigidez_cervical,inchaço_das_articulações,rigidez_de_movimentos,dor_ao_caminhar,,,,,,,,,,,,
Vertigem Posicional Paroxística Benigna,vómitos,dor_de_cabeça,náuseas,movimentos_de_rotação,perda_de_equilíbrio,instabilidade,,,,,,,,,,,
Acne,erupção_cutânea,borbulhas_com_pus,pontos_negros,descamação,,,,,,,,,,,,,
Infeção do Trato Urinário,micção_ardente,desconforto_na_bexiga,odor_fétido_na_urina,sensação_contínua_de_urinar,,,,,,,,,,,,,
Psoríase,erupção_cutânea,dor_nas_articulações,descamação_da_pele,aspeto_prateado_na_pele,pequenas_depressões_nas_unhas,unhas_inflamadas,,,,,,,,,,,
Impétigo,erupção_cutânea,febre_alta,bolha,ferida_vermelha_à_volta_do_nariz,crostas_amarelas_com_exsudado,,,,,,,,,,,,
